category,object_type,object_name,animation,frame_index,copied_file,source_file,atlas_x,atlas_y,width,height,origin_x,origin_y
body,t826,player_skin_aika,idle_down,0,body/player_skin_aika-sheet0.png,images/player_skin_aika-sheet0.png,1,1,30,30,0.5,0.5
body,t826,player_skin_aika,idle_up,0,body/player_skin_aika-sheet0.png,images/player_skin_aika-sheet0.png,33,1,30,30,0.5,0.5
body,t826,player_skin_aika,idle_right,0,body/player_skin_aika-sheet0.png,images/player_skin_aika-sheet0.png,65,1,30,30,0.5,0.5
body,t826,player_skin_aika,idle_left,0,body/player_skin_aika-sheet0.png,images/player_skin_aika-sheet0.png,97,1,30,30,0.5,0.5
body,t826,player_skin_aika,run_down,0,body/player_skin_aika-sheet0.png,images/player_skin_aika-sheet0.png,1,33,30,30,0.5,0.5
body,t826,player_skin_aika,run_down,1,body/player_skin_aika-sheet0.png,images/player_skin_aika-sheet0.png,33,33,30,30,0.5,0.5
body,t826,player_skin_aika,run_down,2,body/player_skin_aika-sheet0.png,images/player_skin_aika-sheet0.png,65,33,30,30,0.5,0.5
body,t826,player_skin_aika,run_down,3,body/player_skin_aika-sheet0.png,images/player_skin_aika-sheet0.png,97,33,30,30,0.5,0.5
body,t826,player_skin_aika,run_up,0,body/player_skin_aika-sheet0.png,images/player_skin_aika-sheet0.png,1,65,30,30,0.5,0.5
body,t826,player_skin_aika,run_up,1,body/player_skin_aika-sheet0.png,images/player_skin_aika-sheet0.png,33,65,30,30,0.5,0.5
body,t826,player_skin_aika,run_up,2,body/player_skin_aika-sheet0.png,images/player_skin_aika-sheet0.png,65,65,30,30,0.5,0.5
body,t826,player_skin_aika,run_up,3,body/player_skin_aika-sheet0.png,images/player_skin_aika-sheet0.png,97,65,30,30,0.5,0.5
body,t826,player_skin_aika,run_right,0,body/player_skin_aika-sheet0.png,images/player_skin_aika-sheet0.png,1,97,30,30,0.5,0.5
body,t826,player_skin_aika,run_right,1,body/player_skin_aika-sheet0.png,images/player_skin_aika-sheet0.png,33,97,30,30,0.5,0.5
body,t826,player_skin_aika,run_right,2,body/player_skin_aika-sheet0.png,images/player_skin_aika-sheet0.png,65,97,30,30,0.5,0.5
body,t826,player_skin_aika,run_right,3,body/player_skin_aika-sheet0.png,images/player_skin_aika-sheet0.png,97,97,30,30,0.5,0.5
body,t826,player_skin_aika,run_left,0,body/player_skin_aika-sheet1.png,images/player_skin_aika-sheet1.png,1,1,30,30,0.5,0.5
body,t826,player_skin_aika,run_left,1,body/player_skin_aika-sheet1.png,images/player_skin_aika-sheet1.png,33,1,30,30,0.5,0.5
body,t826,player_skin_aika,run_left,2,body/player_skin_aika-sheet1.png,images/player_skin_aika-sheet1.png,65,1,30,30,0.5,0.5
body,t826,player_skin_aika,run_left,3,body/player_skin_aika-sheet1.png,images/player_skin_aika-sheet1.png,97,1,30,30,0.5,0.5
body,t826,player_skin_aika,axe_up,0,body/player_skin_aika-sheet1.png,images/player_skin_aika-sheet1.png,1,33,30,30,0.5,0.5
body,t826,player_skin_aika,axe_up,1,body/player_skin_aika-sheet1.png,images/player_skin_aika-sheet1.png,33,33,30,30,0.5,0.5
body,t826,player_skin_aika,axe_up,2,body/player_skin_aika-sheet1.png,images/player_skin_aika-sheet1.png,1,33,30,30,0.5,0.5
body,t826,player_skin_aika,axe_down,0,body/player_skin_aika-sheet1.png,images/player_skin_aika-sheet1.png,65,33,30,30,0.5,0.5
body,t826,player_skin_aika,axe_down,1,body/player_skin_aika-sheet1.png,images/player_skin_aika-sheet1.png,97,33,30,30,0.5,0.5
body,t826,player_skin_aika,axe_down,2,body/player_skin_aika-sheet1.png,images/player_skin_aika-sheet1.png,65,33,30,30,0.5,0.5
body,t826,player_skin_aika,axe_left,0,body/player_skin_aika-sheet1.png,images/player_skin_aika-sheet1.png,1,65,30,30,0.5,0.5
body,t826,player_skin_aika,axe_left,1,body/player_skin_aika-sheet1.png,images/player_skin_aika-sheet1.png,33,65,30,30,0.5,0.5
body,t826,player_skin_aika,axe_left,2,body/player_skin_aika-sheet1.png,images/player_skin_aika-sheet1.png,1,65,30,30,0.5,0.5
body,t826,player_skin_aika,axe_right,0,body/player_skin_aika-sheet1.png,images/player_skin_aika-sheet1.png,65,65,30,30,0.5,0.5
body,t826,player_skin_aika,axe_right,1,body/player_skin_aika-sheet1.png,images/player_skin_aika-sheet1.png,97,65,30,30,0.5,0.5
body,t826,player_skin_aika,axe_right,2,body/player_skin_aika-sheet1.png,images/player_skin_aika-sheet1.png,65,65,30,30,0.5,0.5
body,t826,player_skin_aika,pistol_up,0,body/player_skin_aika-sheet1.png,images/player_skin_aika-sheet1.png,1,97,30,30,0.5,0.5
body,t826,player_skin_aika,pistol_down,0,body/player_skin_aika-sheet1.png,images/player_skin_aika-sheet1.png,33,97,30,30,0.5,0.5
body,t826,player_skin_aika,pistol_left,0,body/player_skin_aika-sheet1.png,images/player_skin_aika-sheet1.png,65,97,30,30,0.5,0.5
body,t826,player_skin_aika,pistol_right,0,body/player_skin_aika-sheet1.png,images/player_skin_aika-sheet1.png,97,97,30,30,0.5,0.5
body,t826,player_skin_aika,twohand_up,0,body/player_skin_aika-sheet2.png,images/player_skin_aika-sheet2.png,1,1,30,30,0.5,0.5
body,t826,player_skin_aika,twohand_down,0,body/player_skin_aika-sheet1.png,images/player_skin_aika-sheet1.png,97,33,30,30,0.5,0.5
body,t826,player_skin_aika,twohand_left,0,body/player_skin_aika-sheet2.png,images/player_skin_aika-sheet2.png,33,1,30,30,0.5,0.5
body,t826,player_skin_aika,twohand_right,0,body/player_skin_aika-sheet2.png,images/player_skin_aika-sheet2.png,65,1,30,30,0.5,0.5
body,t826,player_skin_aika,using_item,0,body/player_skin_aika-sheet2.png,images/player_skin_aika-sheet2.png,97,1,30,30,0.5,0.5
body,t826,player_skin_aika,using_item,1,body/player_skin_aika-sheet2.png,images/player_skin_aika-sheet2.png,1,33,30,30,0.5,0.5
body,t826,player_skin_aika,using_item,2,body/player_skin_aika-sheet2.png,images/player_skin_aika-sheet2.png,33,33,30,30,0.5,0.5
body,t826,player_skin_aika,using_item,3,body/player_skin_aika-sheet2.png,images/player_skin_aika-sheet2.png,1,33,30,30,0.5,0.5
body,t743,player_skin_bandit,idle_down,0,body/player_skin_bandit-sheet0.png,images/player_skin_bandit-sheet0.png,1,1,30,30,0.5,0.5
body,t743,player_skin_bandit,idle_up,0,body/player_skin_bandit-sheet0.png,images/player_skin_bandit-sheet0.png,33,1,30,30,0.5,0.5
body,t743,player_skin_bandit,idle_right,0,body/player_skin_bandit-sheet0.png,images/player_skin_bandit-sheet0.png,65,1,30,30,0.5,0.5
body,t743,player_skin_bandit,idle_left,0,body/player_skin_bandit-sheet0.png,images/player_skin_bandit-sheet0.png,97,1,30,30,0.5,0.5
body,t743,player_skin_bandit,run_down,0,body/player_skin_bandit-sheet0.png,images/player_skin_bandit-sheet0.png,1,33,30,30,0.5,0.5
body,t743,player_skin_bandit,run_down,1,body/player_skin_bandit-sheet0.png,images/player_skin_bandit-sheet0.png,33,33,30,30,0.5,0.5
body,t743,player_skin_bandit,run_down,2,body/player_skin_bandit-sheet0.png,images/player_skin_bandit-sheet0.png,65,33,30,30,0.5,0.5
body,t743,player_skin_bandit,run_down,3,body/player_skin_bandit-sheet0.png,images/player_skin_bandit-sheet0.png,97,33,30,30,0.5,0.5
body,t743,player_skin_bandit,run_up,0,body/player_skin_bandit-sheet0.png,images/player_skin_bandit-sheet0.png,1,65,30,30,0.5,0.5
body,t743,player_skin_bandit,run_up,1,body/player_skin_bandit-sheet0.png,images/player_skin_bandit-sheet0.png,33,65,30,30,0.5,0.5
body,t743,player_skin_bandit,run_up,2,body/player_skin_bandit-sheet0.png,images/player_skin_bandit-sheet0.png,65,65,30,30,0.5,0.5
body,t743,player_skin_bandit,run_up,3,body/player_skin_bandit-sheet0.png,images/player_skin_bandit-sheet0.png,97,65,30,30,0.5,0.5
body,t743,player_skin_bandit,run_right,0,body/player_skin_bandit-sheet0.png,images/player_skin_bandit-sheet0.png,1,97,30,30,0.5,0.5
body,t743,player_skin_bandit,run_right,1,body/player_skin_bandit-sheet0.png,images/player_skin_bandit-sheet0.png,33,97,30,30,0.5,0.5
body,t743,player_skin_bandit,run_right,2,body/player_skin_bandit-sheet0.png,images/player_skin_bandit-sheet0.png,65,97,30,30,0.5,0.5
body,t743,player_skin_bandit,run_right,3,body/player_skin_bandit-sheet0.png,images/player_skin_bandit-sheet0.png,97,97,30,30,0.5,0.5
body,t743,player_skin_bandit,run_left,0,body/player_skin_bandit-sheet1.png,images/player_skin_bandit-sheet1.png,1,1,30,30,0.5,0.5
body,t743,player_skin_bandit,run_left,1,body/player_skin_bandit-sheet1.png,images/player_skin_bandit-sheet1.png,33,1,30,30,0.5,0.5
body,t743,player_skin_bandit,run_left,2,body/player_skin_bandit-sheet1.png,images/player_skin_bandit-sheet1.png,65,1,30,30,0.5,0.5
body,t743,player_skin_bandit,run_left,3,body/player_skin_bandit-sheet1.png,images/player_skin_bandit-sheet1.png,97,1,30,30,0.5,0.5
body,t743,player_skin_bandit,axe_up,0,body/player_skin_bandit-sheet1.png,images/player_skin_bandit-sheet1.png,1,33,30,30,0.5,0.5
body,t743,player_skin_bandit,axe_up,1,body/player_skin_bandit-sheet1.png,images/player_skin_bandit-sheet1.png,33,33,30,30,0.5,0.5
body,t743,player_skin_bandit,axe_up,2,body/player_skin_bandit-sheet1.png,images/player_skin_bandit-sheet1.png,1,33,30,30,0.5,0.5
body,t743,player_skin_bandit,axe_down,0,body/player_skin_bandit-sheet1.png,images/player_skin_bandit-sheet1.png,65,33,30,30,0.5,0.5
body,t743,player_skin_bandit,axe_down,1,body/player_skin_bandit-sheet1.png,images/player_skin_bandit-sheet1.png,97,33,30,30,0.5,0.5
body,t743,player_skin_bandit,axe_down,2,body/player_skin_bandit-sheet1.png,images/player_skin_bandit-sheet1.png,65,33,30,30,0.5,0.5
body,t743,player_skin_bandit,axe_left,0,body/player_skin_bandit-sheet1.png,images/player_skin_bandit-sheet1.png,1,65,30,30,0.5,0.5
body,t743,player_skin_bandit,axe_left,1,body/player_skin_bandit-sheet1.png,images/player_skin_bandit-sheet1.png,33,65,30,30,0.5,0.5
body,t743,player_skin_bandit,axe_left,2,body/player_skin_bandit-sheet1.png,images/player_skin_bandit-sheet1.png,1,65,30,30,0.5,0.5
body,t743,player_skin_bandit,axe_right,0,body/player_skin_bandit-sheet1.png,images/player_skin_bandit-sheet1.png,65,65,30,30,0.5,0.5
body,t743,player_skin_bandit,axe_right,1,body/player_skin_bandit-sheet1.png,images/player_skin_bandit-sheet1.png,97,65,30,30,0.5,0.5
body,t743,player_skin_bandit,axe_right,2,body/player_skin_bandit-sheet1.png,images/player_skin_bandit-sheet1.png,65,65,30,30,0.5,0.5
body,t743,player_skin_bandit,pistol_up,0,body/player_skin_bandit-sheet1.png,images/player_skin_bandit-sheet1.png,1,97,30,30,0.5,0.5
body,t743,player_skin_bandit,pistol_down,0,body/player_skin_bandit-sheet1.png,images/player_skin_bandit-sheet1.png,33,97,30,30,0.5,0.5
body,t743,player_skin_bandit,pistol_left,0,body/player_skin_bandit-sheet1.png,images/player_skin_bandit-sheet1.png,65,97,30,30,0.5,0.5
body,t743,player_skin_bandit,pistol_right,0,body/player_skin_bandit-sheet1.png,images/player_skin_bandit-sheet1.png,97,97,30,30,0.5,0.5
body,t743,player_skin_bandit,twohand_up,0,body/player_skin_bandit-sheet2.png,images/player_skin_bandit-sheet2.png,1,1,30,30,0.5,0.5
body,t743,player_skin_bandit,twohand_down,0,body/player_skin_bandit-sheet2.png,images/player_skin_bandit-sheet2.png,33,1,30,30,0.5,0.5
body,t743,player_skin_bandit,twohand_left,0,body/player_skin_bandit-sheet2.png,images/player_skin_bandit-sheet2.png,65,1,30,30,0.5,0.5
body,t743,player_skin_bandit,twohand_right,0,body/player_skin_bandit-sheet2.png,images/player_skin_bandit-sheet2.png,97,1,30,30,0.5,0.5
body,t743,player_skin_bandit,using_item,0,body/player_skin_bandit-sheet2.png,images/player_skin_bandit-sheet2.png,1,33,30,30,0.5,0.5
body,t743,player_skin_bandit,using_item,1,body/player_skin_bandit-sheet2.png,images/player_skin_bandit-sheet2.png,33,33,30,30,0.5,0.5
body,t743,player_skin_bandit,using_item,2,body/player_skin_bandit-sheet2.png,images/player_skin_bandit-sheet2.png,65,33,30,30,0.5,0.5
body,t743,player_skin_bandit,using_item,3,body/player_skin_bandit-sheet2.png,images/player_skin_bandit-sheet2.png,33,33,30,30,0.5,0.5
body,t744,player_skin_biker,idle_down,0,body/player_skin_biker-sheet0.png,images/player_skin_biker-sheet0.png,1,1,30,30,0.5,0.5
body,t744,player_skin_biker,idle_up,0,body/player_skin_biker-sheet0.png,images/player_skin_biker-sheet0.png,33,1,30,30,0.5,0.5
body,t744,player_skin_biker,idle_right,0,body/player_skin_biker-sheet0.png,images/player_skin_biker-sheet0.png,65,1,30,30,0.5,0.5
body,t744,player_skin_biker,idle_left,0,body/player_skin_biker-sheet0.png,images/player_skin_biker-sheet0.png,97,1,30,30,0.5,0.5
body,t744,player_skin_biker,run_down,0,body/player_skin_biker-sheet0.png,images/player_skin_biker-sheet0.png,1,33,30,30,0.5,0.5
body,t744,player_skin_biker,run_down,1,body/player_skin_biker-sheet0.png,images/player_skin_biker-sheet0.png,33,33,30,30,0.5,0.5
body,t744,player_skin_biker,run_down,2,body/player_skin_biker-sheet0.png,images/player_skin_biker-sheet0.png,65,33,30,30,0.5,0.5
body,t744,player_skin_biker,run_down,3,body/player_skin_biker-sheet0.png,images/player_skin_biker-sheet0.png,97,33,30,30,0.5,0.5
body,t744,player_skin_biker,run_up,0,body/player_skin_biker-sheet0.png,images/player_skin_biker-sheet0.png,1,65,30,30,0.5,0.5
body,t744,player_skin_biker,run_up,1,body/player_skin_biker-sheet0.png,images/player_skin_biker-sheet0.png,33,65,30,30,0.5,0.5
body,t744,player_skin_biker,run_up,2,body/player_skin_biker-sheet0.png,images/player_skin_biker-sheet0.png,65,65,30,30,0.5,0.5
body,t744,player_skin_biker,run_up,3,body/player_skin_biker-sheet0.png,images/player_skin_biker-sheet0.png,97,65,30,30,0.5,0.5
body,t744,player_skin_biker,run_right,0,body/player_skin_biker-sheet0.png,images/player_skin_biker-sheet0.png,1,97,30,30,0.5,0.5
body,t744,player_skin_biker,run_right,1,body/player_skin_biker-sheet0.png,images/player_skin_biker-sheet0.png,33,97,30,30,0.5,0.5
body,t744,player_skin_biker,run_right,2,body/player_skin_biker-sheet0.png,images/player_skin_biker-sheet0.png,65,97,30,30,0.5,0.5
body,t744,player_skin_biker,run_right,3,body/player_skin_def_3-sheet0.png,images/player_skin_def_3-sheet0.png,97,97,30,30,0.5,0.5
body,t744,player_skin_biker,run_left,0,body/player_skin_biker-sheet0.png,images/player_skin_biker-sheet0.png,97,97,30,30,0.5,0.5
body,t744,player_skin_biker,run_left,1,body/player_skin_biker-sheet1.png,images/player_skin_biker-sheet1.png,1,1,30,30,0.5,0.5
body,t744,player_skin_biker,run_left,2,body/player_skin_biker-sheet1.png,images/player_skin_biker-sheet1.png,33,1,30,30,0.5,0.5
body,t744,player_skin_biker,run_left,3,body/player_skin_biker-sheet1.png,images/player_skin_biker-sheet1.png,65,1,30,30,0.5,0.5
body,t744,player_skin_biker,axe_up,0,body/player_skin_biker-sheet1.png,images/player_skin_biker-sheet1.png,97,1,30,30,0.5,0.5
body,t744,player_skin_biker,axe_up,1,body/player_skin_biker-sheet1.png,images/player_skin_biker-sheet1.png,1,33,30,30,0.5,0.5
body,t744,player_skin_biker,axe_up,2,body/player_skin_biker-sheet1.png,images/player_skin_biker-sheet1.png,97,1,30,30,0.5,0.5
body,t744,player_skin_biker,axe_down,0,body/player_skin_biker-sheet1.png,images/player_skin_biker-sheet1.png,33,33,30,30,0.5,0.5
body,t744,player_skin_biker,axe_down,1,body/player_skin_def_3-sheet1.png,images/player_skin_def_3-sheet1.png,97,33,30,30,0.5,0.5
body,t744,player_skin_biker,axe_down,2,body/player_skin_def_3-sheet1.png,images/player_skin_def_3-sheet1.png,65,33,30,30,0.5,0.5
body,t744,player_skin_biker,axe_left,0,body/player_skin_biker-sheet1.png,images/player_skin_biker-sheet1.png,65,33,30,30,0.5,0.5
body,t744,player_skin_biker,axe_left,1,body/player_skin_biker-sheet1.png,images/player_skin_biker-sheet1.png,97,33,30,30,0.5,0.5
body,t744,player_skin_biker,axe_left,2,body/player_skin_biker-sheet1.png,images/player_skin_biker-sheet1.png,65,33,30,30,0.5,0.5
body,t744,player_skin_biker,axe_right,0,body/player_skin_biker-sheet1.png,images/player_skin_biker-sheet1.png,1,65,30,30,0.5,0.5
body,t744,player_skin_biker,axe_right,1,body/player_skin_biker-sheet1.png,images/player_skin_biker-sheet1.png,33,65,30,30,0.5,0.5
body,t744,player_skin_biker,axe_right,2,body/player_skin_biker-sheet1.png,images/player_skin_biker-sheet1.png,1,65,30,30,0.5,0.5
body,t744,player_skin_biker,pistol_up,0,body/player_skin_biker-sheet1.png,images/player_skin_biker-sheet1.png,65,65,30,30,0.5,0.5
body,t744,player_skin_biker,pistol_down,0,body/player_skin_biker-sheet1.png,images/player_skin_biker-sheet1.png,97,65,30,30,0.5,0.5
body,t744,player_skin_biker,pistol_left,0,body/player_skin_biker-sheet1.png,images/player_skin_biker-sheet1.png,1,97,30,30,0.5,0.5
body,t744,player_skin_biker,pistol_right,0,body/player_skin_biker-sheet1.png,images/player_skin_biker-sheet1.png,33,97,30,30,0.5,0.5
body,t744,player_skin_biker,twohand_up,0,body/player_skin_biker-sheet1.png,images/player_skin_biker-sheet1.png,65,97,30,30,0.5,0.5
body,t744,player_skin_biker,twohand_down,0,body/player_skin_biker-sheet1.png,images/player_skin_biker-sheet1.png,97,97,30,30,0.5,0.5
body,t744,player_skin_biker,twohand_left,0,body/player_skin_biker-sheet2.png,images/player_skin_biker-sheet2.png,1,1,30,30,0.5,0.5
body,t744,player_skin_biker,twohand_right,0,body/player_skin_biker-sheet2.png,images/player_skin_biker-sheet2.png,33,1,30,30,0.5,0.5
body,t744,player_skin_biker,using_item,0,body/player_skin_biker-sheet2.png,images/player_skin_biker-sheet2.png,65,1,30,30,0.5,0.5
body,t744,player_skin_biker,using_item,1,body/player_skin_biker-sheet2.png,images/player_skin_biker-sheet2.png,97,1,30,30,0.5,0.5
body,t744,player_skin_biker,using_item,2,body/player_skin_biker-sheet2.png,images/player_skin_biker-sheet2.png,1,33,30,30,0.5,0.5
body,t744,player_skin_biker,using_item,3,body/player_skin_biker-sheet2.png,images/player_skin_biker-sheet2.png,97,1,30,30,0.5,0.5
body,t745,player_skin_boxer,idle_down,0,body/player_skin_boxer-sheet0.png,images/player_skin_boxer-sheet0.png,1,1,30,30,0.5,0.5
body,t745,player_skin_boxer,idle_up,0,body/player_skin_boxer-sheet0.png,images/player_skin_boxer-sheet0.png,33,1,30,30,0.5,0.5
body,t745,player_skin_boxer,idle_right,0,body/player_skin_boxer-sheet0.png,images/player_skin_boxer-sheet0.png,65,1,30,30,0.5,0.5
body,t745,player_skin_boxer,idle_left,0,body/player_skin_boxer-sheet0.png,images/player_skin_boxer-sheet0.png,97,1,30,30,0.5,0.5
body,t745,player_skin_boxer,run_down,0,body/player_skin_boxer-sheet0.png,images/player_skin_boxer-sheet0.png,1,33,30,30,0.5,0.5
body,t745,player_skin_boxer,run_down,1,body/player_skin_boxer-sheet0.png,images/player_skin_boxer-sheet0.png,33,33,30,30,0.5,0.5
body,t745,player_skin_boxer,run_down,2,body/player_skin_boxer-sheet0.png,images/player_skin_boxer-sheet0.png,65,33,30,30,0.5,0.5
body,t745,player_skin_boxer,run_down,3,body/player_skin_boxer-sheet0.png,images/player_skin_boxer-sheet0.png,97,33,30,30,0.5,0.5
body,t745,player_skin_boxer,run_up,0,body/player_skin_boxer-sheet0.png,images/player_skin_boxer-sheet0.png,1,65,30,30,0.5,0.5
body,t745,player_skin_boxer,run_up,1,body/player_skin_boxer-sheet0.png,images/player_skin_boxer-sheet0.png,33,65,30,30,0.5,0.5
body,t745,player_skin_boxer,run_up,2,body/player_skin_boxer-sheet0.png,images/player_skin_boxer-sheet0.png,65,65,30,30,0.5,0.5
body,t745,player_skin_boxer,run_up,3,body/player_skin_boxer-sheet0.png,images/player_skin_boxer-sheet0.png,97,65,30,30,0.5,0.5
body,t745,player_skin_boxer,run_right,0,body/player_skin_boxer-sheet0.png,images/player_skin_boxer-sheet0.png,1,97,30,30,0.5,0.5
body,t745,player_skin_boxer,run_right,1,body/player_skin_boxer-sheet0.png,images/player_skin_boxer-sheet0.png,33,97,30,30,0.5,0.5
body,t745,player_skin_boxer,run_right,2,body/player_skin_boxer-sheet0.png,images/player_skin_boxer-sheet0.png,65,97,30,30,0.5,0.5
body,t745,player_skin_boxer,run_right,3,body/player_skin_boxer-sheet0.png,images/player_skin_boxer-sheet0.png,97,97,30,30,0.5,0.5
body,t745,player_skin_boxer,run_left,0,body/player_skin_boxer-sheet1.png,images/player_skin_boxer-sheet1.png,1,1,30,30,0.5,0.5
body,t745,player_skin_boxer,run_left,1,body/player_skin_boxer-sheet1.png,images/player_skin_boxer-sheet1.png,33,1,30,30,0.5,0.5
body,t745,player_skin_boxer,run_left,2,body/player_skin_boxer-sheet1.png,images/player_skin_boxer-sheet1.png,65,1,30,30,0.5,0.5
body,t745,player_skin_boxer,run_left,3,body/player_skin_boxer-sheet1.png,images/player_skin_boxer-sheet1.png,97,1,30,30,0.5,0.5
body,t745,player_skin_boxer,axe_up,0,body/player_skin_boxer-sheet1.png,images/player_skin_boxer-sheet1.png,1,33,30,30,0.5,0.5
body,t745,player_skin_boxer,axe_up,1,body/player_skin_boxer-sheet1.png,images/player_skin_boxer-sheet1.png,33,33,30,30,0.5,0.5
body,t745,player_skin_boxer,axe_up,2,body/player_skin_boxer-sheet1.png,images/player_skin_boxer-sheet1.png,1,33,30,30,0.5,0.5
body,t745,player_skin_boxer,axe_down,0,body/player_skin_boxer-sheet1.png,images/player_skin_boxer-sheet1.png,65,33,30,30,0.5,0.5
body,t745,player_skin_boxer,axe_down,1,body/player_skin_boxer-sheet1.png,images/player_skin_boxer-sheet1.png,97,33,30,30,0.5,0.5
body,t745,player_skin_boxer,axe_down,2,body/player_skin_boxer-sheet1.png,images/player_skin_boxer-sheet1.png,65,33,30,30,0.5,0.5
body,t745,player_skin_boxer,axe_left,0,body/player_skin_boxer-sheet1.png,images/player_skin_boxer-sheet1.png,1,65,30,30,0.5,0.5
body,t745,player_skin_boxer,axe_left,1,body/player_skin_boxer-sheet1.png,images/player_skin_boxer-sheet1.png,33,65,30,30,0.5,0.5
body,t745,player_skin_boxer,axe_left,2,body/player_skin_boxer-sheet1.png,images/player_skin_boxer-sheet1.png,1,65,30,30,0.5,0.5
body,t745,player_skin_boxer,axe_right,0,body/player_skin_boxer-sheet1.png,images/player_skin_boxer-sheet1.png,65,65,30,30,0.5,0.5
body,t745,player_skin_boxer,axe_right,1,body/player_skin_boxer-sheet1.png,images/player_skin_boxer-sheet1.png,97,65,30,30,0.5,0.5
body,t745,player_skin_boxer,axe_right,2,body/player_skin_boxer-sheet1.png,images/player_skin_boxer-sheet1.png,65,65,30,30,0.5,0.5
body,t745,player_skin_boxer,pistol_up,0,body/player_skin_boxer-sheet1.png,images/player_skin_boxer-sheet1.png,1,97,30,30,0.5,0.5
body,t745,player_skin_boxer,pistol_down,0,body/player_skin_boxer-sheet1.png,images/player_skin_boxer-sheet1.png,33,97,30,30,0.5,0.5
body,t745,player_skin_boxer,pistol_left,0,body/player_skin_boxer-sheet1.png,images/player_skin_boxer-sheet1.png,65,97,30,30,0.5,0.5
body,t745,player_skin_boxer,pistol_right,0,body/player_skin_boxer-sheet1.png,images/player_skin_boxer-sheet1.png,97,97,30,30,0.5,0.5
body,t745,player_skin_boxer,twohand_up,0,body/player_skin_boxer-sheet2.png,images/player_skin_boxer-sheet2.png,1,1,30,30,0.5,0.5
body,t745,player_skin_boxer,twohand_down,0,body/player_skin_boxer-sheet2.png,images/player_skin_boxer-sheet2.png,33,1,30,30,0.5,0.5
body,t745,player_skin_boxer,twohand_left,0,body/player_skin_boxer-sheet2.png,images/player_skin_boxer-sheet2.png,65,1,30,30,0.5,0.5
body,t745,player_skin_boxer,twohand_right,0,body/player_skin_boxer-sheet2.png,images/player_skin_boxer-sheet2.png,97,1,30,30,0.5,0.5
body,t745,player_skin_boxer,using_item,0,body/player_skin_boxer-sheet2.png,images/player_skin_boxer-sheet2.png,1,33,30,30,0.5,0.5
body,t745,player_skin_boxer,using_item,1,body/player_skin_boxer-sheet2.png,images/player_skin_boxer-sheet2.png,33,33,30,30,0.5,0.5
body,t745,player_skin_boxer,using_item,2,body/player_skin_boxer-sheet2.png,images/player_skin_boxer-sheet2.png,65,33,30,30,0.5,0.5
body,t745,player_skin_boxer,using_item,3,body/player_skin_boxer-sheet2.png,images/player_skin_boxer-sheet2.png,33,33,30,30,0.5,0.5
body,t742,player_skin_def_1,idle_down,0,body/player_skin_def_1-sheet0.png,images/player_skin_def_1-sheet0.png,1,1,30,30,0.5,0.5
body,t742,player_skin_def_1,idle_up,0,body/player_skin_def_1-sheet0.png,images/player_skin_def_1-sheet0.png,33,1,30,30,0.5,0.5
body,t742,player_skin_def_1,idle_right,0,body/player_skin_def_1-sheet0.png,images/player_skin_def_1-sheet0.png,65,1,30,30,0.5,0.5
body,t742,player_skin_def_1,idle_left,0,body/player_skin_def_1-sheet0.png,images/player_skin_def_1-sheet0.png,97,1,30,30,0.5,0.5
body,t742,player_skin_def_1,run_down,0,body/player_skin_def_1-sheet0.png,images/player_skin_def_1-sheet0.png,1,33,30,30,0.5,0.5
body,t742,player_skin_def_1,run_down,1,body/player_skin_def_1-sheet0.png,images/player_skin_def_1-sheet0.png,33,33,30,30,0.5,0.5
body,t742,player_skin_def_1,run_down,2,body/player_skin_def_1-sheet0.png,images/player_skin_def_1-sheet0.png,65,33,30,30,0.5,0.5
body,t742,player_skin_def_1,run_down,3,body/player_skin_def_1-sheet0.png,images/player_skin_def_1-sheet0.png,97,33,30,30,0.5,0.5
body,t742,player_skin_def_1,run_up,0,body/player_skin_def_1-sheet0.png,images/player_skin_def_1-sheet0.png,1,65,30,30,0.5,0.5
body,t742,player_skin_def_1,run_up,1,body/player_skin_def_1-sheet0.png,images/player_skin_def_1-sheet0.png,33,65,30,30,0.5,0.5
body,t742,player_skin_def_1,run_up,2,body/player_skin_def_1-sheet0.png,images/player_skin_def_1-sheet0.png,65,65,30,30,0.5,0.5
body,t742,player_skin_def_1,run_up,3,body/player_skin_def_1-sheet0.png,images/player_skin_def_1-sheet0.png,97,65,30,30,0.5,0.5
body,t742,player_skin_def_1,run_right,0,body/player_skin_def_1-sheet0.png,images/player_skin_def_1-sheet0.png,1,97,30,30,0.5,0.5
body,t742,player_skin_def_1,run_right,1,body/player_skin_def_1-sheet0.png,images/player_skin_def_1-sheet0.png,33,97,30,30,0.5,0.5
body,t742,player_skin_def_1,run_right,2,body/player_skin_def_1-sheet0.png,images/player_skin_def_1-sheet0.png,65,97,30,30,0.5,0.5
body,t742,player_skin_def_1,run_right,3,body/player_skin_def_1-sheet0.png,images/player_skin_def_1-sheet0.png,97,97,30,30,0.5,0.5
body,t742,player_skin_def_1,run_left,0,body/player_skin_def_1-sheet1.png,images/player_skin_def_1-sheet1.png,1,1,30,30,0.5,0.5
body,t742,player_skin_def_1,run_left,1,body/player_skin_def_1-sheet1.png,images/player_skin_def_1-sheet1.png,33,1,30,30,0.5,0.5
body,t742,player_skin_def_1,run_left,2,body/player_skin_def_1-sheet1.png,images/player_skin_def_1-sheet1.png,65,1,30,30,0.5,0.5
body,t742,player_skin_def_1,run_left,3,body/player_skin_def_1-sheet1.png,images/player_skin_def_1-sheet1.png,97,1,30,30,0.5,0.5
body,t742,player_skin_def_1,axe_up,0,body/player_skin_def_1-sheet1.png,images/player_skin_def_1-sheet1.png,1,33,30,30,0.5,0.5
body,t742,player_skin_def_1,axe_up,1,body/player_skin_def_1-sheet1.png,images/player_skin_def_1-sheet1.png,33,33,30,30,0.5,0.5
body,t742,player_skin_def_1,axe_up,2,body/player_skin_def_1-sheet1.png,images/player_skin_def_1-sheet1.png,1,33,30,30,0.5,0.5
body,t742,player_skin_def_1,axe_down,0,body/player_skin_def_1-sheet1.png,images/player_skin_def_1-sheet1.png,65,33,30,30,0.5,0.5
body,t742,player_skin_def_1,axe_down,1,body/player_skin_def_1-sheet1.png,images/player_skin_def_1-sheet1.png,97,33,30,30,0.5,0.5
body,t742,player_skin_def_1,axe_down,2,body/player_skin_def_1-sheet1.png,images/player_skin_def_1-sheet1.png,65,33,30,30,0.5,0.5
body,t742,player_skin_def_1,axe_left,0,body/player_skin_def_1-sheet1.png,images/player_skin_def_1-sheet1.png,1,65,30,30,0.5,0.5
body,t742,player_skin_def_1,axe_left,1,body/player_skin_def_1-sheet1.png,images/player_skin_def_1-sheet1.png,33,65,30,30,0.5,0.5
body,t742,player_skin_def_1,axe_left,2,body/player_skin_def_1-sheet1.png,images/player_skin_def_1-sheet1.png,1,65,30,30,0.5,0.5
body,t742,player_skin_def_1,axe_right,0,body/player_skin_def_1-sheet1.png,images/player_skin_def_1-sheet1.png,65,65,30,30,0.5,0.5
body,t742,player_skin_def_1,axe_right,1,body/player_skin_def_1-sheet1.png,images/player_skin_def_1-sheet1.png,97,65,30,30,0.5,0.5
body,t742,player_skin_def_1,axe_right,2,body/player_skin_def_1-sheet1.png,images/player_skin_def_1-sheet1.png,65,65,30,30,0.5,0.5
body,t742,player_skin_def_1,pistol_up,0,body/player_skin_def_1-sheet1.png,images/player_skin_def_1-sheet1.png,1,97,30,30,0.5,0.5
body,t742,player_skin_def_1,pistol_down,0,body/player_skin_def_1-sheet1.png,images/player_skin_def_1-sheet1.png,33,97,30,30,0.5,0.5
body,t742,player_skin_def_1,pistol_left,0,body/player_skin_def_1-sheet1.png,images/player_skin_def_1-sheet1.png,65,97,30,30,0.5,0.5
body,t742,player_skin_def_1,pistol_right,0,body/player_skin_def_1-sheet1.png,images/player_skin_def_1-sheet1.png,97,97,30,30,0.5,0.5
body,t742,player_skin_def_1,twohand_up,0,body/player_skin_def_1-sheet2.png,images/player_skin_def_1-sheet2.png,1,1,30,30,0.5,0.5
body,t742,player_skin_def_1,twohand_down,0,body/player_skin_def_1-sheet2.png,images/player_skin_def_1-sheet2.png,33,1,30,30,0.5,0.5
body,t742,player_skin_def_1,twohand_left,0,body/player_skin_def_1-sheet2.png,images/player_skin_def_1-sheet2.png,65,1,30,30,0.5,0.5
body,t742,player_skin_def_1,twohand_right,0,body/player_skin_def_1-sheet2.png,images/player_skin_def_1-sheet2.png,97,1,30,30,0.5,0.5
body,t742,player_skin_def_1,using_item,0,body/player_skin_def_1-sheet2.png,images/player_skin_def_1-sheet2.png,1,33,30,30,0.5,0.5
body,t742,player_skin_def_1,using_item,1,body/player_skin_def_1-sheet2.png,images/player_skin_def_1-sheet2.png,33,33,30,30,0.5,0.5
body,t742,player_skin_def_1,using_item,2,body/player_skin_def_1-sheet2.png,images/player_skin_def_1-sheet2.png,65,33,30,30,0.5,0.5
body,t742,player_skin_def_1,using_item,3,body/player_skin_def_1-sheet2.png,images/player_skin_def_1-sheet2.png,33,33,30,30,0.5,0.5
body,t679,player_skin_def_2,idle_down,0,body/player_skin_def_2-sheet0.png,images/player_skin_def_2-sheet0.png,1,1,30,30,0.5,0.5
body,t679,player_skin_def_2,idle_up,0,body/player_skin_def_2-sheet0.png,images/player_skin_def_2-sheet0.png,33,1,30,30,0.5,0.5
body,t679,player_skin_def_2,idle_right,0,body/player_skin_def_2-sheet0.png,images/player_skin_def_2-sheet0.png,65,1,30,30,0.5,0.5
body,t679,player_skin_def_2,idle_left,0,body/player_skin_def_2-sheet0.png,images/player_skin_def_2-sheet0.png,97,1,30,30,0.5,0.5
body,t679,player_skin_def_2,run_down,0,body/player_skin_def_2-sheet0.png,images/player_skin_def_2-sheet0.png,1,33,30,30,0.5,0.5
body,t679,player_skin_def_2,run_down,1,body/player_skin_def_2-sheet0.png,images/player_skin_def_2-sheet0.png,33,33,30,30,0.5,0.5
body,t679,player_skin_def_2,run_down,2,body/player_skin_def_2-sheet0.png,images/player_skin_def_2-sheet0.png,65,33,30,30,0.5,0.5
body,t679,player_skin_def_2,run_down,3,body/player_skin_def_2-sheet0.png,images/player_skin_def_2-sheet0.png,97,33,30,30,0.5,0.5
body,t679,player_skin_def_2,run_up,0,body/player_skin_def_2-sheet0.png,images/player_skin_def_2-sheet0.png,1,65,30,30,0.5,0.5
body,t679,player_skin_def_2,run_up,1,body/player_skin_def_2-sheet0.png,images/player_skin_def_2-sheet0.png,33,65,30,30,0.5,0.5
body,t679,player_skin_def_2,run_up,2,body/player_skin_def_2-sheet0.png,images/player_skin_def_2-sheet0.png,65,65,30,30,0.5,0.5
body,t679,player_skin_def_2,run_up,3,body/player_skin_def_2-sheet0.png,images/player_skin_def_2-sheet0.png,97,65,30,30,0.5,0.5
body,t679,player_skin_def_2,run_right,0,body/player_skin_def_2-sheet0.png,images/player_skin_def_2-sheet0.png,1,97,30,30,0.5,0.5
body,t679,player_skin_def_2,run_right,1,body/player_skin_def_2-sheet0.png,images/player_skin_def_2-sheet0.png,33,97,30,30,0.5,0.5
body,t679,player_skin_def_2,run_right,2,body/player_skin_def_2-sheet0.png,images/player_skin_def_2-sheet0.png,65,97,30,30,0.5,0.5
body,t679,player_skin_def_2,run_right,3,body/player_skin_def_2-sheet0.png,images/player_skin_def_2-sheet0.png,97,97,30,30,0.5,0.5
body,t679,player_skin_def_2,run_left,0,body/player_skin_def_2-sheet1.png,images/player_skin_def_2-sheet1.png,1,1,30,30,0.5,0.5
body,t679,player_skin_def_2,run_left,1,body/player_skin_def_2-sheet1.png,images/player_skin_def_2-sheet1.png,33,1,30,30,0.5,0.5
body,t679,player_skin_def_2,run_left,2,body/player_skin_def_2-sheet1.png,images/player_skin_def_2-sheet1.png,65,1,30,30,0.5,0.5
body,t679,player_skin_def_2,run_left,3,body/player_skin_def_2-sheet1.png,images/player_skin_def_2-sheet1.png,97,1,30,30,0.5,0.5
body,t679,player_skin_def_2,axe_up,0,body/player_skin_def_2-sheet1.png,images/player_skin_def_2-sheet1.png,1,33,30,30,0.5,0.5
body,t679,player_skin_def_2,axe_up,1,body/player_skin_def_2-sheet1.png,images/player_skin_def_2-sheet1.png,33,33,30,30,0.5,0.5
body,t679,player_skin_def_2,axe_up,2,body/player_skin_def_2-sheet1.png,images/player_skin_def_2-sheet1.png,1,33,30,30,0.5,0.5
body,t679,player_skin_def_2,axe_down,0,body/player_skin_def_2-sheet1.png,images/player_skin_def_2-sheet1.png,65,33,30,30,0.5,0.5
body,t679,player_skin_def_2,axe_down,1,body/player_skin_def_2-sheet1.png,images/player_skin_def_2-sheet1.png,97,33,30,30,0.5,0.5
body,t679,player_skin_def_2,axe_down,2,body/player_skin_def_2-sheet1.png,images/player_skin_def_2-sheet1.png,65,33,30,30,0.5,0.5
body,t679,player_skin_def_2,axe_left,0,body/player_skin_def_2-sheet1.png,images/player_skin_def_2-sheet1.png,1,65,30,30,0.5,0.5
body,t679,player_skin_def_2,axe_left,1,body/player_skin_def_2-sheet1.png,images/player_skin_def_2-sheet1.png,33,65,30,30,0.5,0.5
body,t679,player_skin_def_2,axe_left,2,body/player_skin_def_2-sheet1.png,images/player_skin_def_2-sheet1.png,1,65,30,30,0.5,0.5
body,t679,player_skin_def_2,axe_right,0,body/player_skin_def_2-sheet1.png,images/player_skin_def_2-sheet1.png,65,65,30,30,0.5,0.5
body,t679,player_skin_def_2,axe_right,1,body/player_skin_def_2-sheet1.png,images/player_skin_def_2-sheet1.png,97,65,30,30,0.5,0.5
body,t679,player_skin_def_2,axe_right,2,body/player_skin_def_2-sheet1.png,images/player_skin_def_2-sheet1.png,65,65,30,30,0.5,0.5
body,t679,player_skin_def_2,pistol_up,0,body/player_skin_def_2-sheet1.png,images/player_skin_def_2-sheet1.png,1,97,30,30,0.5,0.5
body,t679,player_skin_def_2,pistol_down,0,body/player_skin_def_2-sheet1.png,images/player_skin_def_2-sheet1.png,33,97,30,30,0.5,0.5
body,t679,player_skin_def_2,pistol_left,0,body/player_skin_def_2-sheet1.png,images/player_skin_def_2-sheet1.png,65,97,30,30,0.5,0.5
body,t679,player_skin_def_2,pistol_right,0,body/player_skin_def_2-sheet1.png,images/player_skin_def_2-sheet1.png,97,97,30,30,0.5,0.5
body,t679,player_skin_def_2,twohand_up,0,body/player_skin_def_2-sheet2.png,images/player_skin_def_2-sheet2.png,1,1,30,30,0.5,0.5
body,t679,player_skin_def_2,twohand_down,0,body/player_skin_def_2-sheet2.png,images/player_skin_def_2-sheet2.png,33,1,30,30,0.5,0.5
body,t679,player_skin_def_2,twohand_left,0,body/player_skin_def_2-sheet2.png,images/player_skin_def_2-sheet2.png,65,1,30,30,0.5,0.5
body,t679,player_skin_def_2,twohand_right,0,body/player_skin_def_2-sheet2.png,images/player_skin_def_2-sheet2.png,97,1,30,30,0.5,0.5
body,t679,player_skin_def_2,using_item,0,body/player_skin_def_2-sheet2.png,images/player_skin_def_2-sheet2.png,1,33,30,30,0.5,0.5
body,t679,player_skin_def_2,using_item,1,body/player_skin_def_2-sheet2.png,images/player_skin_def_2-sheet2.png,33,33,30,30,0.5,0.5
body,t679,player_skin_def_2,using_item,2,body/player_skin_def_2-sheet2.png,images/player_skin_def_2-sheet2.png,65,33,30,30,0.5,0.5
body,t679,player_skin_def_2,using_item,3,body/player_skin_def_2-sheet2.png,images/player_skin_def_2-sheet2.png,33,33,30,30,0.5,0.5
body,t680,player_skin_def_3,idle_down,0,body/player_skin_def_3-sheet0.png,images/player_skin_def_3-sheet0.png,1,1,30,30,0.5,0.5
body,t680,player_skin_def_3,idle_up,0,body/player_skin_def_3-sheet0.png,images/player_skin_def_3-sheet0.png,33,1,30,30,0.5,0.5
body,t680,player_skin_def_3,idle_right,0,body/player_skin_def_3-sheet0.png,images/player_skin_def_3-sheet0.png,65,1,30,30,0.5,0.5
body,t680,player_skin_def_3,idle_left,0,body/player_skin_def_3-sheet0.png,images/player_skin_def_3-sheet0.png,97,1,30,30,0.5,0.5
body,t680,player_skin_def_3,run_down,0,body/player_skin_def_3-sheet0.png,images/player_skin_def_3-sheet0.png,1,33,30,30,0.5,0.5
body,t680,player_skin_def_3,run_down,1,body/player_skin_def_3-sheet0.png,images/player_skin_def_3-sheet0.png,33,33,30,30,0.5,0.5
body,t680,player_skin_def_3,run_down,2,body/player_skin_def_3-sheet0.png,images/player_skin_def_3-sheet0.png,65,33,30,30,0.5,0.5
body,t680,player_skin_def_3,run_down,3,body/player_skin_def_3-sheet0.png,images/player_skin_def_3-sheet0.png,97,33,30,30,0.5,0.5
body,t680,player_skin_def_3,run_up,0,body/player_skin_def_3-sheet0.png,images/player_skin_def_3-sheet0.png,1,65,30,30,0.5,0.5
body,t680,player_skin_def_3,run_up,1,body/player_skin_def_3-sheet0.png,images/player_skin_def_3-sheet0.png,33,65,30,30,0.5,0.5
body,t680,player_skin_def_3,run_up,2,body/player_skin_def_3-sheet0.png,images/player_skin_def_3-sheet0.png,65,65,30,30,0.5,0.5
body,t680,player_skin_def_3,run_up,3,body/player_skin_def_3-sheet0.png,images/player_skin_def_3-sheet0.png,97,65,30,30,0.5,0.5
body,t680,player_skin_def_3,run_right,0,body/player_skin_def_3-sheet0.png,images/player_skin_def_3-sheet0.png,1,97,30,30,0.5,0.5
body,t680,player_skin_def_3,run_right,1,body/player_skin_def_3-sheet0.png,images/player_skin_def_3-sheet0.png,33,97,30,30,0.5,0.5
body,t680,player_skin_def_3,run_right,2,body/player_skin_def_3-sheet0.png,images/player_skin_def_3-sheet0.png,65,97,30,30,0.5,0.5
body,t680,player_skin_def_3,run_right,3,body/player_skin_def_3-sheet0.png,images/player_skin_def_3-sheet0.png,97,97,30,30,0.5,0.5
body,t680,player_skin_def_3,run_left,0,body/player_skin_def_3-sheet1.png,images/player_skin_def_3-sheet1.png,1,1,30,30,0.5,0.5
body,t680,player_skin_def_3,run_left,1,body/player_skin_def_3-sheet1.png,images/player_skin_def_3-sheet1.png,33,1,30,30,0.5,0.5
body,t680,player_skin_def_3,run_left,2,body/player_skin_def_3-sheet1.png,images/player_skin_def_3-sheet1.png,65,1,30,30,0.5,0.5
body,t680,player_skin_def_3,run_left,3,body/player_skin_def_3-sheet1.png,images/player_skin_def_3-sheet1.png,97,1,30,30,0.5,0.5
body,t680,player_skin_def_3,axe_up,0,body/player_skin_def_3-sheet1.png,images/player_skin_def_3-sheet1.png,1,33,30,30,0.5,0.5
body,t680,player_skin_def_3,axe_up,1,body/player_skin_def_3-sheet1.png,images/player_skin_def_3-sheet1.png,33,33,30,30,0.5,0.5
body,t680,player_skin_def_3,axe_up,2,body/player_skin_def_3-sheet1.png,images/player_skin_def_3-sheet1.png,1,33,30,30,0.5,0.5
body,t680,player_skin_def_3,axe_down,0,body/player_skin_def_3-sheet1.png,images/player_skin_def_3-sheet1.png,65,33,30,30,0.5,0.5
body,t680,player_skin_def_3,axe_down,1,body/player_skin_def_3-sheet1.png,images/player_skin_def_3-sheet1.png,97,33,30,30,0.5,0.5
body,t680,player_skin_def_3,axe_down,2,body/player_skin_def_3-sheet1.png,images/player_skin_def_3-sheet1.png,65,33,30,30,0.5,0.5
body,t680,player_skin_def_3,axe_left,0,body/player_skin_def_3-sheet1.png,images/player_skin_def_3-sheet1.png,1,65,30,30,0.5,0.5
body,t680,player_skin_def_3,axe_left,1,body/player_skin_def_3-sheet1.png,images/player_skin_def_3-sheet1.png,33,65,30,30,0.5,0.5
body,t680,player_skin_def_3,axe_left,2,body/player_skin_def_3-sheet1.png,images/player_skin_def_3-sheet1.png,1,65,30,30,0.5,0.5
body,t680,player_skin_def_3,axe_right,0,body/player_skin_def_3-sheet1.png,images/player_skin_def_3-sheet1.png,65,65,30,30,0.5,0.5
body,t680,player_skin_def_3,axe_right,1,body/player_skin_def_3-sheet1.png,images/player_skin_def_3-sheet1.png,97,65,30,30,0.5,0.5
body,t680,player_skin_def_3,axe_right,2,body/player_skin_def_3-sheet1.png,images/player_skin_def_3-sheet1.png,65,65,30,30,0.5,0.5
body,t680,player_skin_def_3,pistol_up,0,body/player_skin_def_3-sheet1.png,images/player_skin_def_3-sheet1.png,1,97,30,30,0.5,0.5
body,t680,player_skin_def_3,pistol_down,0,body/player_skin_def_3-sheet1.png,images/player_skin_def_3-sheet1.png,33,97,30,30,0.5,0.5
body,t680,player_skin_def_3,pistol_left,0,body/player_skin_def_3-sheet1.png,images/player_skin_def_3-sheet1.png,65,97,30,30,0.5,0.5
body,t680,player_skin_def_3,pistol_right,0,body/player_skin_def_3-sheet1.png,images/player_skin_def_3-sheet1.png,97,97,30,30,0.5,0.5
body,t680,player_skin_def_3,twohand_up,0,body/player_skin_def_3-sheet2.png,images/player_skin_def_3-sheet2.png,1,1,30,30,0.5,0.5
body,t680,player_skin_def_3,twohand_down,0,body/player_skin_def_3-sheet2.png,images/player_skin_def_3-sheet2.png,33,1,30,30,0.5,0.5
body,t680,player_skin_def_3,twohand_left,0,body/player_skin_def_3-sheet2.png,images/player_skin_def_3-sheet2.png,65,1,30,30,0.5,0.5
body,t680,player_skin_def_3,twohand_right,0,body/player_skin_def_3-sheet2.png,images/player_skin_def_3-sheet2.png,97,1,30,30,0.5,0.5
body,t680,player_skin_def_3,using_item,0,body/player_skin_def_3-sheet2.png,images/player_skin_def_3-sheet2.png,1,33,30,30,0.5,0.5
body,t680,player_skin_def_3,using_item,1,body/player_skin_def_3-sheet2.png,images/player_skin_def_3-sheet2.png,33,33,30,30,0.5,0.5
body,t680,player_skin_def_3,using_item,2,body/player_skin_def_3-sheet2.png,images/player_skin_def_3-sheet2.png,65,33,30,30,0.5,0.5
body,t680,player_skin_def_3,using_item,3,body/player_skin_def_3-sheet2.png,images/player_skin_def_3-sheet2.png,33,33,30,30,0.5,0.5
body,t748,player_skin_doc,idle_down,0,body/player_skin_doc-sheet0.png,images/player_skin_doc-sheet0.png,1,1,30,30,0.5,0.5
body,t748,player_skin_doc,idle_up,0,body/player_skin_doc-sheet0.png,images/player_skin_doc-sheet0.png,33,1,30,30,0.5,0.5
body,t748,player_skin_doc,idle_right,0,body/player_skin_doc-sheet0.png,images/player_skin_doc-sheet0.png,65,1,30,30,0.5,0.5
body,t748,player_skin_doc,idle_left,0,body/player_skin_doc-sheet0.png,images/player_skin_doc-sheet0.png,97,1,30,30,0.5,0.5
body,t748,player_skin_doc,run_down,0,body/player_skin_doc-sheet0.png,images/player_skin_doc-sheet0.png,1,33,30,30,0.5,0.5
body,t748,player_skin_doc,run_down,1,body/player_skin_doc-sheet0.png,images/player_skin_doc-sheet0.png,33,33,30,30,0.5,0.5
body,t748,player_skin_doc,run_down,2,body/player_skin_doc-sheet0.png,images/player_skin_doc-sheet0.png,65,33,30,30,0.5,0.5
body,t748,player_skin_doc,run_down,3,body/player_skin_doc-sheet0.png,images/player_skin_doc-sheet0.png,97,33,30,30,0.5,0.5
body,t748,player_skin_doc,run_up,0,body/player_skin_doc-sheet0.png,images/player_skin_doc-sheet0.png,1,65,30,30,0.5,0.5
body,t748,player_skin_doc,run_up,1,body/player_skin_doc-sheet0.png,images/player_skin_doc-sheet0.png,33,65,30,30,0.5,0.5
body,t748,player_skin_doc,run_up,2,body/player_skin_doc-sheet0.png,images/player_skin_doc-sheet0.png,65,65,30,30,0.5,0.5
body,t748,player_skin_doc,run_up,3,body/player_skin_doc-sheet0.png,images/player_skin_doc-sheet0.png,97,65,30,30,0.5,0.5
body,t748,player_skin_doc,run_right,0,body/player_skin_doc-sheet0.png,images/player_skin_doc-sheet0.png,1,97,30,30,0.5,0.5
body,t748,player_skin_doc,run_right,1,body/player_skin_doc-sheet0.png,images/player_skin_doc-sheet0.png,33,97,30,30,0.5,0.5
body,t748,player_skin_doc,run_right,2,body/player_skin_doc-sheet0.png,images/player_skin_doc-sheet0.png,65,97,30,30,0.5,0.5
body,t748,player_skin_doc,run_right,3,body/player_skin_doc-sheet0.png,images/player_skin_doc-sheet0.png,97,97,30,30,0.5,0.5
body,t748,player_skin_doc,run_left,0,body/player_skin_doc-sheet1.png,images/player_skin_doc-sheet1.png,1,1,30,30,0.5,0.5
body,t748,player_skin_doc,run_left,1,body/player_skin_doc-sheet1.png,images/player_skin_doc-sheet1.png,33,1,30,30,0.5,0.5
body,t748,player_skin_doc,run_left,2,body/player_skin_doc-sheet1.png,images/player_skin_doc-sheet1.png,65,1,30,30,0.5,0.5
body,t748,player_skin_doc,run_left,3,body/player_skin_doc-sheet1.png,images/player_skin_doc-sheet1.png,97,1,30,30,0.5,0.5
body,t748,player_skin_doc,axe_up,0,body/player_skin_doc-sheet1.png,images/player_skin_doc-sheet1.png,1,33,30,30,0.5,0.5
body,t748,player_skin_doc,axe_up,1,body/player_skin_doc-sheet1.png,images/player_skin_doc-sheet1.png,33,33,30,30,0.5,0.5
body,t748,player_skin_doc,axe_up,2,body/player_skin_doc-sheet1.png,images/player_skin_doc-sheet1.png,1,33,30,30,0.5,0.5
body,t748,player_skin_doc,axe_down,0,body/player_skin_doc-sheet1.png,images/player_skin_doc-sheet1.png,65,33,30,30,0.5,0.5
body,t748,player_skin_doc,axe_down,1,body/player_skin_doc-sheet1.png,images/player_skin_doc-sheet1.png,97,33,30,30,0.5,0.5
body,t748,player_skin_doc,axe_down,2,body/player_skin_doc-sheet1.png,images/player_skin_doc-sheet1.png,65,33,30,30,0.5,0.5
body,t748,player_skin_doc,axe_left,0,body/player_skin_doc-sheet1.png,images/player_skin_doc-sheet1.png,1,65,30,30,0.5,0.5
body,t748,player_skin_doc,axe_left,1,body/player_skin_doc-sheet1.png,images/player_skin_doc-sheet1.png,33,65,30,30,0.5,0.5
body,t748,player_skin_doc,axe_left,2,body/player_skin_doc-sheet1.png,images/player_skin_doc-sheet1.png,1,65,30,30,0.5,0.5
body,t748,player_skin_doc,axe_right,0,body/player_skin_doc-sheet1.png,images/player_skin_doc-sheet1.png,65,65,30,30,0.5,0.5
body,t748,player_skin_doc,axe_right,1,body/player_skin_doc-sheet1.png,images/player_skin_doc-sheet1.png,97,65,30,30,0.5,0.5
body,t748,player_skin_doc,axe_right,2,body/player_skin_doc-sheet1.png,images/player_skin_doc-sheet1.png,65,65,30,30,0.5,0.5
body,t748,player_skin_doc,pistol_up,0,body/player_skin_doc-sheet1.png,images/player_skin_doc-sheet1.png,1,97,30,30,0.5,0.5
body,t748,player_skin_doc,pistol_down,0,body/player_skin_doc-sheet1.png,images/player_skin_doc-sheet1.png,33,97,30,30,0.5,0.5
body,t748,player_skin_doc,pistol_left,0,body/player_skin_doc-sheet1.png,images/player_skin_doc-sheet1.png,65,97,30,30,0.5,0.5
body,t748,player_skin_doc,pistol_right,0,body/player_skin_doc-sheet1.png,images/player_skin_doc-sheet1.png,97,97,30,30,0.5,0.5
body,t748,player_skin_doc,twohand_up,0,body/player_skin_doc-sheet2.png,images/player_skin_doc-sheet2.png,1,1,30,30,0.5,0.5
body,t748,player_skin_doc,twohand_down,0,body/player_skin_doc-sheet2.png,images/player_skin_doc-sheet2.png,33,1,30,30,0.5,0.5
body,t748,player_skin_doc,twohand_left,0,body/player_skin_doc-sheet2.png,images/player_skin_doc-sheet2.png,65,1,30,30,0.5,0.5
body,t748,player_skin_doc,twohand_right,0,body/player_skin_doc-sheet2.png,images/player_skin_doc-sheet2.png,97,1,30,30,0.5,0.5
body,t748,player_skin_doc,using_item,0,body/player_skin_doc-sheet2.png,images/player_skin_doc-sheet2.png,1,33,30,30,0.5,0.5
body,t748,player_skin_doc,using_item,1,body/player_skin_doc-sheet2.png,images/player_skin_doc-sheet2.png,33,33,30,30,0.5,0.5
body,t748,player_skin_doc,using_item,2,body/player_skin_doc-sheet2.png,images/player_skin_doc-sheet2.png,65,33,30,30,0.5,0.5
body,t748,player_skin_doc,using_item,3,body/player_skin_doc-sheet2.png,images/player_skin_doc-sheet2.png,33,33,30,30,0.5,0.5
body,t750,player_skin_ganzo,idle_down,0,body/player_skin_ganzo-sheet0.png,images/player_skin_ganzo-sheet0.png,1,1,30,30,0.5,0.5
body,t750,player_skin_ganzo,idle_up,0,body/player_skin_ganzo-sheet0.png,images/player_skin_ganzo-sheet0.png,33,1,30,30,0.5,0.5
body,t750,player_skin_ganzo,idle_right,0,body/player_skin_ganzo-sheet0.png,images/player_skin_ganzo-sheet0.png,65,1,30,30,0.5,0.5
body,t750,player_skin_ganzo,idle_left,0,body/player_skin_ganzo-sheet0.png,images/player_skin_ganzo-sheet0.png,97,1,30,30,0.5,0.5
body,t750,player_skin_ganzo,run_down,0,body/player_skin_ganzo-sheet0.png,images/player_skin_ganzo-sheet0.png,1,33,30,30,0.5,0.5
body,t750,player_skin_ganzo,run_down,1,body/player_skin_ganzo-sheet0.png,images/player_skin_ganzo-sheet0.png,33,33,30,30,0.5,0.5
body,t750,player_skin_ganzo,run_down,2,body/player_skin_ganzo-sheet0.png,images/player_skin_ganzo-sheet0.png,65,33,30,30,0.5,0.5
body,t750,player_skin_ganzo,run_down,3,body/player_skin_ganzo-sheet0.png,images/player_skin_ganzo-sheet0.png,97,33,30,30,0.5,0.5
body,t750,player_skin_ganzo,run_up,0,body/player_skin_ganzo-sheet0.png,images/player_skin_ganzo-sheet0.png,1,65,30,30,0.5,0.5
body,t750,player_skin_ganzo,run_up,1,body/player_skin_ganzo-sheet0.png,images/player_skin_ganzo-sheet0.png,33,65,30,30,0.5,0.5
body,t750,player_skin_ganzo,run_up,2,body/player_skin_ganzo-sheet0.png,images/player_skin_ganzo-sheet0.png,65,65,30,30,0.5,0.5
body,t750,player_skin_ganzo,run_up,3,body/player_skin_ganzo-sheet0.png,images/player_skin_ganzo-sheet0.png,97,65,30,30,0.5,0.5
body,t750,player_skin_ganzo,run_right,0,body/player_skin_ganzo-sheet0.png,images/player_skin_ganzo-sheet0.png,1,97,30,30,0.5,0.5
body,t750,player_skin_ganzo,run_right,1,body/player_skin_ganzo-sheet0.png,images/player_skin_ganzo-sheet0.png,33,97,30,30,0.5,0.5
body,t750,player_skin_ganzo,run_right,2,body/player_skin_ganzo-sheet0.png,images/player_skin_ganzo-sheet0.png,65,97,30,30,0.5,0.5
body,t750,player_skin_ganzo,run_right,3,body/player_skin_ganzo-sheet0.png,images/player_skin_ganzo-sheet0.png,97,97,30,30,0.5,0.5
body,t750,player_skin_ganzo,run_left,0,body/player_skin_ganzo-sheet1.png,images/player_skin_ganzo-sheet1.png,1,1,30,30,0.5,0.5
body,t750,player_skin_ganzo,run_left,1,body/player_skin_ganzo-sheet1.png,images/player_skin_ganzo-sheet1.png,33,1,30,30,0.5,0.5
body,t750,player_skin_ganzo,run_left,2,body/player_skin_ganzo-sheet1.png,images/player_skin_ganzo-sheet1.png,65,1,30,30,0.5,0.5
body,t750,player_skin_ganzo,run_left,3,body/player_skin_ganzo-sheet1.png,images/player_skin_ganzo-sheet1.png,97,1,30,30,0.5,0.5
body,t750,player_skin_ganzo,axe_up,0,body/player_skin_ganzo-sheet1.png,images/player_skin_ganzo-sheet1.png,1,33,30,30,0.5,0.5
body,t750,player_skin_ganzo,axe_up,1,body/player_skin_ganzo-sheet1.png,images/player_skin_ganzo-sheet1.png,33,33,30,30,0.5,0.5
body,t750,player_skin_ganzo,axe_up,2,body/player_skin_ganzo-sheet1.png,images/player_skin_ganzo-sheet1.png,1,33,30,30,0.5,0.5
body,t750,player_skin_ganzo,axe_down,0,body/player_skin_ganzo-sheet1.png,images/player_skin_ganzo-sheet1.png,65,33,30,30,0.5,0.5
body,t750,player_skin_ganzo,axe_down,1,body/player_skin_ganzo-sheet1.png,images/player_skin_ganzo-sheet1.png,97,33,30,30,0.5,0.5
body,t750,player_skin_ganzo,axe_down,2,body/player_skin_ganzo-sheet1.png,images/player_skin_ganzo-sheet1.png,65,33,30,30,0.5,0.5
body,t750,player_skin_ganzo,axe_left,0,body/player_skin_ganzo-sheet1.png,images/player_skin_ganzo-sheet1.png,1,65,30,30,0.5,0.5
body,t750,player_skin_ganzo,axe_left,1,body/player_skin_ganzo-sheet1.png,images/player_skin_ganzo-sheet1.png,33,65,30,30,0.5,0.5
body,t750,player_skin_ganzo,axe_left,2,body/player_skin_ganzo-sheet1.png,images/player_skin_ganzo-sheet1.png,1,65,30,30,0.5,0.5
body,t750,player_skin_ganzo,axe_right,0,body/player_skin_ganzo-sheet1.png,images/player_skin_ganzo-sheet1.png,65,65,30,30,0.5,0.5
body,t750,player_skin_ganzo,axe_right,1,body/player_skin_ganzo-sheet1.png,images/player_skin_ganzo-sheet1.png,97,65,30,30,0.5,0.5
body,t750,player_skin_ganzo,axe_right,2,body/player_skin_ganzo-sheet1.png,images/player_skin_ganzo-sheet1.png,65,65,30,30,0.5,0.5
body,t750,player_skin_ganzo,pistol_up,0,body/player_skin_ganzo-sheet1.png,images/player_skin_ganzo-sheet1.png,1,97,30,30,0.5,0.5
body,t750,player_skin_ganzo,pistol_down,0,body/player_skin_ganzo-sheet1.png,images/player_skin_ganzo-sheet1.png,33,97,30,30,0.5,0.5
body,t750,player_skin_ganzo,pistol_left,0,body/player_skin_ganzo-sheet1.png,images/player_skin_ganzo-sheet1.png,65,97,30,30,0.5,0.5
body,t750,player_skin_ganzo,pistol_right,0,body/player_skin_ganzo-sheet1.png,images/player_skin_ganzo-sheet1.png,97,97,30,30,0.5,0.5
body,t750,player_skin_ganzo,twohand_up,0,body/player_skin_ganzo-sheet2.png,images/player_skin_ganzo-sheet2.png,1,1,30,30,0.5,0.5
body,t750,player_skin_ganzo,twohand_down,0,body/player_skin_ganzo-sheet2.png,images/player_skin_ganzo-sheet2.png,33,1,30,30,0.5,0.5
body,t750,player_skin_ganzo,twohand_left,0,body/player_skin_ganzo-sheet2.png,images/player_skin_ganzo-sheet2.png,65,1,30,30,0.5,0.5
body,t750,player_skin_ganzo,twohand_right,0,body/player_skin_ganzo-sheet2.png,images/player_skin_ganzo-sheet2.png,97,1,30,30,0.5,0.5
body,t750,player_skin_ganzo,using_item,0,body/player_skin_ganzo-sheet2.png,images/player_skin_ganzo-sheet2.png,1,33,30,30,0.5,0.5
body,t750,player_skin_ganzo,using_item,1,body/player_skin_ganzo-sheet2.png,images/player_skin_ganzo-sheet2.png,33,33,30,30,0.5,0.5
body,t750,player_skin_ganzo,using_item,2,body/player_skin_ganzo-sheet2.png,images/player_skin_ganzo-sheet2.png,65,33,30,30,0.5,0.5
body,t750,player_skin_ganzo,using_item,3,body/player_skin_ganzo-sheet2.png,images/player_skin_ganzo-sheet2.png,33,33,30,30,0.5,0.5
body,t998,player_skin_guard,idle_down,0,body/player_skin_guard-sheet0.png,images/player_skin_guard-sheet0.png,1,1,30,30,0.5,0.5
body,t998,player_skin_guard,idle_up,0,body/player_skin_guard-sheet0.png,images/player_skin_guard-sheet0.png,33,1,30,30,0.5,0.5
body,t998,player_skin_guard,idle_right,0,body/player_skin_guard-sheet0.png,images/player_skin_guard-sheet0.png,65,1,30,30,0.5,0.5
body,t998,player_skin_guard,idle_left,0,body/player_skin_guard-sheet0.png,images/player_skin_guard-sheet0.png,97,1,30,30,0.5,0.5
body,t998,player_skin_guard,run_down,0,body/player_skin_guard-sheet0.png,images/player_skin_guard-sheet0.png,1,33,30,30,0.5,0.5
body,t998,player_skin_guard,run_down,1,body/player_skin_guard-sheet0.png,images/player_skin_guard-sheet0.png,33,33,30,30,0.5,0.5
body,t998,player_skin_guard,run_down,2,body/player_skin_guard-sheet0.png,images/player_skin_guard-sheet0.png,65,33,30,30,0.5,0.5
body,t998,player_skin_guard,run_down,3,body/player_skin_guard-sheet0.png,images/player_skin_guard-sheet0.png,97,33,30,30,0.5,0.5
body,t998,player_skin_guard,run_up,0,body/player_skin_guard-sheet0.png,images/player_skin_guard-sheet0.png,1,65,30,30,0.5,0.5
body,t998,player_skin_guard,run_up,1,body/player_skin_guard-sheet0.png,images/player_skin_guard-sheet0.png,33,65,30,30,0.5,0.5
body,t998,player_skin_guard,run_up,2,body/player_skin_guard-sheet0.png,images/player_skin_guard-sheet0.png,65,65,30,30,0.5,0.5
body,t998,player_skin_guard,run_up,3,body/player_skin_guard-sheet0.png,images/player_skin_guard-sheet0.png,97,65,30,30,0.5,0.5
body,t998,player_skin_guard,run_right,0,body/player_skin_guard-sheet0.png,images/player_skin_guard-sheet0.png,1,97,30,30,0.5,0.5
body,t998,player_skin_guard,run_right,1,body/player_skin_guard-sheet0.png,images/player_skin_guard-sheet0.png,33,97,30,30,0.5,0.5
body,t998,player_skin_guard,run_right,2,body/player_skin_guard-sheet0.png,images/player_skin_guard-sheet0.png,65,97,30,30,0.5,0.5
body,t998,player_skin_guard,run_right,3,body/player_skin_guard-sheet0.png,images/player_skin_guard-sheet0.png,97,97,30,30,0.5,0.5
body,t998,player_skin_guard,run_left,0,body/player_skin_guard-sheet1.png,images/player_skin_guard-sheet1.png,1,1,30,30,0.5,0.5
body,t998,player_skin_guard,run_left,1,body/player_skin_guard-sheet1.png,images/player_skin_guard-sheet1.png,33,1,30,30,0.5,0.5
body,t998,player_skin_guard,run_left,2,body/player_skin_guard-sheet1.png,images/player_skin_guard-sheet1.png,65,1,30,30,0.5,0.5
body,t998,player_skin_guard,run_left,3,body/player_skin_guard-sheet1.png,images/player_skin_guard-sheet1.png,97,1,30,30,0.5,0.5
body,t998,player_skin_guard,axe_up,0,body/player_skin_guard-sheet1.png,images/player_skin_guard-sheet1.png,1,33,30,30,0.5,0.5
body,t998,player_skin_guard,axe_up,1,body/player_skin_guard-sheet1.png,images/player_skin_guard-sheet1.png,33,33,30,30,0.5,0.5
body,t998,player_skin_guard,axe_up,2,body/player_skin_guard-sheet1.png,images/player_skin_guard-sheet1.png,1,33,30,30,0.5,0.5
body,t998,player_skin_guard,axe_down,0,body/player_skin_guard-sheet1.png,images/player_skin_guard-sheet1.png,65,33,30,30,0.5,0.5
body,t998,player_skin_guard,axe_down,1,body/player_skin_guard-sheet1.png,images/player_skin_guard-sheet1.png,97,33,30,30,0.5,0.5
body,t998,player_skin_guard,axe_down,2,body/player_skin_guard-sheet1.png,images/player_skin_guard-sheet1.png,65,33,30,30,0.5,0.5
body,t998,player_skin_guard,axe_left,0,body/player_skin_guard-sheet1.png,images/player_skin_guard-sheet1.png,1,65,30,30,0.5,0.5
body,t998,player_skin_guard,axe_left,1,body/player_skin_guard-sheet1.png,images/player_skin_guard-sheet1.png,33,65,30,30,0.5,0.5
body,t998,player_skin_guard,axe_left,2,body/player_skin_guard-sheet1.png,images/player_skin_guard-sheet1.png,1,65,30,30,0.5,0.5
body,t998,player_skin_guard,axe_right,0,body/player_skin_guard-sheet1.png,images/player_skin_guard-sheet1.png,65,65,30,30,0.5,0.5
body,t998,player_skin_guard,axe_right,1,body/player_skin_guard-sheet1.png,images/player_skin_guard-sheet1.png,97,65,30,30,0.5,0.5
body,t998,player_skin_guard,axe_right,2,body/player_skin_guard-sheet1.png,images/player_skin_guard-sheet1.png,65,65,30,30,0.5,0.5
body,t998,player_skin_guard,pistol_up,0,body/player_skin_guard-sheet1.png,images/player_skin_guard-sheet1.png,1,97,30,30,0.5,0.5
body,t998,player_skin_guard,pistol_down,0,body/player_skin_guard-sheet1.png,images/player_skin_guard-sheet1.png,33,97,30,30,0.5,0.5
body,t998,player_skin_guard,pistol_left,0,body/player_skin_guard-sheet1.png,images/player_skin_guard-sheet1.png,65,97,30,30,0.5,0.5
body,t998,player_skin_guard,pistol_right,0,body/player_skin_guard-sheet1.png,images/player_skin_guard-sheet1.png,97,97,30,30,0.5,0.5
body,t998,player_skin_guard,twohand_up,0,body/player_skin_guard-sheet2.png,images/player_skin_guard-sheet2.png,1,1,30,30,0.5,0.5
body,t998,player_skin_guard,twohand_down,0,body/player_skin_guard-sheet2.png,images/player_skin_guard-sheet2.png,33,1,30,30,0.5,0.5
body,t998,player_skin_guard,twohand_left,0,body/player_skin_guard-sheet2.png,images/player_skin_guard-sheet2.png,65,1,30,30,0.5,0.5
body,t998,player_skin_guard,twohand_right,0,body/player_skin_guard-sheet2.png,images/player_skin_guard-sheet2.png,97,1,30,30,0.5,0.5
body,t998,player_skin_guard,using_item,0,body/player_skin_guard-sheet2.png,images/player_skin_guard-sheet2.png,1,33,30,30,0.5,0.5
body,t998,player_skin_guard,using_item,1,body/player_skin_guard-sheet2.png,images/player_skin_guard-sheet2.png,33,33,30,30,0.5,0.5
body,t998,player_skin_guard,using_item,2,body/player_skin_guard-sheet2.png,images/player_skin_guard-sheet2.png,65,33,30,30,0.5,0.5
body,t998,player_skin_guard,using_item,3,body/player_skin_guard-sheet2.png,images/player_skin_guard-sheet2.png,33,33,30,30,0.5,0.5
body,t997,player_skin_jager,idle_down,0,body/player_skin_jager-sheet0.png,images/player_skin_jager-sheet0.png,1,1,30,30,0.5,0.5
body,t997,player_skin_jager,idle_up,0,body/player_skin_jager-sheet0.png,images/player_skin_jager-sheet0.png,33,1,30,30,0.5,0.5
body,t997,player_skin_jager,idle_right,0,body/player_skin_jager-sheet0.png,images/player_skin_jager-sheet0.png,65,1,30,30,0.5,0.5
body,t997,player_skin_jager,idle_left,0,body/player_skin_jager-sheet0.png,images/player_skin_jager-sheet0.png,97,1,30,30,0.5,0.5
body,t997,player_skin_jager,run_down,0,body/player_skin_jager-sheet0.png,images/player_skin_jager-sheet0.png,1,33,30,30,0.5,0.5
body,t997,player_skin_jager,run_down,1,body/player_skin_jager-sheet0.png,images/player_skin_jager-sheet0.png,33,33,30,30,0.5,0.5
body,t997,player_skin_jager,run_down,2,body/player_skin_jager-sheet0.png,images/player_skin_jager-sheet0.png,65,33,30,30,0.5,0.5
body,t997,player_skin_jager,run_down,3,body/player_skin_jager-sheet0.png,images/player_skin_jager-sheet0.png,97,33,30,30,0.5,0.5
body,t997,player_skin_jager,run_up,0,body/player_skin_jager-sheet0.png,images/player_skin_jager-sheet0.png,1,65,30,30,0.5,0.5
body,t997,player_skin_jager,run_up,1,body/player_skin_jager-sheet0.png,images/player_skin_jager-sheet0.png,33,65,30,30,0.5,0.5
body,t997,player_skin_jager,run_up,2,body/player_skin_jager-sheet0.png,images/player_skin_jager-sheet0.png,65,65,30,30,0.5,0.5
body,t997,player_skin_jager,run_up,3,body/player_skin_jager-sheet0.png,images/player_skin_jager-sheet0.png,97,65,30,30,0.5,0.5
body,t997,player_skin_jager,run_right,0,body/player_skin_jager-sheet0.png,images/player_skin_jager-sheet0.png,1,97,30,30,0.5,0.5
body,t997,player_skin_jager,run_right,1,body/player_skin_jager-sheet0.png,images/player_skin_jager-sheet0.png,33,97,30,30,0.5,0.5
body,t997,player_skin_jager,run_right,2,body/player_skin_jager-sheet0.png,images/player_skin_jager-sheet0.png,65,97,30,30,0.5,0.5
body,t997,player_skin_jager,run_right,3,body/player_skin_jager-sheet0.png,images/player_skin_jager-sheet0.png,97,97,30,30,0.5,0.5
body,t997,player_skin_jager,run_left,0,body/player_skin_jager-sheet1.png,images/player_skin_jager-sheet1.png,1,1,30,30,0.5,0.5
body,t997,player_skin_jager,run_left,1,body/player_skin_jager-sheet1.png,images/player_skin_jager-sheet1.png,33,1,30,30,0.5,0.5
body,t997,player_skin_jager,run_left,2,body/player_skin_jager-sheet1.png,images/player_skin_jager-sheet1.png,65,1,30,30,0.5,0.5
body,t997,player_skin_jager,run_left,3,body/player_skin_jager-sheet1.png,images/player_skin_jager-sheet1.png,97,1,30,30,0.5,0.5
body,t997,player_skin_jager,axe_up,0,body/player_skin_jager-sheet1.png,images/player_skin_jager-sheet1.png,1,33,30,30,0.5,0.5
body,t997,player_skin_jager,axe_up,1,body/player_skin_jager-sheet1.png,images/player_skin_jager-sheet1.png,33,33,30,30,0.5,0.5
body,t997,player_skin_jager,axe_up,2,body/player_skin_jager-sheet1.png,images/player_skin_jager-sheet1.png,1,33,30,30,0.5,0.5
body,t997,player_skin_jager,axe_down,0,body/player_skin_jager-sheet1.png,images/player_skin_jager-sheet1.png,65,33,30,30,0.5,0.5
body,t997,player_skin_jager,axe_down,1,body/player_skin_jager-sheet1.png,images/player_skin_jager-sheet1.png,97,33,30,30,0.5,0.5
body,t997,player_skin_jager,axe_down,2,body/player_skin_jager-sheet1.png,images/player_skin_jager-sheet1.png,65,33,30,30,0.5,0.5
body,t997,player_skin_jager,axe_left,0,body/player_skin_jager-sheet1.png,images/player_skin_jager-sheet1.png,1,65,30,30,0.5,0.5
body,t997,player_skin_jager,axe_left,1,body/player_skin_jager-sheet1.png,images/player_skin_jager-sheet1.png,33,65,30,30,0.5,0.5
body,t997,player_skin_jager,axe_left,2,body/player_skin_jager-sheet1.png,images/player_skin_jager-sheet1.png,1,65,30,30,0.5,0.5
body,t997,player_skin_jager,axe_right,0,body/player_skin_jager-sheet1.png,images/player_skin_jager-sheet1.png,65,65,30,30,0.5,0.5
body,t997,player_skin_jager,axe_right,1,body/player_skin_jager-sheet1.png,images/player_skin_jager-sheet1.png,97,65,30,30,0.5,0.5
body,t997,player_skin_jager,axe_right,2,body/player_skin_jager-sheet1.png,images/player_skin_jager-sheet1.png,65,65,30,30,0.5,0.5
body,t997,player_skin_jager,pistol_up,0,body/player_skin_jager-sheet1.png,images/player_skin_jager-sheet1.png,1,97,30,30,0.5,0.5
body,t997,player_skin_jager,pistol_down,0,body/player_skin_jager-sheet1.png,images/player_skin_jager-sheet1.png,33,97,30,30,0.5,0.5
body,t997,player_skin_jager,pistol_left,0,body/player_skin_jager-sheet1.png,images/player_skin_jager-sheet1.png,65,97,30,30,0.5,0.5
body,t997,player_skin_jager,pistol_right,0,body/player_skin_jager-sheet1.png,images/player_skin_jager-sheet1.png,97,97,30,30,0.5,0.5
body,t997,player_skin_jager,twohand_up,0,body/player_skin_jager-sheet2.png,images/player_skin_jager-sheet2.png,1,1,30,30,0.5,0.5
body,t997,player_skin_jager,twohand_down,0,body/player_skin_jager-sheet2.png,images/player_skin_jager-sheet2.png,33,1,30,30,0.5,0.5
body,t997,player_skin_jager,twohand_left,0,body/player_skin_jager-sheet2.png,images/player_skin_jager-sheet2.png,65,1,30,30,0.5,0.5
body,t997,player_skin_jager,twohand_right,0,body/player_skin_jager-sheet2.png,images/player_skin_jager-sheet2.png,97,1,30,30,0.5,0.5
body,t997,player_skin_jager,using_item,0,body/player_skin_jager-sheet2.png,images/player_skin_jager-sheet2.png,1,33,30,30,0.5,0.5
body,t997,player_skin_jager,using_item,1,body/player_skin_jager-sheet2.png,images/player_skin_jager-sheet2.png,33,33,30,30,0.5,0.5
body,t997,player_skin_jager,using_item,2,body/player_skin_jager-sheet2.png,images/player_skin_jager-sheet2.png,65,33,30,30,0.5,0.5
body,t997,player_skin_jager,using_item,3,body/player_skin_jager-sheet2.png,images/player_skin_jager-sheet2.png,33,33,30,30,0.5,0.5
body,t825,player_skin_jasmine,idle_down,0,body/player_skin_jasmine-sheet0.png,images/player_skin_jasmine-sheet0.png,1,1,30,30,0.5,0.5
body,t825,player_skin_jasmine,idle_up,0,body/player_skin_jasmine-sheet0.png,images/player_skin_jasmine-sheet0.png,33,1,30,30,0.5,0.5
body,t825,player_skin_jasmine,idle_right,0,body/player_skin_jasmine-sheet0.png,images/player_skin_jasmine-sheet0.png,65,1,30,30,0.5,0.5
body,t825,player_skin_jasmine,idle_left,0,body/player_skin_jasmine-sheet0.png,images/player_skin_jasmine-sheet0.png,97,1,30,30,0.5,0.5
body,t825,player_skin_jasmine,run_down,0,body/player_skin_jasmine-sheet0.png,images/player_skin_jasmine-sheet0.png,1,33,30,30,0.5,0.5
body,t825,player_skin_jasmine,run_down,1,body/player_skin_jasmine-sheet0.png,images/player_skin_jasmine-sheet0.png,33,33,30,30,0.5,0.5
body,t825,player_skin_jasmine,run_down,2,body/player_skin_jasmine-sheet0.png,images/player_skin_jasmine-sheet0.png,65,33,30,30,0.5,0.5
body,t825,player_skin_jasmine,run_down,3,body/player_skin_jasmine-sheet0.png,images/player_skin_jasmine-sheet0.png,97,33,30,30,0.5,0.5
body,t825,player_skin_jasmine,run_up,0,body/player_skin_jasmine-sheet0.png,images/player_skin_jasmine-sheet0.png,1,65,30,30,0.5,0.5
body,t825,player_skin_jasmine,run_up,1,body/player_skin_jasmine-sheet0.png,images/player_skin_jasmine-sheet0.png,33,65,30,30,0.5,0.5
body,t825,player_skin_jasmine,run_up,2,body/player_skin_jasmine-sheet0.png,images/player_skin_jasmine-sheet0.png,65,65,30,30,0.5,0.5
body,t825,player_skin_jasmine,run_up,3,body/player_skin_jasmine-sheet0.png,images/player_skin_jasmine-sheet0.png,97,65,30,30,0.5,0.5
body,t825,player_skin_jasmine,run_right,0,body/player_skin_jasmine-sheet0.png,images/player_skin_jasmine-sheet0.png,1,97,30,30,0.5,0.5
body,t825,player_skin_jasmine,run_right,1,body/player_skin_jasmine-sheet0.png,images/player_skin_jasmine-sheet0.png,33,97,30,30,0.5,0.5
body,t825,player_skin_jasmine,run_right,2,body/player_skin_jasmine-sheet0.png,images/player_skin_jasmine-sheet0.png,65,97,30,30,0.5,0.5
body,t825,player_skin_jasmine,run_right,3,body/player_skin_jasmine-sheet0.png,images/player_skin_jasmine-sheet0.png,97,97,30,30,0.5,0.5
body,t825,player_skin_jasmine,run_left,0,body/player_skin_jasmine-sheet1.png,images/player_skin_jasmine-sheet1.png,1,1,30,30,0.5,0.5
body,t825,player_skin_jasmine,run_left,1,body/player_skin_jasmine-sheet1.png,images/player_skin_jasmine-sheet1.png,33,1,30,30,0.5,0.5
body,t825,player_skin_jasmine,run_left,2,body/player_skin_jasmine-sheet1.png,images/player_skin_jasmine-sheet1.png,65,1,30,30,0.5,0.5
body,t825,player_skin_jasmine,run_left,3,body/player_skin_jasmine-sheet1.png,images/player_skin_jasmine-sheet1.png,97,1,30,30,0.5,0.5
body,t825,player_skin_jasmine,axe_up,0,body/player_skin_jasmine-sheet1.png,images/player_skin_jasmine-sheet1.png,1,33,30,30,0.5,0.5
body,t825,player_skin_jasmine,axe_up,1,body/player_skin_jasmine-sheet1.png,images/player_skin_jasmine-sheet1.png,33,33,30,30,0.5,0.5
body,t825,player_skin_jasmine,axe_up,2,body/player_skin_jasmine-sheet1.png,images/player_skin_jasmine-sheet1.png,1,33,30,30,0.5,0.5
body,t825,player_skin_jasmine,axe_down,0,body/player_skin_jasmine-sheet1.png,images/player_skin_jasmine-sheet1.png,65,33,30,30,0.5,0.5
body,t825,player_skin_jasmine,axe_down,1,body/player_skin_jasmine-sheet1.png,images/player_skin_jasmine-sheet1.png,97,33,30,30,0.5,0.5
body,t825,player_skin_jasmine,axe_down,2,body/player_skin_jasmine-sheet1.png,images/player_skin_jasmine-sheet1.png,65,33,30,30,0.5,0.5
body,t825,player_skin_jasmine,axe_left,0,body/player_skin_jasmine-sheet1.png,images/player_skin_jasmine-sheet1.png,1,65,30,30,0.5,0.5
body,t825,player_skin_jasmine,axe_left,1,body/player_skin_jasmine-sheet1.png,images/player_skin_jasmine-sheet1.png,33,65,30,30,0.5,0.5
body,t825,player_skin_jasmine,axe_left,2,body/player_skin_jasmine-sheet1.png,images/player_skin_jasmine-sheet1.png,1,65,30,30,0.5,0.5
body,t825,player_skin_jasmine,axe_right,0,body/player_skin_jasmine-sheet1.png,images/player_skin_jasmine-sheet1.png,65,65,30,30,0.5,0.5
body,t825,player_skin_jasmine,axe_right,1,body/player_skin_jasmine-sheet1.png,images/player_skin_jasmine-sheet1.png,97,65,30,30,0.5,0.5
body,t825,player_skin_jasmine,axe_right,2,body/player_skin_jasmine-sheet1.png,images/player_skin_jasmine-sheet1.png,65,65,30,30,0.5,0.5
body,t825,player_skin_jasmine,pistol_up,0,body/player_skin_jasmine-sheet1.png,images/player_skin_jasmine-sheet1.png,1,97,30,30,0.5,0.5
body,t825,player_skin_jasmine,pistol_down,0,body/player_skin_jasmine-sheet1.png,images/player_skin_jasmine-sheet1.png,33,97,30,30,0.5,0.5
body,t825,player_skin_jasmine,pistol_left,0,body/player_skin_jasmine-sheet1.png,images/player_skin_jasmine-sheet1.png,65,97,30,30,0.5,0.5
body,t825,player_skin_jasmine,pistol_right,0,body/player_skin_jasmine-sheet1.png,images/player_skin_jasmine-sheet1.png,97,97,30,30,0.5,0.5
body,t825,player_skin_jasmine,twohand_up,0,body/player_skin_jasmine-sheet2.png,images/player_skin_jasmine-sheet2.png,1,1,30,30,0.5,0.5
body,t825,player_skin_jasmine,twohand_down,0,body/player_skin_jasmine-sheet2.png,images/player_skin_jasmine-sheet2.png,33,1,30,30,0.5,0.5
body,t825,player_skin_jasmine,twohand_left,0,body/player_skin_jasmine-sheet2.png,images/player_skin_jasmine-sheet2.png,65,1,30,30,0.5,0.5
body,t825,player_skin_jasmine,twohand_right,0,body/player_skin_jasmine-sheet2.png,images/player_skin_jasmine-sheet2.png,97,1,30,30,0.5,0.5
body,t825,player_skin_jasmine,using_item,0,body/player_skin_jasmine-sheet2.png,images/player_skin_jasmine-sheet2.png,1,33,30,30,0.5,0.5
body,t825,player_skin_jasmine,using_item,1,body/player_skin_jasmine-sheet2.png,images/player_skin_jasmine-sheet2.png,33,33,30,30,0.5,0.5
body,t825,player_skin_jasmine,using_item,2,body/player_skin_jasmine-sheet2.png,images/player_skin_jasmine-sheet2.png,65,33,30,30,0.5,0.5
body,t825,player_skin_jasmine,using_item,3,body/player_skin_jasmine-sheet2.png,images/player_skin_jasmine-sheet2.png,33,33,30,30,0.5,0.5
body,t811,player_skin_kate,idle_down,0,body/player_skin_kate-sheet0.png,images/player_skin_kate-sheet0.png,1,1,30,30,0.5,0.5
body,t811,player_skin_kate,idle_up,0,body/player_skin_kate-sheet0.png,images/player_skin_kate-sheet0.png,33,1,30,30,0.5,0.5
body,t811,player_skin_kate,idle_right,0,body/player_skin_kate-sheet0.png,images/player_skin_kate-sheet0.png,65,1,30,30,0.5,0.5
body,t811,player_skin_kate,idle_left,0,body/player_skin_kate-sheet0.png,images/player_skin_kate-sheet0.png,97,1,30,30,0.5,0.5
body,t811,player_skin_kate,run_down,0,body/player_skin_kate-sheet0.png,images/player_skin_kate-sheet0.png,1,33,30,30,0.5,0.5
body,t811,player_skin_kate,run_down,1,body/player_skin_kate-sheet0.png,images/player_skin_kate-sheet0.png,33,33,30,30,0.5,0.5
body,t811,player_skin_kate,run_down,2,body/player_skin_kate-sheet0.png,images/player_skin_kate-sheet0.png,65,33,30,30,0.5,0.5
body,t811,player_skin_kate,run_down,3,body/player_skin_kate-sheet0.png,images/player_skin_kate-sheet0.png,97,33,30,30,0.5,0.5
body,t811,player_skin_kate,run_up,0,body/player_skin_kate-sheet0.png,images/player_skin_kate-sheet0.png,1,65,30,30,0.5,0.5
body,t811,player_skin_kate,run_up,1,body/player_skin_kate-sheet0.png,images/player_skin_kate-sheet0.png,33,65,30,30,0.5,0.5
body,t811,player_skin_kate,run_up,2,body/player_skin_kate-sheet0.png,images/player_skin_kate-sheet0.png,65,65,30,30,0.5,0.5
body,t811,player_skin_kate,run_up,3,body/player_skin_kate-sheet0.png,images/player_skin_kate-sheet0.png,97,65,30,30,0.5,0.5
body,t811,player_skin_kate,run_right,0,body/player_skin_kate-sheet0.png,images/player_skin_kate-sheet0.png,1,97,30,30,0.5,0.5
body,t811,player_skin_kate,run_right,1,body/player_skin_kate-sheet0.png,images/player_skin_kate-sheet0.png,33,97,30,30,0.5,0.5
body,t811,player_skin_kate,run_right,2,body/player_skin_kate-sheet0.png,images/player_skin_kate-sheet0.png,65,97,30,30,0.5,0.5
body,t811,player_skin_kate,run_right,3,body/player_skin_kate-sheet0.png,images/player_skin_kate-sheet0.png,97,97,30,30,0.5,0.5
body,t811,player_skin_kate,run_left,0,body/player_skin_kate-sheet1.png,images/player_skin_kate-sheet1.png,1,1,30,30,0.5,0.5
body,t811,player_skin_kate,run_left,1,body/player_skin_kate-sheet1.png,images/player_skin_kate-sheet1.png,33,1,30,30,0.5,0.5
body,t811,player_skin_kate,run_left,2,body/player_skin_kate-sheet1.png,images/player_skin_kate-sheet1.png,65,1,30,30,0.5,0.5
body,t811,player_skin_kate,run_left,3,body/player_skin_kate-sheet1.png,images/player_skin_kate-sheet1.png,97,1,30,30,0.5,0.5
body,t811,player_skin_kate,axe_up,0,body/player_skin_kate-sheet1.png,images/player_skin_kate-sheet1.png,1,33,30,30,0.5,0.5
body,t811,player_skin_kate,axe_up,1,body/player_skin_kate-sheet1.png,images/player_skin_kate-sheet1.png,33,33,30,30,0.5,0.5
body,t811,player_skin_kate,axe_up,2,body/player_skin_kate-sheet1.png,images/player_skin_kate-sheet1.png,1,33,30,30,0.5,0.5
body,t811,player_skin_kate,axe_down,0,body/player_skin_kate-sheet1.png,images/player_skin_kate-sheet1.png,65,33,30,30,0.5,0.5
body,t811,player_skin_kate,axe_down,1,body/player_skin_kate-sheet1.png,images/player_skin_kate-sheet1.png,97,33,30,30,0.5,0.5
body,t811,player_skin_kate,axe_down,2,body/player_skin_kate-sheet1.png,images/player_skin_kate-sheet1.png,65,33,30,30,0.5,0.5
body,t811,player_skin_kate,axe_left,0,body/player_skin_kate-sheet1.png,images/player_skin_kate-sheet1.png,1,65,30,30,0.5,0.5
body,t811,player_skin_kate,axe_left,1,body/player_skin_kate-sheet1.png,images/player_skin_kate-sheet1.png,33,65,30,30,0.5,0.5
body,t811,player_skin_kate,axe_left,2,body/player_skin_kate-sheet1.png,images/player_skin_kate-sheet1.png,1,65,30,30,0.5,0.5
body,t811,player_skin_kate,axe_right,0,body/player_skin_kate-sheet1.png,images/player_skin_kate-sheet1.png,65,65,30,30,0.5,0.5
body,t811,player_skin_kate,axe_right,1,body/player_skin_kate-sheet1.png,images/player_skin_kate-sheet1.png,97,65,30,30,0.5,0.5
body,t811,player_skin_kate,axe_right,2,body/player_skin_kate-sheet1.png,images/player_skin_kate-sheet1.png,65,65,30,30,0.5,0.5
body,t811,player_skin_kate,pistol_up,0,body/player_skin_kate-sheet1.png,images/player_skin_kate-sheet1.png,1,97,30,30,0.5,0.5
body,t811,player_skin_kate,pistol_down,0,body/player_skin_kate-sheet1.png,images/player_skin_kate-sheet1.png,33,97,30,30,0.5,0.5
body,t811,player_skin_kate,pistol_left,0,body/player_skin_kate-sheet1.png,images/player_skin_kate-sheet1.png,65,97,30,30,0.5,0.5
body,t811,player_skin_kate,pistol_right,0,body/player_skin_kate-sheet1.png,images/player_skin_kate-sheet1.png,97,97,30,30,0.5,0.5
body,t811,player_skin_kate,twohand_up,0,body/player_skin_kate-sheet2.png,images/player_skin_kate-sheet2.png,1,1,30,30,0.5,0.5
body,t811,player_skin_kate,twohand_down,0,body/player_skin_kate-sheet1.png,images/player_skin_kate-sheet1.png,97,33,30,30,0.5,0.5
body,t811,player_skin_kate,twohand_left,0,body/player_skin_kate-sheet2.png,images/player_skin_kate-sheet2.png,33,1,30,30,0.5,0.5
body,t811,player_skin_kate,twohand_right,0,body/player_skin_kate-sheet2.png,images/player_skin_kate-sheet2.png,65,1,30,30,0.5,0.5
body,t811,player_skin_kate,using_item,0,body/player_skin_kate-sheet2.png,images/player_skin_kate-sheet2.png,97,1,30,30,0.5,0.5
body,t811,player_skin_kate,using_item,1,body/player_skin_kate-sheet2.png,images/player_skin_kate-sheet2.png,1,33,30,30,0.5,0.5
body,t811,player_skin_kate,using_item,2,body/player_skin_kate-sheet2.png,images/player_skin_kate-sheet2.png,33,33,30,30,0.5,0.5
body,t811,player_skin_kate,using_item,3,body/player_skin_kate-sheet2.png,images/player_skin_kate-sheet2.png,1,33,30,30,0.5,0.5
body,t749,player_skin_maniac,idle_down,0,body/player_skin_maniac-sheet0.png,images/player_skin_maniac-sheet0.png,1,1,30,30,0.5,0.5
body,t749,player_skin_maniac,idle_up,0,body/player_skin_maniac-sheet0.png,images/player_skin_maniac-sheet0.png,33,1,30,30,0.5,0.5
body,t749,player_skin_maniac,idle_right,0,body/player_skin_maniac-sheet0.png,images/player_skin_maniac-sheet0.png,65,1,30,30,0.5,0.5
body,t749,player_skin_maniac,idle_left,0,body/player_skin_maniac-sheet0.png,images/player_skin_maniac-sheet0.png,97,1,30,30,0.5,0.5
body,t749,player_skin_maniac,run_down,0,body/player_skin_maniac-sheet0.png,images/player_skin_maniac-sheet0.png,1,33,30,30,0.5,0.5
body,t749,player_skin_maniac,run_down,1,body/player_skin_maniac-sheet0.png,images/player_skin_maniac-sheet0.png,33,33,30,30,0.5,0.5
body,t749,player_skin_maniac,run_down,2,body/player_skin_maniac-sheet0.png,images/player_skin_maniac-sheet0.png,65,33,30,30,0.5,0.5
body,t749,player_skin_maniac,run_down,3,body/player_skin_maniac-sheet0.png,images/player_skin_maniac-sheet0.png,97,33,30,30,0.5,0.5
body,t749,player_skin_maniac,run_up,0,body/player_skin_maniac-sheet0.png,images/player_skin_maniac-sheet0.png,1,65,30,30,0.5,0.5
body,t749,player_skin_maniac,run_up,1,body/player_skin_maniac-sheet0.png,images/player_skin_maniac-sheet0.png,33,65,30,30,0.5,0.5
body,t749,player_skin_maniac,run_up,2,body/player_skin_maniac-sheet0.png,images/player_skin_maniac-sheet0.png,65,65,30,30,0.5,0.5
body,t749,player_skin_maniac,run_up,3,body/player_skin_maniac-sheet0.png,images/player_skin_maniac-sheet0.png,97,65,30,30,0.5,0.5
body,t749,player_skin_maniac,run_right,0,body/player_skin_maniac-sheet0.png,images/player_skin_maniac-sheet0.png,1,97,30,30,0.5,0.5
body,t749,player_skin_maniac,run_right,1,body/player_skin_maniac-sheet0.png,images/player_skin_maniac-sheet0.png,33,97,30,30,0.5,0.5
body,t749,player_skin_maniac,run_right,2,body/player_skin_maniac-sheet0.png,images/player_skin_maniac-sheet0.png,65,97,30,30,0.5,0.5
body,t749,player_skin_maniac,run_right,3,body/player_skin_maniac-sheet0.png,images/player_skin_maniac-sheet0.png,97,97,30,30,0.5,0.5
body,t749,player_skin_maniac,run_left,0,body/player_skin_maniac-sheet1.png,images/player_skin_maniac-sheet1.png,1,1,30,30,0.5,0.5
body,t749,player_skin_maniac,run_left,1,body/player_skin_maniac-sheet1.png,images/player_skin_maniac-sheet1.png,33,1,30,30,0.5,0.5
body,t749,player_skin_maniac,run_left,2,body/player_skin_maniac-sheet1.png,images/player_skin_maniac-sheet1.png,65,1,30,30,0.5,0.5
body,t749,player_skin_maniac,run_left,3,body/player_skin_maniac-sheet1.png,images/player_skin_maniac-sheet1.png,97,1,30,30,0.5,0.5
body,t749,player_skin_maniac,axe_up,0,body/player_skin_maniac-sheet1.png,images/player_skin_maniac-sheet1.png,1,33,30,30,0.5,0.5
body,t749,player_skin_maniac,axe_up,1,body/player_skin_maniac-sheet1.png,images/player_skin_maniac-sheet1.png,33,33,30,30,0.5,0.5
body,t749,player_skin_maniac,axe_up,2,body/player_skin_maniac-sheet1.png,images/player_skin_maniac-sheet1.png,1,33,30,30,0.5,0.5
body,t749,player_skin_maniac,axe_down,0,body/player_skin_maniac-sheet1.png,images/player_skin_maniac-sheet1.png,65,33,30,30,0.5,0.5
body,t749,player_skin_maniac,axe_down,1,body/player_skin_maniac-sheet1.png,images/player_skin_maniac-sheet1.png,97,33,30,30,0.5,0.5
body,t749,player_skin_maniac,axe_down,2,body/player_skin_maniac-sheet1.png,images/player_skin_maniac-sheet1.png,65,33,30,30,0.5,0.5
body,t749,player_skin_maniac,axe_left,0,body/player_skin_maniac-sheet1.png,images/player_skin_maniac-sheet1.png,1,65,30,30,0.5,0.5
body,t749,player_skin_maniac,axe_left,1,body/player_skin_maniac-sheet1.png,images/player_skin_maniac-sheet1.png,33,65,30,30,0.5,0.5
body,t749,player_skin_maniac,axe_left,2,body/player_skin_maniac-sheet1.png,images/player_skin_maniac-sheet1.png,1,65,30,30,0.5,0.5
body,t749,player_skin_maniac,axe_right,0,body/player_skin_maniac-sheet1.png,images/player_skin_maniac-sheet1.png,65,65,30,30,0.5,0.5
body,t749,player_skin_maniac,axe_right,1,body/player_skin_maniac-sheet1.png,images/player_skin_maniac-sheet1.png,97,65,30,30,0.5,0.5
body,t749,player_skin_maniac,axe_right,2,body/player_skin_maniac-sheet1.png,images/player_skin_maniac-sheet1.png,65,65,30,30,0.5,0.5
body,t749,player_skin_maniac,pistol_up,0,body/player_skin_maniac-sheet1.png,images/player_skin_maniac-sheet1.png,1,97,30,30,0.5,0.5
body,t749,player_skin_maniac,pistol_down,0,body/player_skin_maniac-sheet1.png,images/player_skin_maniac-sheet1.png,33,97,30,30,0.5,0.5
body,t749,player_skin_maniac,pistol_left,0,body/player_skin_maniac-sheet1.png,images/player_skin_maniac-sheet1.png,65,97,30,30,0.5,0.5
body,t749,player_skin_maniac,pistol_right,0,body/player_skin_maniac-sheet1.png,images/player_skin_maniac-sheet1.png,97,97,30,30,0.5,0.5
body,t749,player_skin_maniac,twohand_up,0,body/player_skin_maniac-sheet2.png,images/player_skin_maniac-sheet2.png,1,1,30,30,0.5,0.5
body,t749,player_skin_maniac,twohand_down,0,body/player_skin_maniac-sheet2.png,images/player_skin_maniac-sheet2.png,33,1,30,30,0.5,0.5
body,t749,player_skin_maniac,twohand_left,0,body/player_skin_maniac-sheet2.png,images/player_skin_maniac-sheet2.png,65,1,30,30,0.5,0.5
body,t749,player_skin_maniac,twohand_right,0,body/player_skin_maniac-sheet2.png,images/player_skin_maniac-sheet2.png,97,1,30,30,0.5,0.5
body,t749,player_skin_maniac,using_item,0,body/player_skin_maniac-sheet2.png,images/player_skin_maniac-sheet2.png,1,33,30,30,0.5,0.5
body,t749,player_skin_maniac,using_item,1,body/player_skin_maniac-sheet2.png,images/player_skin_maniac-sheet2.png,33,33,30,30,0.5,0.5
body,t749,player_skin_maniac,using_item,2,body/player_skin_maniac-sheet2.png,images/player_skin_maniac-sheet2.png,65,33,30,30,0.5,0.5
body,t749,player_skin_maniac,using_item,3,body/player_skin_maniac-sheet2.png,images/player_skin_maniac-sheet2.png,33,33,30,30,0.5,0.5
body,t1009,player_skin_mike,idle_down,0,body/player_skin_mike-sheet0.png,images/player_skin_mike-sheet0.png,1,1,30,30,0.5,0.5
body,t1009,player_skin_mike,idle_up,0,body/player_skin_mike-sheet0.png,images/player_skin_mike-sheet0.png,33,1,30,30,0.5,0.5
body,t1009,player_skin_mike,idle_right,0,body/player_skin_mike-sheet0.png,images/player_skin_mike-sheet0.png,65,1,30,30,0.5,0.5
body,t1009,player_skin_mike,idle_left,0,body/player_skin_mike-sheet0.png,images/player_skin_mike-sheet0.png,97,1,30,30,0.5,0.5
body,t1009,player_skin_mike,run_down,0,body/player_skin_mike-sheet0.png,images/player_skin_mike-sheet0.png,1,33,30,30,0.5,0.5
body,t1009,player_skin_mike,run_down,1,body/player_skin_mike-sheet0.png,images/player_skin_mike-sheet0.png,33,33,30,30,0.5,0.5
body,t1009,player_skin_mike,run_down,2,body/player_skin_mike-sheet0.png,images/player_skin_mike-sheet0.png,65,33,30,30,0.5,0.5
body,t1009,player_skin_mike,run_down,3,body/player_skin_mike-sheet0.png,images/player_skin_mike-sheet0.png,97,33,30,30,0.5,0.5
body,t1009,player_skin_mike,run_up,0,body/player_skin_mike-sheet0.png,images/player_skin_mike-sheet0.png,1,65,30,30,0.5,0.5
body,t1009,player_skin_mike,run_up,1,body/player_skin_mike-sheet0.png,images/player_skin_mike-sheet0.png,33,65,30,30,0.5,0.5
body,t1009,player_skin_mike,run_up,2,body/player_skin_mike-sheet0.png,images/player_skin_mike-sheet0.png,65,65,30,30,0.5,0.5
body,t1009,player_skin_mike,run_up,3,body/player_skin_mike-sheet0.png,images/player_skin_mike-sheet0.png,97,65,30,30,0.5,0.5
body,t1009,player_skin_mike,run_right,0,body/player_skin_mike-sheet0.png,images/player_skin_mike-sheet0.png,1,97,30,30,0.5,0.5
body,t1009,player_skin_mike,run_right,1,body/player_skin_mike-sheet0.png,images/player_skin_mike-sheet0.png,33,97,30,30,0.5,0.5
body,t1009,player_skin_mike,run_right,2,body/player_skin_mike-sheet0.png,images/player_skin_mike-sheet0.png,65,97,30,30,0.5,0.5
body,t1009,player_skin_mike,run_right,3,body/player_skin_mike-sheet0.png,images/player_skin_mike-sheet0.png,97,97,30,30,0.5,0.5
body,t1009,player_skin_mike,run_left,0,body/player_skin_mike-sheet1.png,images/player_skin_mike-sheet1.png,1,1,30,30,0.5,0.5
body,t1009,player_skin_mike,run_left,1,body/player_skin_mike-sheet1.png,images/player_skin_mike-sheet1.png,33,1,30,30,0.5,0.5
body,t1009,player_skin_mike,run_left,2,body/player_skin_mike-sheet1.png,images/player_skin_mike-sheet1.png,65,1,30,30,0.5,0.5
body,t1009,player_skin_mike,run_left,3,body/player_skin_mike-sheet1.png,images/player_skin_mike-sheet1.png,97,1,30,30,0.5,0.5
body,t1009,player_skin_mike,axe_up,0,body/player_skin_mike-sheet1.png,images/player_skin_mike-sheet1.png,1,33,30,30,0.5,0.5
body,t1009,player_skin_mike,axe_up,1,body/player_skin_mike-sheet1.png,images/player_skin_mike-sheet1.png,33,33,30,30,0.5,0.5
body,t1009,player_skin_mike,axe_up,2,body/player_skin_mike-sheet1.png,images/player_skin_mike-sheet1.png,1,33,30,30,0.5,0.5
body,t1009,player_skin_mike,axe_down,0,body/player_skin_mike-sheet1.png,images/player_skin_mike-sheet1.png,65,33,30,30,0.5,0.5
body,t1009,player_skin_mike,axe_down,1,body/player_skin_mike-sheet1.png,images/player_skin_mike-sheet1.png,97,33,30,30,0.5,0.5
body,t1009,player_skin_mike,axe_down,2,body/player_skin_mike-sheet1.png,images/player_skin_mike-sheet1.png,65,33,30,30,0.5,0.5
body,t1009,player_skin_mike,axe_left,0,body/player_skin_mike-sheet1.png,images/player_skin_mike-sheet1.png,1,65,30,30,0.5,0.5
body,t1009,player_skin_mike,axe_left,1,body/player_skin_mike-sheet1.png,images/player_skin_mike-sheet1.png,33,65,30,30,0.5,0.5
body,t1009,player_skin_mike,axe_left,2,body/player_skin_mike-sheet1.png,images/player_skin_mike-sheet1.png,1,65,30,30,0.5,0.5
body,t1009,player_skin_mike,axe_right,0,body/player_skin_mike-sheet1.png,images/player_skin_mike-sheet1.png,65,65,30,30,0.5,0.5
body,t1009,player_skin_mike,axe_right,1,body/player_skin_mike-sheet1.png,images/player_skin_mike-sheet1.png,97,65,30,30,0.5,0.5
body,t1009,player_skin_mike,axe_right,2,body/player_skin_mike-sheet1.png,images/player_skin_mike-sheet1.png,65,65,30,30,0.5,0.5
body,t1009,player_skin_mike,pistol_up,0,body/player_skin_mike-sheet1.png,images/player_skin_mike-sheet1.png,1,97,30,30,0.5,0.5
body,t1009,player_skin_mike,pistol_down,0,body/player_skin_mike-sheet1.png,images/player_skin_mike-sheet1.png,33,97,30,30,0.5,0.5
body,t1009,player_skin_mike,pistol_left,0,body/player_skin_mike-sheet1.png,images/player_skin_mike-sheet1.png,65,97,30,30,0.5,0.5
body,t1009,player_skin_mike,pistol_right,0,body/player_skin_mike-sheet1.png,images/player_skin_mike-sheet1.png,97,97,30,30,0.5,0.5
body,t1009,player_skin_mike,twohand_up,0,body/player_skin_mike-sheet2.png,images/player_skin_mike-sheet2.png,1,1,30,30,0.5,0.5
body,t1009,player_skin_mike,twohand_down,0,body/player_skin_mike-sheet2.png,images/player_skin_mike-sheet2.png,33,1,30,30,0.5,0.5
body,t1009,player_skin_mike,twohand_left,0,body/player_skin_mike-sheet2.png,images/player_skin_mike-sheet2.png,65,1,30,30,0.5,0.5
body,t1009,player_skin_mike,twohand_right,0,body/player_skin_mike-sheet2.png,images/player_skin_mike-sheet2.png,97,1,30,30,0.5,0.5
body,t1009,player_skin_mike,using_item,0,body/player_skin_mike-sheet2.png,images/player_skin_mike-sheet2.png,1,33,30,30,0.5,0.5
body,t1009,player_skin_mike,using_item,1,body/player_skin_mike-sheet2.png,images/player_skin_mike-sheet2.png,33,33,30,30,0.5,0.5
body,t1009,player_skin_mike,using_item,2,body/player_skin_mike-sheet2.png,images/player_skin_mike-sheet2.png,65,33,30,30,0.5,0.5
body,t1009,player_skin_mike,using_item,3,body/player_skin_mike-sheet2.png,images/player_skin_mike-sheet2.png,33,33,30,30,0.5,0.5
body,t1262,player_skin_bandit_black,idle_down,0,body/player_skin_bandit_black-sheet0.png,images/player_skin_bandit_black-sheet0.png,1,1,30,30,0.5,0.5
body,t1262,player_skin_bandit_black,idle_up,0,body/player_skin_bandit_black-sheet0.png,images/player_skin_bandit_black-sheet0.png,33,1,30,30,0.5,0.5
body,t1262,player_skin_bandit_black,idle_right,0,body/player_skin_bandit_black-sheet0.png,images/player_skin_bandit_black-sheet0.png,65,1,30,30,0.5,0.5
body,t1262,player_skin_bandit_black,idle_left,0,body/player_skin_bandit_black-sheet0.png,images/player_skin_bandit_black-sheet0.png,97,1,30,30,0.5,0.5
body,t1262,player_skin_bandit_black,run_down,0,body/player_skin_bandit_black-sheet0.png,images/player_skin_bandit_black-sheet0.png,1,33,30,30,0.5,0.5
body,t1262,player_skin_bandit_black,run_down,1,body/player_skin_bandit_black-sheet0.png,images/player_skin_bandit_black-sheet0.png,33,33,30,30,0.5,0.5
body,t1262,player_skin_bandit_black,run_down,2,body/player_skin_bandit_black-sheet0.png,images/player_skin_bandit_black-sheet0.png,65,33,30,30,0.5,0.5
body,t1262,player_skin_bandit_black,run_down,3,body/player_skin_bandit_black-sheet0.png,images/player_skin_bandit_black-sheet0.png,97,33,30,30,0.5,0.5
body,t1262,player_skin_bandit_black,run_up,0,body/player_skin_bandit_black-sheet0.png,images/player_skin_bandit_black-sheet0.png,1,65,30,30,0.5,0.5
body,t1262,player_skin_bandit_black,run_up,1,body/player_skin_bandit_black-sheet0.png,images/player_skin_bandit_black-sheet0.png,33,65,30,30,0.5,0.5
body,t1262,player_skin_bandit_black,run_up,2,body/player_skin_bandit_black-sheet0.png,images/player_skin_bandit_black-sheet0.png,65,65,30,30,0.5,0.5
body,t1262,player_skin_bandit_black,run_up,3,body/player_skin_bandit_black-sheet0.png,images/player_skin_bandit_black-sheet0.png,97,65,30,30,0.5,0.5
body,t1262,player_skin_bandit_black,run_right,0,body/player_skin_bandit_black-sheet0.png,images/player_skin_bandit_black-sheet0.png,1,97,30,30,0.5,0.5
body,t1262,player_skin_bandit_black,run_right,1,body/player_skin_bandit_black-sheet0.png,images/player_skin_bandit_black-sheet0.png,33,97,30,30,0.5,0.5
body,t1262,player_skin_bandit_black,run_right,2,body/player_skin_bandit_black-sheet0.png,images/player_skin_bandit_black-sheet0.png,65,97,30,30,0.5,0.5
body,t1262,player_skin_bandit_black,run_right,3,body/player_skin_bandit_black-sheet0.png,images/player_skin_bandit_black-sheet0.png,97,97,30,30,0.5,0.5
body,t1262,player_skin_bandit_black,run_left,0,body/player_skin_bandit_black-sheet1.png,images/player_skin_bandit_black-sheet1.png,1,1,30,30,0.5,0.5
body,t1262,player_skin_bandit_black,run_left,1,body/player_skin_bandit_black-sheet1.png,images/player_skin_bandit_black-sheet1.png,33,1,30,30,0.5,0.5
body,t1262,player_skin_bandit_black,run_left,2,body/player_skin_bandit_black-sheet1.png,images/player_skin_bandit_black-sheet1.png,65,1,30,30,0.5,0.5
body,t1262,player_skin_bandit_black,run_left,3,body/player_skin_bandit_black-sheet1.png,images/player_skin_bandit_black-sheet1.png,97,1,30,30,0.5,0.5
body,t1262,player_skin_bandit_black,axe_up,0,body/player_skin_bandit_black-sheet1.png,images/player_skin_bandit_black-sheet1.png,1,33,30,30,0.5,0.5
body,t1262,player_skin_bandit_black,axe_up,1,body/player_skin_bandit_black-sheet1.png,images/player_skin_bandit_black-sheet1.png,33,33,30,30,0.5,0.5
body,t1262,player_skin_bandit_black,axe_up,2,body/player_skin_bandit_black-sheet1.png,images/player_skin_bandit_black-sheet1.png,1,33,30,30,0.5,0.5
body,t1262,player_skin_bandit_black,axe_down,0,body/player_skin_bandit_black-sheet1.png,images/player_skin_bandit_black-sheet1.png,65,33,30,30,0.5,0.5
body,t1262,player_skin_bandit_black,axe_down,1,body/player_skin_bandit_black-sheet1.png,images/player_skin_bandit_black-sheet1.png,97,33,30,30,0.5,0.5
body,t1262,player_skin_bandit_black,axe_down,2,body/player_skin_bandit_black-sheet1.png,images/player_skin_bandit_black-sheet1.png,65,33,30,30,0.5,0.5
body,t1262,player_skin_bandit_black,axe_left,0,body/player_skin_bandit_black-sheet1.png,images/player_skin_bandit_black-sheet1.png,1,65,30,30,0.5,0.5
body,t1262,player_skin_bandit_black,axe_left,1,body/player_skin_bandit_black-sheet1.png,images/player_skin_bandit_black-sheet1.png,33,65,30,30,0.5,0.5
body,t1262,player_skin_bandit_black,axe_left,2,body/player_skin_bandit_black-sheet1.png,images/player_skin_bandit_black-sheet1.png,1,65,30,30,0.5,0.5
body,t1262,player_skin_bandit_black,axe_right,0,body/player_skin_bandit_black-sheet1.png,images/player_skin_bandit_black-sheet1.png,65,65,30,30,0.5,0.5
body,t1262,player_skin_bandit_black,axe_right,1,body/player_skin_bandit_black-sheet1.png,images/player_skin_bandit_black-sheet1.png,97,65,30,30,0.5,0.5
body,t1262,player_skin_bandit_black,axe_right,2,body/player_skin_bandit_black-sheet1.png,images/player_skin_bandit_black-sheet1.png,65,65,30,30,0.5,0.5
body,t1262,player_skin_bandit_black,pistol_up,0,body/player_skin_bandit_black-sheet1.png,images/player_skin_bandit_black-sheet1.png,1,97,30,30,0.5,0.5
body,t1262,player_skin_bandit_black,pistol_down,0,body/player_skin_bandit_black-sheet1.png,images/player_skin_bandit_black-sheet1.png,33,97,30,30,0.5,0.5
body,t1262,player_skin_bandit_black,pistol_left,0,body/player_skin_bandit_black-sheet1.png,images/player_skin_bandit_black-sheet1.png,65,97,30,30,0.5,0.5
body,t1262,player_skin_bandit_black,pistol_right,0,body/player_skin_bandit_black-sheet1.png,images/player_skin_bandit_black-sheet1.png,97,97,30,30,0.5,0.5
body,t1262,player_skin_bandit_black,twohand_up,0,body/player_skin_bandit_black-sheet2.png,images/player_skin_bandit_black-sheet2.png,1,1,30,30,0.5,0.5
body,t1262,player_skin_bandit_black,twohand_down,0,body/player_skin_bandit_black-sheet2.png,images/player_skin_bandit_black-sheet2.png,33,1,30,30,0.5,0.5
body,t1262,player_skin_bandit_black,twohand_left,0,body/player_skin_bandit_black-sheet2.png,images/player_skin_bandit_black-sheet2.png,65,1,30,30,0.5,0.5
body,t1262,player_skin_bandit_black,twohand_right,0,body/player_skin_bandit_black-sheet2.png,images/player_skin_bandit_black-sheet2.png,97,1,30,30,0.5,0.5
body,t1262,player_skin_bandit_black,using_item,0,body/player_skin_bandit_black-sheet2.png,images/player_skin_bandit_black-sheet2.png,1,33,30,30,0.5,0.5
body,t1262,player_skin_bandit_black,using_item,1,body/player_skin_bandit_black-sheet2.png,images/player_skin_bandit_black-sheet2.png,33,33,30,30,0.5,0.5
body,t1262,player_skin_bandit_black,using_item,2,body/player_skin_bandit_black-sheet2.png,images/player_skin_bandit_black-sheet2.png,65,33,30,30,0.5,0.5
body,t1262,player_skin_bandit_black,using_item,3,body/player_skin_bandit_black-sheet2.png,images/player_skin_bandit_black-sheet2.png,33,33,30,30,0.5,0.5
body,t999,player_skin_pilot,idle_down,0,body/player_skin_pilot-sheet0.png,images/player_skin_pilot-sheet0.png,1,1,30,30,0.5,0.5
body,t999,player_skin_pilot,idle_up,0,body/player_skin_pilot-sheet0.png,images/player_skin_pilot-sheet0.png,33,1,30,30,0.5,0.5
body,t999,player_skin_pilot,idle_right,0,body/player_skin_pilot-sheet0.png,images/player_skin_pilot-sheet0.png,65,1,30,30,0.5,0.5
body,t999,player_skin_pilot,idle_left,0,body/player_skin_pilot-sheet0.png,images/player_skin_pilot-sheet0.png,97,1,30,30,0.5,0.5
body,t999,player_skin_pilot,run_down,0,body/player_skin_pilot-sheet0.png,images/player_skin_pilot-sheet0.png,1,33,30,30,0.5,0.5
body,t999,player_skin_pilot,run_down,1,body/player_skin_pilot-sheet0.png,images/player_skin_pilot-sheet0.png,33,33,30,30,0.5,0.5
body,t999,player_skin_pilot,run_down,2,body/player_skin_pilot-sheet0.png,images/player_skin_pilot-sheet0.png,65,33,30,30,0.5,0.5
body,t999,player_skin_pilot,run_down,3,body/player_skin_pilot-sheet0.png,images/player_skin_pilot-sheet0.png,97,33,30,30,0.5,0.5
body,t999,player_skin_pilot,run_up,0,body/player_skin_pilot-sheet0.png,images/player_skin_pilot-sheet0.png,1,65,30,30,0.5,0.5
body,t999,player_skin_pilot,run_up,1,body/player_skin_pilot-sheet0.png,images/player_skin_pilot-sheet0.png,33,65,30,30,0.5,0.5
body,t999,player_skin_pilot,run_up,2,body/player_skin_pilot-sheet0.png,images/player_skin_pilot-sheet0.png,65,65,30,30,0.5,0.5
body,t999,player_skin_pilot,run_up,3,body/player_skin_pilot-sheet0.png,images/player_skin_pilot-sheet0.png,97,65,30,30,0.5,0.5
body,t999,player_skin_pilot,run_right,0,body/player_skin_pilot-sheet0.png,images/player_skin_pilot-sheet0.png,1,97,30,30,0.5,0.5
body,t999,player_skin_pilot,run_right,1,body/player_skin_pilot-sheet0.png,images/player_skin_pilot-sheet0.png,33,97,30,30,0.5,0.5
body,t999,player_skin_pilot,run_right,2,body/player_skin_pilot-sheet0.png,images/player_skin_pilot-sheet0.png,65,97,30,30,0.5,0.5
body,t999,player_skin_pilot,run_right,3,body/player_skin_pilot-sheet0.png,images/player_skin_pilot-sheet0.png,97,97,30,30,0.5,0.5
body,t999,player_skin_pilot,run_left,0,body/player_skin_pilot-sheet1.png,images/player_skin_pilot-sheet1.png,1,1,30,30,0.5,0.5
body,t999,player_skin_pilot,run_left,1,body/player_skin_pilot-sheet1.png,images/player_skin_pilot-sheet1.png,33,1,30,30,0.5,0.5
body,t999,player_skin_pilot,run_left,2,body/player_skin_pilot-sheet1.png,images/player_skin_pilot-sheet1.png,65,1,30,30,0.5,0.5
body,t999,player_skin_pilot,run_left,3,body/player_skin_pilot-sheet1.png,images/player_skin_pilot-sheet1.png,97,1,30,30,0.5,0.5
body,t999,player_skin_pilot,axe_up,0,body/player_skin_pilot-sheet1.png,images/player_skin_pilot-sheet1.png,1,33,30,30,0.5,0.5
body,t999,player_skin_pilot,axe_up,1,body/player_skin_pilot-sheet1.png,images/player_skin_pilot-sheet1.png,33,33,30,30,0.5,0.5
body,t999,player_skin_pilot,axe_up,2,body/player_skin_pilot-sheet1.png,images/player_skin_pilot-sheet1.png,1,33,30,30,0.5,0.5
body,t999,player_skin_pilot,axe_down,0,body/player_skin_pilot-sheet1.png,images/player_skin_pilot-sheet1.png,65,33,30,30,0.5,0.5
body,t999,player_skin_pilot,axe_down,1,body/player_skin_pilot-sheet1.png,images/player_skin_pilot-sheet1.png,97,33,30,30,0.5,0.5
body,t999,player_skin_pilot,axe_down,2,body/player_skin_pilot-sheet1.png,images/player_skin_pilot-sheet1.png,65,33,30,30,0.5,0.5
body,t999,player_skin_pilot,axe_left,0,body/player_skin_pilot-sheet1.png,images/player_skin_pilot-sheet1.png,1,65,30,30,0.5,0.5
body,t999,player_skin_pilot,axe_left,1,body/player_skin_pilot-sheet1.png,images/player_skin_pilot-sheet1.png,33,65,30,30,0.5,0.5
body,t999,player_skin_pilot,axe_left,2,body/player_skin_pilot-sheet1.png,images/player_skin_pilot-sheet1.png,1,65,30,30,0.5,0.5
body,t999,player_skin_pilot,axe_right,0,body/player_skin_pilot-sheet1.png,images/player_skin_pilot-sheet1.png,65,65,30,30,0.5,0.5
body,t999,player_skin_pilot,axe_right,1,body/player_skin_pilot-sheet1.png,images/player_skin_pilot-sheet1.png,97,65,30,30,0.5,0.5
body,t999,player_skin_pilot,axe_right,2,body/player_skin_pilot-sheet1.png,images/player_skin_pilot-sheet1.png,65,65,30,30,0.5,0.5
body,t999,player_skin_pilot,pistol_up,0,body/player_skin_pilot-sheet1.png,images/player_skin_pilot-sheet1.png,1,97,30,30,0.5,0.5
body,t999,player_skin_pilot,pistol_down,0,body/player_skin_pilot-sheet1.png,images/player_skin_pilot-sheet1.png,33,97,30,30,0.5,0.5
body,t999,player_skin_pilot,pistol_left,0,body/player_skin_pilot-sheet1.png,images/player_skin_pilot-sheet1.png,65,97,30,30,0.5,0.5
body,t999,player_skin_pilot,pistol_right,0,body/player_skin_pilot-sheet1.png,images/player_skin_pilot-sheet1.png,97,97,30,30,0.5,0.5
body,t999,player_skin_pilot,twohand_up,0,body/player_skin_pilot-sheet2.png,images/player_skin_pilot-sheet2.png,1,1,30,30,0.5,0.5
body,t999,player_skin_pilot,twohand_down,0,body/player_skin_pilot-sheet2.png,images/player_skin_pilot-sheet2.png,33,1,30,30,0.5,0.5
body,t999,player_skin_pilot,twohand_left,0,body/player_skin_pilot-sheet2.png,images/player_skin_pilot-sheet2.png,65,1,30,30,0.5,0.5
body,t999,player_skin_pilot,twohand_right,0,body/player_skin_pilot-sheet2.png,images/player_skin_pilot-sheet2.png,97,1,30,30,0.5,0.5
body,t999,player_skin_pilot,using_item,0,body/player_skin_pilot-sheet2.png,images/player_skin_pilot-sheet2.png,1,33,30,30,0.5,0.5
body,t999,player_skin_pilot,using_item,1,body/player_skin_pilot-sheet2.png,images/player_skin_pilot-sheet2.png,33,33,30,30,0.5,0.5
body,t999,player_skin_pilot,using_item,2,body/player_skin_pilot-sheet2.png,images/player_skin_pilot-sheet2.png,65,33,30,30,0.5,0.5
body,t999,player_skin_pilot,using_item,3,body/player_skin_pilot-sheet2.png,images/player_skin_pilot-sheet2.png,33,33,30,30,0.5,0.5
body,t741,player_skin_redneck,idle_down,0,body/player_skin_redneck-sheet0.png,images/player_skin_redneck-sheet0.png,1,1,30,30,0.5,0.5
body,t741,player_skin_redneck,idle_up,0,body/player_skin_redneck-sheet0.png,images/player_skin_redneck-sheet0.png,33,1,30,30,0.5,0.5
body,t741,player_skin_redneck,idle_right,0,body/player_skin_redneck-sheet0.png,images/player_skin_redneck-sheet0.png,65,1,30,30,0.5,0.5
body,t741,player_skin_redneck,idle_left,0,body/player_skin_redneck-sheet0.png,images/player_skin_redneck-sheet0.png,97,1,30,30,0.5,0.5
body,t741,player_skin_redneck,run_down,0,body/player_skin_redneck-sheet0.png,images/player_skin_redneck-sheet0.png,1,33,30,30,0.5,0.5
body,t741,player_skin_redneck,run_down,1,body/player_skin_redneck-sheet0.png,images/player_skin_redneck-sheet0.png,33,33,30,30,0.5,0.5
body,t741,player_skin_redneck,run_down,2,body/player_skin_redneck-sheet0.png,images/player_skin_redneck-sheet0.png,65,33,30,30,0.5,0.5
body,t741,player_skin_redneck,run_down,3,body/player_skin_redneck-sheet0.png,images/player_skin_redneck-sheet0.png,97,33,30,30,0.5,0.5
body,t741,player_skin_redneck,run_up,0,body/player_skin_redneck-sheet0.png,images/player_skin_redneck-sheet0.png,1,65,30,30,0.5,0.5
body,t741,player_skin_redneck,run_up,1,body/player_skin_redneck-sheet0.png,images/player_skin_redneck-sheet0.png,33,65,30,30,0.5,0.5
body,t741,player_skin_redneck,run_up,2,body/player_skin_redneck-sheet0.png,images/player_skin_redneck-sheet0.png,65,65,30,30,0.5,0.5
body,t741,player_skin_redneck,run_up,3,body/player_skin_redneck-sheet0.png,images/player_skin_redneck-sheet0.png,97,65,30,30,0.5,0.5
body,t741,player_skin_redneck,run_right,0,body/player_skin_redneck-sheet0.png,images/player_skin_redneck-sheet0.png,1,97,30,30,0.5,0.5
body,t741,player_skin_redneck,run_right,1,body/player_skin_redneck-sheet0.png,images/player_skin_redneck-sheet0.png,33,97,30,30,0.5,0.5
body,t741,player_skin_redneck,run_right,2,body/player_skin_redneck-sheet0.png,images/player_skin_redneck-sheet0.png,65,97,30,30,0.5,0.5
body,t741,player_skin_redneck,run_right,3,body/player_skin_redneck-sheet0.png,images/player_skin_redneck-sheet0.png,97,97,30,30,0.5,0.5
body,t741,player_skin_redneck,run_left,0,body/player_skin_redneck-sheet1.png,images/player_skin_redneck-sheet1.png,1,1,30,30,0.5,0.5
body,t741,player_skin_redneck,run_left,1,body/player_skin_redneck-sheet1.png,images/player_skin_redneck-sheet1.png,33,1,30,30,0.5,0.5
body,t741,player_skin_redneck,run_left,2,body/player_skin_redneck-sheet1.png,images/player_skin_redneck-sheet1.png,65,1,30,30,0.5,0.5
body,t741,player_skin_redneck,run_left,3,body/player_skin_redneck-sheet1.png,images/player_skin_redneck-sheet1.png,97,1,30,30,0.5,0.5
body,t741,player_skin_redneck,axe_up,0,body/player_skin_redneck-sheet1.png,images/player_skin_redneck-sheet1.png,1,33,30,30,0.5,0.5
body,t741,player_skin_redneck,axe_up,1,body/player_skin_redneck-sheet1.png,images/player_skin_redneck-sheet1.png,33,33,30,30,0.5,0.5
body,t741,player_skin_redneck,axe_up,2,body/player_skin_redneck-sheet1.png,images/player_skin_redneck-sheet1.png,1,33,30,30,0.5,0.5
body,t741,player_skin_redneck,axe_down,0,body/player_skin_redneck-sheet1.png,images/player_skin_redneck-sheet1.png,65,33,30,30,0.5,0.5
body,t741,player_skin_redneck,axe_down,1,body/player_skin_redneck-sheet1.png,images/player_skin_redneck-sheet1.png,97,33,30,30,0.5,0.5
body,t741,player_skin_redneck,axe_down,2,body/player_skin_redneck-sheet1.png,images/player_skin_redneck-sheet1.png,65,33,30,30,0.5,0.5
body,t741,player_skin_redneck,axe_left,0,body/player_skin_redneck-sheet1.png,images/player_skin_redneck-sheet1.png,1,65,30,30,0.5,0.5
body,t741,player_skin_redneck,axe_left,1,body/player_skin_redneck-sheet1.png,images/player_skin_redneck-sheet1.png,33,65,30,30,0.5,0.5
body,t741,player_skin_redneck,axe_left,2,body/player_skin_redneck-sheet1.png,images/player_skin_redneck-sheet1.png,1,65,30,30,0.5,0.5
body,t741,player_skin_redneck,axe_right,0,body/player_skin_redneck-sheet1.png,images/player_skin_redneck-sheet1.png,65,65,30,30,0.5,0.5
body,t741,player_skin_redneck,axe_right,1,body/player_skin_redneck-sheet1.png,images/player_skin_redneck-sheet1.png,97,65,30,30,0.5,0.5
body,t741,player_skin_redneck,axe_right,2,body/player_skin_redneck-sheet1.png,images/player_skin_redneck-sheet1.png,65,65,30,30,0.5,0.5
body,t741,player_skin_redneck,pistol_up,0,body/player_skin_redneck-sheet1.png,images/player_skin_redneck-sheet1.png,1,97,30,30,0.5,0.5
body,t741,player_skin_redneck,pistol_down,0,body/player_skin_redneck-sheet1.png,images/player_skin_redneck-sheet1.png,33,97,30,30,0.5,0.5
body,t741,player_skin_redneck,pistol_left,0,body/player_skin_redneck-sheet1.png,images/player_skin_redneck-sheet1.png,65,97,30,30,0.5,0.5
body,t741,player_skin_redneck,pistol_right,0,body/player_skin_redneck-sheet1.png,images/player_skin_redneck-sheet1.png,97,97,30,30,0.5,0.5
body,t741,player_skin_redneck,twohand_up,0,body/player_skin_redneck-sheet2.png,images/player_skin_redneck-sheet2.png,1,1,30,30,0.5,0.5
body,t741,player_skin_redneck,twohand_down,0,body/player_skin_redneck-sheet2.png,images/player_skin_redneck-sheet2.png,33,1,30,30,0.5,0.5
body,t741,player_skin_redneck,twohand_left,0,body/player_skin_redneck-sheet2.png,images/player_skin_redneck-sheet2.png,65,1,30,30,0.5,0.5
body,t741,player_skin_redneck,twohand_right,0,body/player_skin_redneck-sheet2.png,images/player_skin_redneck-sheet2.png,97,1,30,30,0.5,0.5
body,t741,player_skin_redneck,using_item,0,body/player_skin_redneck-sheet2.png,images/player_skin_redneck-sheet2.png,1,33,30,30,0.5,0.5
body,t741,player_skin_redneck,using_item,1,body/player_skin_redneck-sheet2.png,images/player_skin_redneck-sheet2.png,33,33,30,30,0.5,0.5
body,t741,player_skin_redneck,using_item,2,body/player_skin_redneck-sheet2.png,images/player_skin_redneck-sheet2.png,65,33,30,30,0.5,0.5
body,t741,player_skin_redneck,using_item,3,body/player_skin_redneck-sheet2.png,images/player_skin_redneck-sheet2.png,33,33,30,30,0.5,0.5
body,t996,player_skin_scientist,idle_down,0,body/player_skin_scientist-sheet0.png,images/player_skin_scientist-sheet0.png,1,1,30,30,0.5,0.5
body,t996,player_skin_scientist,idle_up,0,body/player_skin_scientist-sheet0.png,images/player_skin_scientist-sheet0.png,33,1,30,30,0.5,0.5
body,t996,player_skin_scientist,idle_right,0,body/player_skin_scientist-sheet0.png,images/player_skin_scientist-sheet0.png,65,1,30,30,0.5,0.5
body,t996,player_skin_scientist,idle_left,0,body/player_skin_scientist-sheet0.png,images/player_skin_scientist-sheet0.png,97,1,30,30,0.5,0.5
body,t996,player_skin_scientist,run_down,0,body/player_skin_scientist-sheet0.png,images/player_skin_scientist-sheet0.png,1,33,30,30,0.5,0.5
body,t996,player_skin_scientist,run_down,1,body/player_skin_scientist-sheet0.png,images/player_skin_scientist-sheet0.png,33,33,30,30,0.5,0.5
body,t996,player_skin_scientist,run_down,2,body/player_skin_scientist-sheet0.png,images/player_skin_scientist-sheet0.png,65,33,30,30,0.5,0.5
body,t996,player_skin_scientist,run_down,3,body/player_skin_scientist-sheet0.png,images/player_skin_scientist-sheet0.png,97,33,30,30,0.5,0.5
body,t996,player_skin_scientist,run_up,0,body/player_skin_scientist-sheet0.png,images/player_skin_scientist-sheet0.png,1,65,30,30,0.5,0.5
body,t996,player_skin_scientist,run_up,1,body/player_skin_scientist-sheet0.png,images/player_skin_scientist-sheet0.png,33,65,30,30,0.5,0.5
body,t996,player_skin_scientist,run_up,2,body/player_skin_scientist-sheet0.png,images/player_skin_scientist-sheet0.png,65,65,30,30,0.5,0.5
body,t996,player_skin_scientist,run_up,3,body/player_skin_scientist-sheet0.png,images/player_skin_scientist-sheet0.png,97,65,30,30,0.5,0.5
body,t996,player_skin_scientist,run_right,0,body/player_skin_scientist-sheet0.png,images/player_skin_scientist-sheet0.png,1,97,30,30,0.5,0.5
body,t996,player_skin_scientist,run_right,1,body/player_skin_scientist-sheet0.png,images/player_skin_scientist-sheet0.png,33,97,30,30,0.5,0.5
body,t996,player_skin_scientist,run_right,2,body/player_skin_scientist-sheet0.png,images/player_skin_scientist-sheet0.png,65,97,30,30,0.5,0.5
body,t996,player_skin_scientist,run_right,3,body/player_skin_scientist-sheet0.png,images/player_skin_scientist-sheet0.png,97,97,30,30,0.5,0.5
body,t996,player_skin_scientist,run_left,0,body/player_skin_scientist-sheet1.png,images/player_skin_scientist-sheet1.png,1,1,30,30,0.5,0.5
body,t996,player_skin_scientist,run_left,1,body/player_skin_scientist-sheet1.png,images/player_skin_scientist-sheet1.png,33,1,30,30,0.5,0.5
body,t996,player_skin_scientist,run_left,2,body/player_skin_scientist-sheet1.png,images/player_skin_scientist-sheet1.png,65,1,30,30,0.5,0.5
body,t996,player_skin_scientist,run_left,3,body/player_skin_scientist-sheet1.png,images/player_skin_scientist-sheet1.png,97,1,30,30,0.5,0.5
body,t996,player_skin_scientist,axe_up,0,body/player_skin_scientist-sheet1.png,images/player_skin_scientist-sheet1.png,1,33,30,30,0.5,0.5
body,t996,player_skin_scientist,axe_up,1,body/player_skin_scientist-sheet1.png,images/player_skin_scientist-sheet1.png,33,33,30,30,0.5,0.5
body,t996,player_skin_scientist,axe_up,2,body/player_skin_scientist-sheet1.png,images/player_skin_scientist-sheet1.png,1,33,30,30,0.5,0.5
body,t996,player_skin_scientist,axe_down,0,body/player_skin_scientist-sheet1.png,images/player_skin_scientist-sheet1.png,65,33,30,30,0.5,0.5
body,t996,player_skin_scientist,axe_down,1,body/player_skin_scientist-sheet1.png,images/player_skin_scientist-sheet1.png,97,33,30,30,0.5,0.5
body,t996,player_skin_scientist,axe_down,2,body/player_skin_scientist-sheet1.png,images/player_skin_scientist-sheet1.png,65,33,30,30,0.5,0.5
body,t996,player_skin_scientist,axe_left,0,body/player_skin_scientist-sheet1.png,images/player_skin_scientist-sheet1.png,1,65,30,30,0.5,0.5
body,t996,player_skin_scientist,axe_left,1,body/player_skin_scientist-sheet1.png,images/player_skin_scientist-sheet1.png,33,65,30,30,0.5,0.5
body,t996,player_skin_scientist,axe_left,2,body/player_skin_scientist-sheet1.png,images/player_skin_scientist-sheet1.png,1,65,30,30,0.5,0.5
body,t996,player_skin_scientist,axe_right,0,body/player_skin_scientist-sheet1.png,images/player_skin_scientist-sheet1.png,65,65,30,30,0.5,0.5
body,t996,player_skin_scientist,axe_right,1,body/player_skin_scientist-sheet1.png,images/player_skin_scientist-sheet1.png,97,65,30,30,0.5,0.5
body,t996,player_skin_scientist,axe_right,2,body/player_skin_scientist-sheet1.png,images/player_skin_scientist-sheet1.png,65,65,30,30,0.5,0.5
body,t996,player_skin_scientist,pistol_up,0,body/player_skin_scientist-sheet1.png,images/player_skin_scientist-sheet1.png,1,97,30,30,0.5,0.5
body,t996,player_skin_scientist,pistol_down,0,body/player_skin_scientist-sheet1.png,images/player_skin_scientist-sheet1.png,33,97,30,30,0.5,0.5
body,t996,player_skin_scientist,pistol_left,0,body/player_skin_scientist-sheet1.png,images/player_skin_scientist-sheet1.png,65,97,30,30,0.5,0.5
body,t996,player_skin_scientist,pistol_right,0,body/player_skin_scientist-sheet1.png,images/player_skin_scientist-sheet1.png,97,97,30,30,0.5,0.5
body,t996,player_skin_scientist,twohand_up,0,body/player_skin_scientist-sheet2.png,images/player_skin_scientist-sheet2.png,1,1,30,30,0.5,0.5
body,t996,player_skin_scientist,twohand_down,0,body/player_skin_scientist-sheet1.png,images/player_skin_scientist-sheet1.png,97,33,30,30,0.5,0.5
body,t996,player_skin_scientist,twohand_left,0,body/player_skin_scientist-sheet2.png,images/player_skin_scientist-sheet2.png,33,1,30,30,0.5,0.5
body,t996,player_skin_scientist,twohand_right,0,body/player_skin_scientist-sheet2.png,images/player_skin_scientist-sheet2.png,65,1,30,30,0.5,0.5
body,t996,player_skin_scientist,using_item,0,body/player_skin_scientist-sheet2.png,images/player_skin_scientist-sheet2.png,97,1,30,30,0.5,0.5
body,t996,player_skin_scientist,using_item,1,body/player_skin_scientist-sheet2.png,images/player_skin_scientist-sheet2.png,1,33,30,30,0.5,0.5
body,t996,player_skin_scientist,using_item,2,body/player_skin_scientist-sheet2.png,images/player_skin_scientist-sheet2.png,33,33,30,30,0.5,0.5
body,t996,player_skin_scientist,using_item,3,body/player_skin_scientist-sheet2.png,images/player_skin_scientist-sheet2.png,1,33,30,30,0.5,0.5
body,t746,player_skin_survivalist,idle_down,0,body/player_skin_survivalist-sheet0.png,images/player_skin_survivalist-sheet0.png,1,1,30,30,0.5,0.5
body,t746,player_skin_survivalist,idle_up,0,body/player_skin_survivalist-sheet0.png,images/player_skin_survivalist-sheet0.png,33,1,30,30,0.5,0.5
body,t746,player_skin_survivalist,idle_right,0,body/player_skin_survivalist-sheet0.png,images/player_skin_survivalist-sheet0.png,65,1,30,30,0.5,0.5
body,t746,player_skin_survivalist,idle_left,0,body/player_skin_survivalist-sheet0.png,images/player_skin_survivalist-sheet0.png,97,1,30,30,0.5,0.5
body,t746,player_skin_survivalist,run_down,0,body/player_skin_survivalist-sheet0.png,images/player_skin_survivalist-sheet0.png,1,33,30,30,0.5,0.5
body,t746,player_skin_survivalist,run_down,1,body/player_skin_survivalist-sheet0.png,images/player_skin_survivalist-sheet0.png,33,33,30,30,0.5,0.5
body,t746,player_skin_survivalist,run_down,2,body/player_skin_survivalist-sheet0.png,images/player_skin_survivalist-sheet0.png,65,33,30,30,0.5,0.5
body,t746,player_skin_survivalist,run_down,3,body/player_skin_survivalist-sheet0.png,images/player_skin_survivalist-sheet0.png,97,33,30,30,0.5,0.5
body,t746,player_skin_survivalist,run_up,0,body/player_skin_survivalist-sheet0.png,images/player_skin_survivalist-sheet0.png,1,65,30,30,0.5,0.5
body,t746,player_skin_survivalist,run_up,1,body/player_skin_survivalist-sheet0.png,images/player_skin_survivalist-sheet0.png,33,65,30,30,0.5,0.5
body,t746,player_skin_survivalist,run_up,2,body/player_skin_survivalist-sheet0.png,images/player_skin_survivalist-sheet0.png,65,65,30,30,0.5,0.5
body,t746,player_skin_survivalist,run_up,3,body/player_skin_survivalist-sheet0.png,images/player_skin_survivalist-sheet0.png,97,65,30,30,0.5,0.5
body,t746,player_skin_survivalist,run_right,0,body/player_skin_survivalist-sheet0.png,images/player_skin_survivalist-sheet0.png,1,97,30,30,0.5,0.5
body,t746,player_skin_survivalist,run_right,1,body/player_skin_survivalist-sheet0.png,images/player_skin_survivalist-sheet0.png,33,97,30,30,0.5,0.5
body,t746,player_skin_survivalist,run_right,2,body/player_skin_survivalist-sheet0.png,images/player_skin_survivalist-sheet0.png,65,97,30,30,0.5,0.5
body,t746,player_skin_survivalist,run_right,3,body/player_skin_survivalist-sheet0.png,images/player_skin_survivalist-sheet0.png,97,97,30,30,0.5,0.5
body,t746,player_skin_survivalist,run_left,0,body/player_skin_survivalist-sheet1.png,images/player_skin_survivalist-sheet1.png,1,1,30,30,0.5,0.5
body,t746,player_skin_survivalist,run_left,1,body/player_skin_survivalist-sheet1.png,images/player_skin_survivalist-sheet1.png,33,1,30,30,0.5,0.5
body,t746,player_skin_survivalist,run_left,2,body/player_skin_survivalist-sheet1.png,images/player_skin_survivalist-sheet1.png,65,1,30,30,0.5,0.5
body,t746,player_skin_survivalist,run_left,3,body/player_skin_survivalist-sheet1.png,images/player_skin_survivalist-sheet1.png,97,1,30,30,0.5,0.5
body,t746,player_skin_survivalist,axe_up,0,body/player_skin_survivalist-sheet1.png,images/player_skin_survivalist-sheet1.png,1,33,30,30,0.5,0.5
body,t746,player_skin_survivalist,axe_up,1,body/player_skin_survivalist-sheet1.png,images/player_skin_survivalist-sheet1.png,33,33,30,30,0.5,0.5
body,t746,player_skin_survivalist,axe_up,2,body/player_skin_survivalist-sheet1.png,images/player_skin_survivalist-sheet1.png,1,33,30,30,0.5,0.5
body,t746,player_skin_survivalist,axe_down,0,body/player_skin_survivalist-sheet1.png,images/player_skin_survivalist-sheet1.png,65,33,30,30,0.5,0.5
body,t746,player_skin_survivalist,axe_down,1,body/player_skin_survivalist-sheet1.png,images/player_skin_survivalist-sheet1.png,97,33,30,30,0.5,0.5
body,t746,player_skin_survivalist,axe_down,2,body/player_skin_survivalist-sheet1.png,images/player_skin_survivalist-sheet1.png,65,33,30,30,0.5,0.5
body,t746,player_skin_survivalist,axe_left,0,body/player_skin_survivalist-sheet1.png,images/player_skin_survivalist-sheet1.png,1,65,30,30,0.5,0.5
body,t746,player_skin_survivalist,axe_left,1,body/player_skin_survivalist-sheet1.png,images/player_skin_survivalist-sheet1.png,33,65,30,30,0.5,0.5
body,t746,player_skin_survivalist,axe_left,2,body/player_skin_survivalist-sheet1.png,images/player_skin_survivalist-sheet1.png,1,65,30,30,0.5,0.5
body,t746,player_skin_survivalist,axe_right,0,body/player_skin_survivalist-sheet1.png,images/player_skin_survivalist-sheet1.png,65,65,30,30,0.5,0.5
body,t746,player_skin_survivalist,axe_right,1,body/player_skin_survivalist-sheet1.png,images/player_skin_survivalist-sheet1.png,97,65,30,30,0.5,0.5
body,t746,player_skin_survivalist,axe_right,2,body/player_skin_survivalist-sheet1.png,images/player_skin_survivalist-sheet1.png,65,65,30,30,0.5,0.5
body,t746,player_skin_survivalist,pistol_up,0,body/player_skin_survivalist-sheet1.png,images/player_skin_survivalist-sheet1.png,1,97,30,30,0.5,0.5
body,t746,player_skin_survivalist,pistol_down,0,body/player_skin_survivalist-sheet1.png,images/player_skin_survivalist-sheet1.png,33,97,30,30,0.5,0.5
body,t746,player_skin_survivalist,pistol_left,0,body/player_skin_survivalist-sheet1.png,images/player_skin_survivalist-sheet1.png,65,97,30,30,0.5,0.5
body,t746,player_skin_survivalist,pistol_right,0,body/player_skin_survivalist-sheet1.png,images/player_skin_survivalist-sheet1.png,97,97,30,30,0.5,0.5
body,t746,player_skin_survivalist,twohand_up,0,body/player_skin_survivalist-sheet2.png,images/player_skin_survivalist-sheet2.png,1,1,30,30,0.5,0.5
body,t746,player_skin_survivalist,twohand_down,0,body/player_skin_survivalist-sheet2.png,images/player_skin_survivalist-sheet2.png,33,1,30,30,0.5,0.5
body,t746,player_skin_survivalist,twohand_left,0,body/player_skin_survivalist-sheet2.png,images/player_skin_survivalist-sheet2.png,65,1,30,30,0.5,0.5
body,t746,player_skin_survivalist,twohand_right,0,body/player_skin_survivalist-sheet2.png,images/player_skin_survivalist-sheet2.png,97,1,30,30,0.5,0.5
body,t746,player_skin_survivalist,using_item,0,body/player_skin_survivalist-sheet2.png,images/player_skin_survivalist-sheet2.png,1,33,30,30,0.5,0.5
body,t746,player_skin_survivalist,using_item,1,body/player_skin_survivalist-sheet2.png,images/player_skin_survivalist-sheet2.png,33,33,30,30,0.5,0.5
body,t746,player_skin_survivalist,using_item,2,body/player_skin_survivalist-sheet2.png,images/player_skin_survivalist-sheet2.png,65,33,30,30,0.5,0.5
body,t746,player_skin_survivalist,using_item,3,body/player_skin_survivalist-sheet2.png,images/player_skin_survivalist-sheet2.png,33,33,30,30,0.5,0.5
body,t747,player_skin_veteran,idle_down,0,body/player_skin_veteran-sheet0.png,images/player_skin_veteran-sheet0.png,1,1,30,30,0.5,0.5
body,t747,player_skin_veteran,idle_up,0,body/player_skin_veteran-sheet0.png,images/player_skin_veteran-sheet0.png,33,1,30,30,0.5,0.5
body,t747,player_skin_veteran,idle_right,0,body/player_skin_veteran-sheet0.png,images/player_skin_veteran-sheet0.png,65,1,30,30,0.5,0.5
body,t747,player_skin_veteran,idle_left,0,body/player_skin_veteran-sheet0.png,images/player_skin_veteran-sheet0.png,97,1,30,30,0.5,0.5
body,t747,player_skin_veteran,run_down,0,body/player_skin_veteran-sheet0.png,images/player_skin_veteran-sheet0.png,1,33,30,30,0.5,0.5
body,t747,player_skin_veteran,run_down,1,body/player_skin_veteran-sheet0.png,images/player_skin_veteran-sheet0.png,33,33,30,30,0.5,0.5
body,t747,player_skin_veteran,run_down,2,body/player_skin_veteran-sheet0.png,images/player_skin_veteran-sheet0.png,65,33,30,30,0.5,0.5
body,t747,player_skin_veteran,run_down,3,body/player_skin_veteran-sheet0.png,images/player_skin_veteran-sheet0.png,97,33,30,30,0.5,0.5
body,t747,player_skin_veteran,run_up,0,body/player_skin_veteran-sheet0.png,images/player_skin_veteran-sheet0.png,1,65,30,30,0.5,0.5
body,t747,player_skin_veteran,run_up,1,body/player_skin_veteran-sheet0.png,images/player_skin_veteran-sheet0.png,33,65,30,30,0.5,0.5
body,t747,player_skin_veteran,run_up,2,body/player_skin_veteran-sheet0.png,images/player_skin_veteran-sheet0.png,65,65,30,30,0.5,0.5
body,t747,player_skin_veteran,run_up,3,body/player_skin_veteran-sheet0.png,images/player_skin_veteran-sheet0.png,97,65,30,30,0.5,0.5
body,t747,player_skin_veteran,run_right,0,body/player_skin_veteran-sheet0.png,images/player_skin_veteran-sheet0.png,1,97,30,30,0.5,0.5
body,t747,player_skin_veteran,run_right,1,body/player_skin_veteran-sheet0.png,images/player_skin_veteran-sheet0.png,33,97,30,30,0.5,0.5
body,t747,player_skin_veteran,run_right,2,body/player_skin_veteran-sheet0.png,images/player_skin_veteran-sheet0.png,65,97,30,30,0.5,0.5
body,t747,player_skin_veteran,run_right,3,body/player_skin_veteran-sheet0.png,images/player_skin_veteran-sheet0.png,97,97,30,30,0.5,0.5
body,t747,player_skin_veteran,run_left,0,body/player_skin_veteran-sheet1.png,images/player_skin_veteran-sheet1.png,1,1,30,30,0.5,0.5
body,t747,player_skin_veteran,run_left,1,body/player_skin_veteran-sheet1.png,images/player_skin_veteran-sheet1.png,33,1,30,30,0.5,0.5
body,t747,player_skin_veteran,run_left,2,body/player_skin_veteran-sheet1.png,images/player_skin_veteran-sheet1.png,65,1,30,30,0.5,0.5
body,t747,player_skin_veteran,run_left,3,body/player_skin_veteran-sheet1.png,images/player_skin_veteran-sheet1.png,97,1,30,30,0.5,0.5
body,t747,player_skin_veteran,axe_up,0,body/player_skin_veteran-sheet1.png,images/player_skin_veteran-sheet1.png,1,33,30,30,0.5,0.5
body,t747,player_skin_veteran,axe_up,1,body/player_skin_veteran-sheet1.png,images/player_skin_veteran-sheet1.png,33,33,30,30,0.5,0.5
body,t747,player_skin_veteran,axe_up,2,body/player_skin_veteran-sheet1.png,images/player_skin_veteran-sheet1.png,1,33,30,30,0.5,0.5
body,t747,player_skin_veteran,axe_down,0,body/player_skin_veteran-sheet1.png,images/player_skin_veteran-sheet1.png,65,33,30,30,0.5,0.5
body,t747,player_skin_veteran,axe_down,1,body/player_skin_veteran-sheet1.png,images/player_skin_veteran-sheet1.png,97,33,30,30,0.5,0.5
body,t747,player_skin_veteran,axe_down,2,body/player_skin_veteran-sheet1.png,images/player_skin_veteran-sheet1.png,65,33,30,30,0.5,0.5
body,t747,player_skin_veteran,axe_left,0,body/player_skin_veteran-sheet1.png,images/player_skin_veteran-sheet1.png,1,65,30,30,0.5,0.5
body,t747,player_skin_veteran,axe_left,1,body/player_skin_veteran-sheet1.png,images/player_skin_veteran-sheet1.png,33,65,30,30,0.5,0.5
body,t747,player_skin_veteran,axe_left,2,body/player_skin_veteran-sheet1.png,images/player_skin_veteran-sheet1.png,1,65,30,30,0.5,0.5
body,t747,player_skin_veteran,axe_right,0,body/player_skin_veteran-sheet1.png,images/player_skin_veteran-sheet1.png,65,65,30,30,0.5,0.5
body,t747,player_skin_veteran,axe_right,1,body/player_skin_veteran-sheet1.png,images/player_skin_veteran-sheet1.png,97,65,30,30,0.5,0.5
body,t747,player_skin_veteran,axe_right,2,body/player_skin_veteran-sheet1.png,images/player_skin_veteran-sheet1.png,65,65,30,30,0.5,0.5
body,t747,player_skin_veteran,pistol_up,0,body/player_skin_veteran-sheet1.png,images/player_skin_veteran-sheet1.png,1,97,30,30,0.5,0.5
body,t747,player_skin_veteran,pistol_down,0,body/player_skin_veteran-sheet1.png,images/player_skin_veteran-sheet1.png,33,97,30,30,0.5,0.5
body,t747,player_skin_veteran,pistol_left,0,body/player_skin_veteran-sheet1.png,images/player_skin_veteran-sheet1.png,65,97,30,30,0.5,0.5
body,t747,player_skin_veteran,pistol_right,0,body/player_skin_veteran-sheet1.png,images/player_skin_veteran-sheet1.png,97,97,30,30,0.5,0.5
body,t747,player_skin_veteran,twohand_up,0,body/player_skin_veteran-sheet2.png,images/player_skin_veteran-sheet2.png,1,1,30,30,0.5,0.5
body,t747,player_skin_veteran,twohand_down,0,body/player_skin_veteran-sheet2.png,images/player_skin_veteran-sheet2.png,33,1,30,30,0.5,0.5
body,t747,player_skin_veteran,twohand_left,0,body/player_skin_veteran-sheet2.png,images/player_skin_veteran-sheet2.png,65,1,30,30,0.5,0.5
body,t747,player_skin_veteran,twohand_right,0,body/player_skin_veteran-sheet2.png,images/player_skin_veteran-sheet2.png,97,1,30,30,0.5,0.5
body,t747,player_skin_veteran,using_item,0,body/player_skin_veteran-sheet2.png,images/player_skin_veteran-sheet2.png,1,33,30,30,0.5,0.5
body,t747,player_skin_veteran,using_item,1,body/player_skin_veteran-sheet2.png,images/player_skin_veteran-sheet2.png,33,33,30,30,0.5,0.5
body,t747,player_skin_veteran,using_item,2,body/player_skin_veteran-sheet2.png,images/player_skin_veteran-sheet2.png,65,33,30,30,0.5,0.5
body,t747,player_skin_veteran,using_item,3,body/player_skin_veteran-sheet2.png,images/player_skin_veteran-sheet2.png,33,33,30,30,0.5,0.5
hands,t682,player_hands_asian,idle_down,0,hands/player_hands_asian-sheet0.png,images/player_hands_asian-sheet0.png,1,1,30,30,0.5,0.5
hands,t682,player_hands_asian,idle_up,0,hands/player_hands_asian-sheet0.png,images/player_hands_asian-sheet0.png,33,1,30,30,0.5,0.5
hands,t682,player_hands_asian,idle_right,0,hands/player_hands_asian-sheet0.png,images/player_hands_asian-sheet0.png,65,1,30,30,0.5,0.5
hands,t682,player_hands_asian,idle_left,0,hands/player_hands_asian-sheet0.png,images/player_hands_asian-sheet0.png,97,1,30,30,0.5,0.5
hands,t682,player_hands_asian,run_down,0,hands/player_hands_asian-sheet0.png,images/player_hands_asian-sheet0.png,1,33,30,30,0.5,0.5
hands,t682,player_hands_asian,run_down,1,hands/player_hands_asian-sheet0.png,images/player_hands_asian-sheet0.png,33,33,30,30,0.5,0.5
hands,t682,player_hands_asian,run_down,2,hands/player_hands_asian-sheet0.png,images/player_hands_asian-sheet0.png,65,33,30,30,0.5,0.5
hands,t682,player_hands_asian,run_down,3,hands/player_hands_asian-sheet0.png,images/player_hands_asian-sheet0.png,97,33,30,30,0.5,0.5
hands,t682,player_hands_asian,run_up,0,hands/player_hands_asian-sheet0.png,images/player_hands_asian-sheet0.png,1,65,30,30,0.5,0.5
hands,t682,player_hands_asian,run_up,1,hands/player_hands_asian-sheet0.png,images/player_hands_asian-sheet0.png,33,65,30,30,0.5,0.5
hands,t682,player_hands_asian,run_up,2,hands/player_hands_asian-sheet0.png,images/player_hands_asian-sheet0.png,65,65,30,30,0.5,0.5
hands,t682,player_hands_asian,run_up,3,hands/player_hands_asian-sheet0.png,images/player_hands_asian-sheet0.png,97,65,30,30,0.5,0.5
hands,t682,player_hands_asian,run_right,0,hands/player_hands_asian-sheet0.png,images/player_hands_asian-sheet0.png,1,97,30,30,0.5,0.5
hands,t682,player_hands_asian,run_right,1,hands/player_hands_asian-sheet0.png,images/player_hands_asian-sheet0.png,33,97,30,30,0.5,0.5
hands,t682,player_hands_asian,run_right,2,hands/player_hands_asian-sheet0.png,images/player_hands_asian-sheet0.png,65,97,30,30,0.5,0.5
hands,t682,player_hands_asian,run_right,3,hands/player_hands_asian-sheet0.png,images/player_hands_asian-sheet0.png,97,97,30,30,0.5,0.5
hands,t682,player_hands_asian,run_left,0,hands/player_hands_asian-sheet1.png,images/player_hands_asian-sheet1.png,1,1,30,30,0.5,0.5
hands,t682,player_hands_asian,run_left,1,hands/player_hands_asian-sheet1.png,images/player_hands_asian-sheet1.png,33,1,30,30,0.5,0.5
hands,t682,player_hands_asian,run_left,2,hands/player_hands_asian-sheet1.png,images/player_hands_asian-sheet1.png,65,1,30,30,0.5,0.5
hands,t682,player_hands_asian,run_left,3,hands/player_hands_asian-sheet1.png,images/player_hands_asian-sheet1.png,97,1,30,30,0.5,0.5
hands,t682,player_hands_asian,axe_up,0,hands/player_hands_asian-sheet1.png,images/player_hands_asian-sheet1.png,1,33,30,30,0.5,0.5
hands,t682,player_hands_asian,axe_up,1,hands/gui_item_backpack-sheet0.png,images/gui_item_backpack-sheet0.png,1,1,30,30,0.5,0.5
hands,t682,player_hands_asian,axe_up,2,hands/player_hands_asian-sheet1.png,images/player_hands_asian-sheet1.png,1,33,30,30,0.5,0.5
hands,t682,player_hands_asian,axe_down,0,hands/player_hands_asian-sheet1.png,images/player_hands_asian-sheet1.png,33,33,30,30,0.5,0.5
hands,t682,player_hands_asian,axe_down,1,hands/player_hands_asian-sheet1.png,images/player_hands_asian-sheet1.png,65,33,30,30,0.5,0.5
hands,t682,player_hands_asian,axe_down,2,hands/player_hands_asian-sheet1.png,images/player_hands_asian-sheet1.png,33,33,30,30,0.5,0.5
hands,t682,player_hands_asian,axe_left,0,hands/player_hands_asian-sheet1.png,images/player_hands_asian-sheet1.png,97,33,30,30,0.5,0.5
hands,t682,player_hands_asian,axe_left,1,hands/player_hands_asian-sheet1.png,images/player_hands_asian-sheet1.png,1,65,30,30,0.5,0.5
hands,t682,player_hands_asian,axe_left,2,hands/player_hands_asian-sheet1.png,images/player_hands_asian-sheet1.png,97,33,30,30,0.5,0.5
hands,t682,player_hands_asian,axe_right,0,hands/player_hands_asian-sheet1.png,images/player_hands_asian-sheet1.png,33,65,30,30,0.5,0.5
hands,t682,player_hands_asian,axe_right,1,hands/player_hands_asian-sheet1.png,images/player_hands_asian-sheet1.png,65,65,30,30,0.5,0.5
hands,t682,player_hands_asian,axe_right,2,hands/player_hands_asian-sheet1.png,images/player_hands_asian-sheet1.png,33,65,30,30,0.5,0.5
hands,t682,player_hands_asian,pistol_up,0,hands/gui_item_backpack-sheet0.png,images/gui_item_backpack-sheet0.png,1,1,30,30,0.5,0.5
hands,t682,player_hands_asian,pistol_down,0,hands/player_hands_asian-sheet1.png,images/player_hands_asian-sheet1.png,97,65,30,30,0.5,0.5
hands,t682,player_hands_asian,pistol_left,0,hands/player_hands_asian-sheet1.png,images/player_hands_asian-sheet1.png,1,97,30,30,0.5,0.5
hands,t682,player_hands_asian,pistol_right,0,hands/player_hands_asian-sheet1.png,images/player_hands_asian-sheet1.png,33,97,30,30,0.5,0.5
hands,t682,player_hands_asian,twohand_up,0,hands/player_hands_asian-sheet1.png,images/player_hands_asian-sheet1.png,65,97,30,30,0.5,0.5
hands,t682,player_hands_asian,twohand_down,0,hands/player_hands_asian-sheet1.png,images/player_hands_asian-sheet1.png,97,97,30,30,0.5,0.5
hands,t682,player_hands_asian,twohand_left,0,hands/player_hands_asian-sheet2.png,images/player_hands_asian-sheet2.png,1,1,30,30,0.5,0.5
hands,t682,player_hands_asian,twohand_right,0,hands/player_hands_asian-sheet2.png,images/player_hands_asian-sheet2.png,33,1,30,30,0.5,0.5
hands,t682,player_hands_asian,using_item,0,hands/player_hands_asian-sheet2.png,images/player_hands_asian-sheet2.png,65,1,30,30,0.5,0.5
hands,t682,player_hands_asian,using_item,1,hands/player_hands_asian-sheet2.png,images/player_hands_asian-sheet2.png,97,1,30,30,0.5,0.5
hands,t682,player_hands_asian,using_item,2,hands/player_hands_asian-sheet2.png,images/player_hands_asian-sheet2.png,1,33,30,30,0.5,0.5
hands,t682,player_hands_asian,using_item,3,hands/player_hands_asian-sheet2.png,images/player_hands_asian-sheet2.png,33,33,30,30,0.5,0.5
hands,t1263,player_hands_bandit,idle_down,0,hands/player_hands_bandit-sheet0.png,images/player_hands_bandit-sheet0.png,1,1,30,30,0.5,0.5
hands,t1263,player_hands_bandit,idle_up,0,hands/player_hands_bandit-sheet0.png,images/player_hands_bandit-sheet0.png,33,1,30,30,0.5,0.5
hands,t1263,player_hands_bandit,idle_right,0,hands/player_hands_bandit-sheet0.png,images/player_hands_bandit-sheet0.png,65,1,30,30,0.5,0.5
hands,t1263,player_hands_bandit,idle_left,0,hands/player_hands_bandit-sheet0.png,images/player_hands_bandit-sheet0.png,97,1,30,30,0.5,0.5
hands,t1263,player_hands_bandit,run_down,0,hands/player_hands_bandit-sheet0.png,images/player_hands_bandit-sheet0.png,1,33,30,30,0.5,0.5
hands,t1263,player_hands_bandit,run_down,1,hands/player_hands_bandit-sheet0.png,images/player_hands_bandit-sheet0.png,33,33,30,30,0.5,0.5
hands,t1263,player_hands_bandit,run_down,2,hands/player_hands_bandit-sheet0.png,images/player_hands_bandit-sheet0.png,65,33,30,30,0.5,0.5
hands,t1263,player_hands_bandit,run_down,3,hands/player_hands_bandit-sheet0.png,images/player_hands_bandit-sheet0.png,97,33,30,30,0.5,0.5
hands,t1263,player_hands_bandit,run_up,0,hands/player_hands_bandit-sheet0.png,images/player_hands_bandit-sheet0.png,1,65,30,30,0.5,0.5
hands,t1263,player_hands_bandit,run_up,1,hands/player_hands_bandit-sheet0.png,images/player_hands_bandit-sheet0.png,33,65,30,30,0.5,0.5
hands,t1263,player_hands_bandit,run_up,2,hands/player_hands_bandit-sheet0.png,images/player_hands_bandit-sheet0.png,65,65,30,30,0.5,0.5
hands,t1263,player_hands_bandit,run_up,3,hands/player_hands_bandit-sheet0.png,images/player_hands_bandit-sheet0.png,97,65,30,30,0.5,0.5
hands,t1263,player_hands_bandit,run_right,0,hands/player_hands_bandit-sheet0.png,images/player_hands_bandit-sheet0.png,1,97,30,30,0.5,0.5
hands,t1263,player_hands_bandit,run_right,1,hands/player_hands_bandit-sheet0.png,images/player_hands_bandit-sheet0.png,33,97,30,30,0.5,0.5
hands,t1263,player_hands_bandit,run_right,2,hands/player_hands_bandit-sheet0.png,images/player_hands_bandit-sheet0.png,65,97,30,30,0.5,0.5
hands,t1263,player_hands_bandit,run_right,3,hands/player_hands_bandit-sheet0.png,images/player_hands_bandit-sheet0.png,97,97,30,30,0.5,0.5
hands,t1263,player_hands_bandit,run_left,0,hands/player_hands_bandit-sheet1.png,images/player_hands_bandit-sheet1.png,1,1,30,30,0.5,0.5
hands,t1263,player_hands_bandit,run_left,1,hands/player_hands_bandit-sheet1.png,images/player_hands_bandit-sheet1.png,33,1,30,30,0.5,0.5
hands,t1263,player_hands_bandit,run_left,2,hands/player_hands_bandit-sheet1.png,images/player_hands_bandit-sheet1.png,65,1,30,30,0.5,0.5
hands,t1263,player_hands_bandit,run_left,3,hands/player_hands_bandit-sheet1.png,images/player_hands_bandit-sheet1.png,97,1,30,30,0.5,0.5
hands,t1263,player_hands_bandit,axe_up,0,hands/player_hands_bandit-sheet1.png,images/player_hands_bandit-sheet1.png,1,33,30,30,0.5,0.5
hands,t1263,player_hands_bandit,axe_up,1,hands/gui_item_backpack-sheet0.png,images/gui_item_backpack-sheet0.png,1,1,30,30,0.5,0.5
hands,t1263,player_hands_bandit,axe_up,2,hands/player_hands_bandit-sheet1.png,images/player_hands_bandit-sheet1.png,1,33,30,30,0.5,0.5
hands,t1263,player_hands_bandit,axe_down,0,hands/player_hands_bandit-sheet1.png,images/player_hands_bandit-sheet1.png,33,33,30,30,0.5,0.5
hands,t1263,player_hands_bandit,axe_down,1,hands/player_hands_bandit-sheet1.png,images/player_hands_bandit-sheet1.png,65,33,30,30,0.5,0.5
hands,t1263,player_hands_bandit,axe_down,2,hands/player_hands_bandit-sheet1.png,images/player_hands_bandit-sheet1.png,33,33,30,30,0.5,0.5
hands,t1263,player_hands_bandit,axe_left,0,hands/player_hands_bandit-sheet1.png,images/player_hands_bandit-sheet1.png,97,33,30,30,0.5,0.5
hands,t1263,player_hands_bandit,axe_left,1,hands/player_hands_bandit-sheet1.png,images/player_hands_bandit-sheet1.png,1,65,30,30,0.5,0.5
hands,t1263,player_hands_bandit,axe_left,2,hands/player_hands_bandit-sheet1.png,images/player_hands_bandit-sheet1.png,97,33,30,30,0.5,0.5
hands,t1263,player_hands_bandit,axe_right,0,hands/player_hands_bandit-sheet1.png,images/player_hands_bandit-sheet1.png,33,65,30,30,0.5,0.5
hands,t1263,player_hands_bandit,axe_right,1,hands/player_hands_bandit-sheet1.png,images/player_hands_bandit-sheet1.png,65,65,30,30,0.5,0.5
hands,t1263,player_hands_bandit,axe_right,2,hands/player_hands_bandit-sheet1.png,images/player_hands_bandit-sheet1.png,33,65,30,30,0.5,0.5
hands,t1263,player_hands_bandit,pistol_up,0,hands/gui_item_backpack-sheet0.png,images/gui_item_backpack-sheet0.png,1,1,30,30,0.5,0.5
hands,t1263,player_hands_bandit,pistol_down,0,hands/player_hands_bandit-sheet1.png,images/player_hands_bandit-sheet1.png,97,65,30,30,0.5,0.5
hands,t1263,player_hands_bandit,pistol_left,0,hands/player_hands_bandit-sheet1.png,images/player_hands_bandit-sheet1.png,1,97,30,30,0.5,0.5
hands,t1263,player_hands_bandit,pistol_right,0,hands/player_hands_bandit-sheet1.png,images/player_hands_bandit-sheet1.png,33,97,30,30,0.5,0.5
hands,t1263,player_hands_bandit,twohand_up,0,hands/player_hands_bandit-sheet1.png,images/player_hands_bandit-sheet1.png,65,97,30,30,0.5,0.5
hands,t1263,player_hands_bandit,twohand_down,0,hands/player_hands_bandit-sheet1.png,images/player_hands_bandit-sheet1.png,97,97,30,30,0.5,0.5
hands,t1263,player_hands_bandit,twohand_left,0,hands/player_hands_bandit-sheet2.png,images/player_hands_bandit-sheet2.png,1,1,30,30,0.5,0.5
hands,t1263,player_hands_bandit,twohand_right,0,hands/player_hands_bandit-sheet2.png,images/player_hands_bandit-sheet2.png,33,1,30,30,0.5,0.5
hands,t1263,player_hands_bandit,using_item,0,hands/player_hands_bandit-sheet2.png,images/player_hands_bandit-sheet2.png,65,1,30,30,0.5,0.5
hands,t1263,player_hands_bandit,using_item,1,hands/player_hands_bandit-sheet2.png,images/player_hands_bandit-sheet2.png,97,1,30,30,0.5,0.5
hands,t1263,player_hands_bandit,using_item,2,hands/player_hands_bandit-sheet2.png,images/player_hands_bandit-sheet2.png,1,33,30,30,0.5,0.5
hands,t1263,player_hands_bandit,using_item,3,hands/player_hands_bandit-sheet2.png,images/player_hands_bandit-sheet2.png,33,33,30,30,0.5,0.5
hands,t681,player_hands_black,idle_down,0,hands/player_hands_black-sheet0.png,images/player_hands_black-sheet0.png,1,1,30,30,0.5,0.5
hands,t681,player_hands_black,idle_up,0,hands/player_hands_black-sheet0.png,images/player_hands_black-sheet0.png,33,1,30,30,0.5,0.5
hands,t681,player_hands_black,idle_right,0,hands/player_hands_black-sheet0.png,images/player_hands_black-sheet0.png,65,1,30,30,0.5,0.5
hands,t681,player_hands_black,idle_left,0,hands/player_hands_black-sheet0.png,images/player_hands_black-sheet0.png,97,1,30,30,0.5,0.5
hands,t681,player_hands_black,run_down,0,hands/player_hands_black-sheet0.png,images/player_hands_black-sheet0.png,1,33,30,30,0.5,0.5
hands,t681,player_hands_black,run_down,1,hands/player_hands_black-sheet0.png,images/player_hands_black-sheet0.png,33,33,30,30,0.5,0.5
hands,t681,player_hands_black,run_down,2,hands/player_hands_black-sheet0.png,images/player_hands_black-sheet0.png,65,33,30,30,0.5,0.5
hands,t681,player_hands_black,run_down,3,hands/player_hands_black-sheet0.png,images/player_hands_black-sheet0.png,97,33,30,30,0.5,0.5
hands,t681,player_hands_black,run_up,0,hands/player_hands_black-sheet0.png,images/player_hands_black-sheet0.png,1,65,30,30,0.5,0.5
hands,t681,player_hands_black,run_up,1,hands/player_hands_black-sheet0.png,images/player_hands_black-sheet0.png,33,65,30,30,0.5,0.5
hands,t681,player_hands_black,run_up,2,hands/player_hands_black-sheet0.png,images/player_hands_black-sheet0.png,65,65,30,30,0.5,0.5
hands,t681,player_hands_black,run_up,3,hands/player_hands_black-sheet0.png,images/player_hands_black-sheet0.png,97,65,30,30,0.5,0.5
hands,t681,player_hands_black,run_right,0,hands/player_hands_black-sheet0.png,images/player_hands_black-sheet0.png,1,97,30,30,0.5,0.5
hands,t681,player_hands_black,run_right,1,hands/player_hands_black-sheet0.png,images/player_hands_black-sheet0.png,33,97,30,30,0.5,0.5
hands,t681,player_hands_black,run_right,2,hands/player_hands_black-sheet0.png,images/player_hands_black-sheet0.png,65,97,30,30,0.5,0.5
hands,t681,player_hands_black,run_right,3,hands/player_hands_black-sheet0.png,images/player_hands_black-sheet0.png,97,97,30,30,0.5,0.5
hands,t681,player_hands_black,run_left,0,hands/player_hands_black-sheet1.png,images/player_hands_black-sheet1.png,1,1,30,30,0.5,0.5
hands,t681,player_hands_black,run_left,1,hands/player_hands_black-sheet1.png,images/player_hands_black-sheet1.png,33,1,30,30,0.5,0.5
hands,t681,player_hands_black,run_left,2,hands/player_hands_black-sheet1.png,images/player_hands_black-sheet1.png,65,1,30,30,0.5,0.5
hands,t681,player_hands_black,run_left,3,hands/player_hands_black-sheet1.png,images/player_hands_black-sheet1.png,97,1,30,30,0.5,0.5
hands,t681,player_hands_black,axe_up,0,hands/player_hands_black-sheet1.png,images/player_hands_black-sheet1.png,1,33,30,30,0.5,0.5
hands,t681,player_hands_black,axe_up,1,hands/gui_item_backpack-sheet0.png,images/gui_item_backpack-sheet0.png,1,1,30,30,0.5,0.5
hands,t681,player_hands_black,axe_up,2,hands/player_hands_black-sheet1.png,images/player_hands_black-sheet1.png,1,33,30,30,0.5,0.5
hands,t681,player_hands_black,axe_down,0,hands/player_hands_black-sheet1.png,images/player_hands_black-sheet1.png,33,33,30,30,0.5,0.5
hands,t681,player_hands_black,axe_down,1,hands/player_hands_black-sheet1.png,images/player_hands_black-sheet1.png,65,33,30,30,0.5,0.5
hands,t681,player_hands_black,axe_down,2,hands/player_hands_black-sheet1.png,images/player_hands_black-sheet1.png,33,33,30,30,0.5,0.5
hands,t681,player_hands_black,axe_left,0,hands/player_hands_black-sheet1.png,images/player_hands_black-sheet1.png,97,33,30,30,0.5,0.5
hands,t681,player_hands_black,axe_left,1,hands/player_hands_black-sheet1.png,images/player_hands_black-sheet1.png,1,65,30,30,0.5,0.5
hands,t681,player_hands_black,axe_left,2,hands/player_hands_black-sheet1.png,images/player_hands_black-sheet1.png,97,33,30,30,0.5,0.5
hands,t681,player_hands_black,axe_right,0,hands/player_hands_black-sheet1.png,images/player_hands_black-sheet1.png,33,65,30,30,0.5,0.5
hands,t681,player_hands_black,axe_right,1,hands/player_hands_black-sheet1.png,images/player_hands_black-sheet1.png,65,65,30,30,0.5,0.5
hands,t681,player_hands_black,axe_right,2,hands/player_hands_black-sheet1.png,images/player_hands_black-sheet1.png,33,65,30,30,0.5,0.5
hands,t681,player_hands_black,pistol_up,0,hands/gui_item_backpack-sheet0.png,images/gui_item_backpack-sheet0.png,1,1,30,30,0.5,0.5
hands,t681,player_hands_black,pistol_down,0,hands/player_hands_black-sheet1.png,images/player_hands_black-sheet1.png,97,65,30,30,0.5,0.5
hands,t681,player_hands_black,pistol_left,0,hands/player_hands_black-sheet1.png,images/player_hands_black-sheet1.png,1,97,30,30,0.5,0.5
hands,t681,player_hands_black,pistol_right,0,hands/player_hands_black-sheet1.png,images/player_hands_black-sheet1.png,33,97,30,30,0.5,0.5
hands,t681,player_hands_black,twohand_up,0,hands/player_hands_black-sheet1.png,images/player_hands_black-sheet1.png,65,97,30,30,0.5,0.5
hands,t681,player_hands_black,twohand_down,0,hands/player_hands_black-sheet1.png,images/player_hands_black-sheet1.png,97,97,30,30,0.5,0.5
hands,t681,player_hands_black,twohand_left,0,hands/player_hands_black-sheet2.png,images/player_hands_black-sheet2.png,1,1,30,30,0.5,0.5
hands,t681,player_hands_black,twohand_right,0,hands/player_hands_black-sheet2.png,images/player_hands_black-sheet2.png,33,1,30,30,0.5,0.5
hands,t681,player_hands_black,using_item,0,hands/player_hands_black-sheet2.png,images/player_hands_black-sheet2.png,65,1,30,30,0.5,0.5
hands,t681,player_hands_black,using_item,1,hands/player_hands_black-sheet2.png,images/player_hands_black-sheet2.png,97,1,30,30,0.5,0.5
hands,t681,player_hands_black,using_item,2,hands/player_hands_black-sheet2.png,images/player_hands_black-sheet2.png,1,33,30,30,0.5,0.5
hands,t681,player_hands_black,using_item,3,hands/player_hands_black-sheet2.png,images/player_hands_black-sheet2.png,33,33,30,30,0.5,0.5
hands,t85,player_hands_white,idle_down,0,hands/player_hands_white-sheet0.png,images/player_hands_white-sheet0.png,1,1,30,30,0.5,0.5
hands,t85,player_hands_white,idle_up,0,hands/player_hands_white-sheet0.png,images/player_hands_white-sheet0.png,33,1,30,30,0.5,0.5
hands,t85,player_hands_white,idle_right,0,hands/player_hands_white-sheet0.png,images/player_hands_white-sheet0.png,65,1,30,30,0.5,0.5
hands,t85,player_hands_white,idle_left,0,hands/player_hands_white-sheet0.png,images/player_hands_white-sheet0.png,97,1,30,30,0.5,0.5
hands,t85,player_hands_white,run_down,0,hands/player_hands_white-sheet0.png,images/player_hands_white-sheet0.png,1,33,30,30,0.5,0.5
hands,t85,player_hands_white,run_down,1,hands/player_hands_white-sheet0.png,images/player_hands_white-sheet0.png,33,33,30,30,0.5,0.5
hands,t85,player_hands_white,run_down,2,hands/player_hands_white-sheet0.png,images/player_hands_white-sheet0.png,65,33,30,30,0.5,0.5
hands,t85,player_hands_white,run_down,3,hands/player_hands_white-sheet0.png,images/player_hands_white-sheet0.png,97,33,30,30,0.5,0.5
hands,t85,player_hands_white,run_up,0,hands/player_hands_white-sheet0.png,images/player_hands_white-sheet0.png,1,65,30,30,0.5,0.5
hands,t85,player_hands_white,run_up,1,hands/player_hands_white-sheet0.png,images/player_hands_white-sheet0.png,33,65,30,30,0.5,0.5
hands,t85,player_hands_white,run_up,2,hands/player_hands_white-sheet0.png,images/player_hands_white-sheet0.png,65,65,30,30,0.5,0.5
hands,t85,player_hands_white,run_up,3,hands/player_hands_white-sheet0.png,images/player_hands_white-sheet0.png,97,65,30,30,0.5,0.5
hands,t85,player_hands_white,run_right,0,hands/player_hands_white-sheet0.png,images/player_hands_white-sheet0.png,1,97,30,30,0.5,0.5
hands,t85,player_hands_white,run_right,1,hands/player_hands_white-sheet0.png,images/player_hands_white-sheet0.png,33,97,30,30,0.5,0.5
hands,t85,player_hands_white,run_right,2,hands/player_hands_white-sheet0.png,images/player_hands_white-sheet0.png,65,97,30,30,0.5,0.5
hands,t85,player_hands_white,run_right,3,hands/player_hands_white-sheet0.png,images/player_hands_white-sheet0.png,97,97,30,30,0.5,0.5
hands,t85,player_hands_white,run_left,0,hands/player_hands_white-sheet1.png,images/player_hands_white-sheet1.png,1,1,30,30,0.5,0.5
hands,t85,player_hands_white,run_left,1,hands/player_hands_white-sheet1.png,images/player_hands_white-sheet1.png,33,1,30,30,0.5,0.5
hands,t85,player_hands_white,run_left,2,hands/player_hands_white-sheet1.png,images/player_hands_white-sheet1.png,65,1,30,30,0.5,0.5
hands,t85,player_hands_white,run_left,3,hands/player_hands_white-sheet1.png,images/player_hands_white-sheet1.png,97,1,30,30,0.5,0.5
hands,t85,player_hands_white,axe_up,0,hands/player_hands_white-sheet1.png,images/player_hands_white-sheet1.png,1,33,30,30,0.5,0.5
hands,t85,player_hands_white,axe_up,1,hands/player_hands_white-sheet1.png,images/player_hands_white-sheet1.png,33,33,30,30,0.5,0.5
hands,t85,player_hands_white,axe_up,2,hands/player_hands_white-sheet1.png,images/player_hands_white-sheet1.png,1,33,30,30,0.5,0.5
hands,t85,player_hands_white,axe_down,0,hands/player_hands_white-sheet1.png,images/player_hands_white-sheet1.png,65,33,30,30,0.5,0.5
hands,t85,player_hands_white,axe_down,1,hands/player_hands_white-sheet1.png,images/player_hands_white-sheet1.png,97,33,30,30,0.5,0.5
hands,t85,player_hands_white,axe_down,2,hands/player_hands_white-sheet1.png,images/player_hands_white-sheet1.png,65,33,30,30,0.5,0.5
hands,t85,player_hands_white,axe_left,0,hands/player_hands_white-sheet1.png,images/player_hands_white-sheet1.png,1,65,30,30,0.5,0.5
hands,t85,player_hands_white,axe_left,1,hands/player_hands_white-sheet1.png,images/player_hands_white-sheet1.png,33,65,30,30,0.5,0.5
hands,t85,player_hands_white,axe_left,2,hands/player_hands_white-sheet1.png,images/player_hands_white-sheet1.png,65,65,30,30,0.5,0.5
hands,t85,player_hands_white,axe_right,0,hands/player_hands_white-sheet1.png,images/player_hands_white-sheet1.png,97,65,30,30,0.5,0.5
hands,t85,player_hands_white,axe_right,1,hands/player_hands_white-sheet1.png,images/player_hands_white-sheet1.png,1,97,30,30,0.5,0.5
hands,t85,player_hands_white,axe_right,2,hands/player_hands_white-sheet1.png,images/player_hands_white-sheet1.png,97,65,30,30,0.5,0.5
hands,t85,player_hands_white,pistol_up,0,hands/player_hands_white-sheet1.png,images/player_hands_white-sheet1.png,33,97,30,30,0.5,0.5
hands,t85,player_hands_white,pistol_down,0,hands/player_hands_white-sheet1.png,images/player_hands_white-sheet1.png,65,97,30,30,0.5,0.5
hands,t85,player_hands_white,pistol_left,0,hands/player_hands_white-sheet1.png,images/player_hands_white-sheet1.png,97,97,30,30,0.5,0.5
hands,t85,player_hands_white,pistol_right,0,hands/player_hands_white-sheet2.png,images/player_hands_white-sheet2.png,1,1,30,30,0.5,0.5
hands,t85,player_hands_white,twohand_down,0,hands/player_hands_white-sheet2.png,images/player_hands_white-sheet2.png,33,1,30,30,0.5,0.5
hands,t85,player_hands_white,twohand_up,0,hands/player_hands_white-sheet2.png,images/player_hands_white-sheet2.png,65,1,30,30,0.5,0.5
hands,t85,player_hands_white,twohand_left,0,hands/player_hands_white-sheet2.png,images/player_hands_white-sheet2.png,97,1,30,30,0.5,0.5
hands,t85,player_hands_white,twohand_right,0,hands/player_hands_white-sheet2.png,images/player_hands_white-sheet2.png,1,33,30,30,0.5,0.5
hands,t85,player_hands_white,using_item,0,hands/player_hands_white-sheet2.png,images/player_hands_white-sheet2.png,33,33,30,30,0.5,0.5
hands,t85,player_hands_white,using_item,1,hands/player_hands_white-sheet2.png,images/player_hands_white-sheet2.png,65,33,30,30,0.5,0.5
hands,t85,player_hands_white,using_item,2,hands/player_hands_white-sheet2.png,images/player_hands_white-sheet2.png,97,33,30,30,0.5,0.5
hands,t85,player_hands_white,using_item,3,hands/player_hands_white-sheet2.png,images/player_hands_white-sheet2.png,65,33,30,30,0.5,0.5
top,t77,cloak_brown,idle_down,0,top/cloak_brown-sheet0.png,images/cloak_brown-sheet0.png,1,1,30,30,0.5,0.5
top,t77,cloak_brown,idle_up,0,top/cloak_brown-sheet0.png,images/cloak_brown-sheet0.png,33,1,30,30,0.5,0.5
top,t77,cloak_brown,idle_right,0,top/cloak_brown-sheet0.png,images/cloak_brown-sheet0.png,65,1,30,30,0.5,0.5
top,t77,cloak_brown,idle_left,0,top/cloak_brown-sheet0.png,images/cloak_brown-sheet0.png,97,1,30,30,0.5,0.5
top,t77,cloak_brown,run_down,0,top/cloak_brown-sheet0.png,images/cloak_brown-sheet0.png,1,33,30,30,0.5,0.5
top,t77,cloak_brown,run_down,1,top/cloak_brown-sheet0.png,images/cloak_brown-sheet0.png,33,33,30,30,0.5,0.5
top,t77,cloak_brown,run_down,2,top/cloak_brown-sheet0.png,images/cloak_brown-sheet0.png,65,33,30,30,0.5,0.5
top,t77,cloak_brown,run_down,3,top/cloak_brown-sheet0.png,images/cloak_brown-sheet0.png,97,33,30,30,0.5,0.5
top,t77,cloak_brown,run_up,0,top/cloak_brown-sheet0.png,images/cloak_brown-sheet0.png,1,65,30,30,0.5,0.5
top,t77,cloak_brown,run_up,1,top/cloak_brown-sheet0.png,images/cloak_brown-sheet0.png,33,65,30,30,0.5,0.5
top,t77,cloak_brown,run_up,2,top/cloak_brown-sheet0.png,images/cloak_brown-sheet0.png,65,65,30,30,0.5,0.5
top,t77,cloak_brown,run_up,3,top/cloak_brown-sheet0.png,images/cloak_brown-sheet0.png,97,65,30,30,0.5,0.5
top,t77,cloak_brown,run_right,0,top/cloak_brown-sheet0.png,images/cloak_brown-sheet0.png,1,97,30,30,0.5,0.5
top,t77,cloak_brown,run_right,1,top/cloak_brown-sheet0.png,images/cloak_brown-sheet0.png,33,97,30,30,0.5,0.5
top,t77,cloak_brown,run_right,2,top/cloak_brown-sheet0.png,images/cloak_brown-sheet0.png,65,97,30,30,0.5,0.5
top,t77,cloak_brown,run_right,3,top/cloak_brown-sheet0.png,images/cloak_brown-sheet0.png,97,97,30,30,0.5,0.5
top,t77,cloak_brown,run_left,0,top/cloak_brown-sheet1.png,images/cloak_brown-sheet1.png,1,1,30,30,0.5,0.5
top,t77,cloak_brown,run_left,1,top/cloak_brown-sheet1.png,images/cloak_brown-sheet1.png,33,1,30,30,0.5,0.5
top,t77,cloak_brown,run_left,2,top/cloak_brown-sheet1.png,images/cloak_brown-sheet1.png,65,1,30,30,0.5,0.5
top,t77,cloak_brown,run_left,3,top/cloak_brown-sheet1.png,images/cloak_brown-sheet1.png,97,1,30,30,0.5,0.5
top,t77,cloak_brown,axe_up,0,top/cloak_brown-sheet1.png,images/cloak_brown-sheet1.png,1,33,30,30,0.5,0.5
top,t77,cloak_brown,axe_up,1,top/cloak_brown-sheet1.png,images/cloak_brown-sheet1.png,33,33,30,30,0.5,0.5
top,t77,cloak_brown,axe_up,2,top/cloak_brown-sheet1.png,images/cloak_brown-sheet1.png,1,33,30,30,0.5,0.5
top,t77,cloak_brown,axe_down,0,top/cloak_brown-sheet1.png,images/cloak_brown-sheet1.png,65,33,30,30,0.5,0.5
top,t77,cloak_brown,axe_down,1,top/cloak_brown-sheet1.png,images/cloak_brown-sheet1.png,97,33,30,30,0.5,0.5
top,t77,cloak_brown,axe_down,2,top/cloak_brown-sheet1.png,images/cloak_brown-sheet1.png,65,33,30,30,0.5,0.5
top,t77,cloak_brown,axe_left,0,top/cloak_brown-sheet1.png,images/cloak_brown-sheet1.png,1,65,30,30,0.5,0.5
top,t77,cloak_brown,axe_left,1,top/cloak_brown-sheet1.png,images/cloak_brown-sheet1.png,33,65,30,30,0.5,0.5
top,t77,cloak_brown,axe_left,2,top/cloak_brown-sheet1.png,images/cloak_brown-sheet1.png,1,65,30,30,0.5,0.5
top,t77,cloak_brown,axe_right,0,top/cloak_brown-sheet1.png,images/cloak_brown-sheet1.png,65,65,30,30,0.5,0.5
top,t77,cloak_brown,axe_right,1,top/cloak_brown-sheet1.png,images/cloak_brown-sheet1.png,97,65,30,30,0.5,0.5
top,t77,cloak_brown,axe_right,2,top/cloak_brown-sheet1.png,images/cloak_brown-sheet1.png,65,65,30,30,0.5,0.5
top,t77,cloak_brown,pistol_up,0,top/cloak_brown-sheet1.png,images/cloak_brown-sheet1.png,1,97,30,30,0.5,0.5
top,t77,cloak_brown,pistol_down,0,top/cloak_brown-sheet1.png,images/cloak_brown-sheet1.png,33,97,30,30,0.5,0.5
top,t77,cloak_brown,pistol_left,0,top/cloak_brown-sheet1.png,images/cloak_brown-sheet1.png,65,97,30,30,0.5,0.5
top,t77,cloak_brown,pistol_right,0,top/cloak_brown-sheet1.png,images/cloak_brown-sheet1.png,97,97,30,30,0.5,0.5
top,t77,cloak_brown,twohand_down,0,top/cloak_brown-sheet2.png,images/cloak_brown-sheet2.png,1,1,30,30,0.5,0.5
top,t77,cloak_brown,twohand_up,0,top/cloak_brown-sheet2.png,images/cloak_brown-sheet2.png,33,1,30,30,0.5,0.5
top,t77,cloak_brown,twohand_left,0,top/cloak_brown-sheet2.png,images/cloak_brown-sheet2.png,65,1,30,30,0.5,0.5
top,t77,cloak_brown,twohand_right,0,top/cloak_brown-sheet2.png,images/cloak_brown-sheet2.png,97,1,30,30,0.5,0.5
top,t77,cloak_brown,using_item,0,top/cloak_brown-sheet2.png,images/cloak_brown-sheet2.png,1,33,30,30,0.5,0.5
top,t77,cloak_brown,using_item,1,top/cloak_brown-sheet2.png,images/cloak_brown-sheet2.png,33,33,30,30,0.5,0.5
top,t77,cloak_brown,using_item,2,top/cloak_brown-sheet2.png,images/cloak_brown-sheet2.png,65,33,30,30,0.5,0.5
top,t77,cloak_brown,using_item,3,top/cloak_brown-sheet2.png,images/cloak_brown-sheet2.png,33,33,30,30,0.5,0.5
top,t459,down_jacket,idle_down,0,top/down_jacket-sheet0.png,images/down_jacket-sheet0.png,1,1,30,30,0.5,0.5
top,t459,down_jacket,idle_up,0,top/down_jacket-sheet0.png,images/down_jacket-sheet0.png,33,1,30,30,0.5,0.5
top,t459,down_jacket,idle_right,0,top/down_jacket-sheet0.png,images/down_jacket-sheet0.png,65,1,30,30,0.5,0.5
top,t459,down_jacket,idle_left,0,top/down_jacket-sheet0.png,images/down_jacket-sheet0.png,97,1,30,30,0.5,0.5
top,t459,down_jacket,run_down,0,top/down_jacket-sheet0.png,images/down_jacket-sheet0.png,1,33,30,30,0.5,0.5
top,t459,down_jacket,run_down,1,top/down_jacket-sheet0.png,images/down_jacket-sheet0.png,33,33,30,30,0.5,0.5
top,t459,down_jacket,run_down,2,top/down_jacket-sheet0.png,images/down_jacket-sheet0.png,65,33,30,30,0.5,0.5
top,t459,down_jacket,run_down,3,top/down_jacket-sheet0.png,images/down_jacket-sheet0.png,97,33,30,30,0.5,0.5
top,t459,down_jacket,run_up,0,top/down_jacket-sheet0.png,images/down_jacket-sheet0.png,1,65,30,30,0.5,0.5
top,t459,down_jacket,run_up,1,top/down_jacket-sheet0.png,images/down_jacket-sheet0.png,33,65,30,30,0.5,0.5
top,t459,down_jacket,run_up,2,top/down_jacket-sheet0.png,images/down_jacket-sheet0.png,65,65,30,30,0.5,0.5
top,t459,down_jacket,run_up,3,top/down_jacket-sheet0.png,images/down_jacket-sheet0.png,97,65,30,30,0.5,0.5
top,t459,down_jacket,run_right,0,top/down_jacket-sheet0.png,images/down_jacket-sheet0.png,1,97,30,30,0.5,0.5
top,t459,down_jacket,run_right,1,top/down_jacket-sheet0.png,images/down_jacket-sheet0.png,33,97,30,30,0.5,0.5
top,t459,down_jacket,run_right,2,top/down_jacket-sheet0.png,images/down_jacket-sheet0.png,65,97,30,30,0.5,0.5
top,t459,down_jacket,run_right,3,top/down_jacket-sheet0.png,images/down_jacket-sheet0.png,97,97,30,30,0.5,0.5
top,t459,down_jacket,run_left,0,top/down_jacket-sheet1.png,images/down_jacket-sheet1.png,1,1,30,30,0.5,0.5
top,t459,down_jacket,run_left,1,top/down_jacket-sheet1.png,images/down_jacket-sheet1.png,33,1,30,30,0.5,0.5
top,t459,down_jacket,run_left,2,top/down_jacket-sheet1.png,images/down_jacket-sheet1.png,65,1,30,30,0.5,0.5
top,t459,down_jacket,run_left,3,top/down_jacket-sheet1.png,images/down_jacket-sheet1.png,97,1,30,30,0.5,0.5
top,t459,down_jacket,axe_up,0,top/down_jacket-sheet1.png,images/down_jacket-sheet1.png,1,33,30,30,0.5,0.5
top,t459,down_jacket,axe_up,1,top/down_jacket-sheet1.png,images/down_jacket-sheet1.png,33,33,30,30,0.5,0.5
top,t459,down_jacket,axe_up,2,top/down_jacket-sheet1.png,images/down_jacket-sheet1.png,1,33,30,30,0.5,0.5
top,t459,down_jacket,axe_down,0,top/down_jacket-sheet1.png,images/down_jacket-sheet1.png,65,33,30,30,0.5,0.5
top,t459,down_jacket,axe_down,1,top/down_jacket-sheet1.png,images/down_jacket-sheet1.png,97,33,30,30,0.5,0.5
top,t459,down_jacket,axe_down,2,top/down_jacket-sheet1.png,images/down_jacket-sheet1.png,65,33,30,30,0.5,0.5
top,t459,down_jacket,axe_left,0,top/down_jacket-sheet1.png,images/down_jacket-sheet1.png,1,65,30,30,0.5,0.5
top,t459,down_jacket,axe_left,1,top/down_jacket-sheet1.png,images/down_jacket-sheet1.png,33,65,30,30,0.5,0.5
top,t459,down_jacket,axe_left,2,top/down_jacket-sheet1.png,images/down_jacket-sheet1.png,1,65,30,30,0.5,0.5
top,t459,down_jacket,axe_right,0,top/down_jacket-sheet1.png,images/down_jacket-sheet1.png,65,65,30,30,0.5,0.5
top,t459,down_jacket,axe_right,1,top/down_jacket-sheet1.png,images/down_jacket-sheet1.png,97,65,30,30,0.5,0.5
top,t459,down_jacket,axe_right,2,top/down_jacket-sheet1.png,images/down_jacket-sheet1.png,65,65,30,30,0.5,0.5
top,t459,down_jacket,pistol_up,0,top/down_jacket-sheet1.png,images/down_jacket-sheet1.png,1,97,30,30,0.5,0.5
top,t459,down_jacket,pistol_down,0,top/down_jacket-sheet1.png,images/down_jacket-sheet1.png,33,97,30,30,0.5,0.5
top,t459,down_jacket,pistol_left,0,top/down_jacket-sheet1.png,images/down_jacket-sheet1.png,65,97,30,30,0.5,0.5
top,t459,down_jacket,pistol_right,0,top/down_jacket-sheet1.png,images/down_jacket-sheet1.png,97,97,30,30,0.5,0.5
top,t459,down_jacket,twohand_down,0,top/down_jacket-sheet2.png,images/down_jacket-sheet2.png,1,1,30,30,0.5,0.5
top,t459,down_jacket,twohand_up,0,top/down_jacket-sheet2.png,images/down_jacket-sheet2.png,33,1,30,30,0.5,0.5
top,t459,down_jacket,twohand_left,0,top/down_jacket-sheet2.png,images/down_jacket-sheet2.png,65,1,30,30,0.5,0.5
top,t459,down_jacket,twohand_right,0,top/down_jacket-sheet2.png,images/down_jacket-sheet2.png,97,1,30,30,0.5,0.5
top,t459,down_jacket,using_item,0,top/down_jacket-sheet2.png,images/down_jacket-sheet2.png,1,33,30,30,0.5,0.5
top,t459,down_jacket,using_item,1,top/down_jacket-sheet2.png,images/down_jacket-sheet2.png,33,33,30,30,0.5,0.5
top,t459,down_jacket,using_item,2,top/down_jacket-sheet2.png,images/down_jacket-sheet2.png,65,33,30,30,0.5,0.5
top,t459,down_jacket,using_item,3,top/down_jacket-sheet2.png,images/down_jacket-sheet2.png,33,33,30,30,0.5,0.5
top,t458,dress,idle_down,0,top/dress-sheet0.png,images/dress-sheet0.png,1,1,30,30,0.5,0.5
top,t458,dress,idle_up,0,top/dress-sheet0.png,images/dress-sheet0.png,33,1,30,30,0.5,0.5
top,t458,dress,idle_right,0,top/dress-sheet0.png,images/dress-sheet0.png,65,1,30,30,0.5,0.5
top,t458,dress,idle_left,0,top/dress-sheet0.png,images/dress-sheet0.png,97,1,30,30,0.5,0.5
top,t458,dress,run_down,0,top/dress-sheet0.png,images/dress-sheet0.png,1,33,30,30,0.5,0.5
top,t458,dress,run_down,1,top/dress-sheet0.png,images/dress-sheet0.png,33,33,30,30,0.5,0.5
top,t458,dress,run_down,2,top/dress-sheet0.png,images/dress-sheet0.png,65,33,30,30,0.5,0.5
top,t458,dress,run_down,3,top/dress-sheet0.png,images/dress-sheet0.png,97,33,30,30,0.5,0.5
top,t458,dress,run_up,0,top/dress-sheet0.png,images/dress-sheet0.png,1,65,30,30,0.5,0.5
top,t458,dress,run_up,1,top/dress-sheet0.png,images/dress-sheet0.png,33,65,30,30,0.5,0.5
top,t458,dress,run_up,2,top/dress-sheet0.png,images/dress-sheet0.png,65,65,30,30,0.5,0.5
top,t458,dress,run_up,3,top/dress-sheet0.png,images/dress-sheet0.png,97,65,30,30,0.5,0.5
top,t458,dress,run_right,0,top/dress-sheet0.png,images/dress-sheet0.png,1,97,30,30,0.5,0.5
top,t458,dress,run_right,1,top/dress-sheet0.png,images/dress-sheet0.png,33,97,30,30,0.5,0.5
top,t458,dress,run_right,2,top/dress-sheet0.png,images/dress-sheet0.png,65,97,30,30,0.5,0.5
top,t458,dress,run_right,3,top/dress-sheet0.png,images/dress-sheet0.png,97,97,30,30,0.5,0.5
top,t458,dress,run_left,0,top/dress-sheet1.png,images/dress-sheet1.png,1,1,30,30,0.5,0.5
top,t458,dress,run_left,1,top/dress-sheet1.png,images/dress-sheet1.png,33,1,30,30,0.5,0.5
top,t458,dress,run_left,2,top/dress-sheet1.png,images/dress-sheet1.png,65,1,30,30,0.5,0.5
top,t458,dress,run_left,3,top/dress-sheet1.png,images/dress-sheet1.png,97,1,30,30,0.5,0.5
top,t458,dress,axe_up,0,top/dress-sheet1.png,images/dress-sheet1.png,1,33,30,30,0.5,0.5
top,t458,dress,axe_up,1,top/dress-sheet1.png,images/dress-sheet1.png,33,33,30,30,0.5,0.5
top,t458,dress,axe_up,2,top/dress-sheet1.png,images/dress-sheet1.png,1,33,30,30,0.5,0.5
top,t458,dress,axe_down,0,top/dress-sheet1.png,images/dress-sheet1.png,65,33,30,30,0.5,0.5
top,t458,dress,axe_down,1,top/dress-sheet1.png,images/dress-sheet1.png,97,33,30,30,0.5,0.5
top,t458,dress,axe_down,2,top/dress-sheet1.png,images/dress-sheet1.png,65,33,30,30,0.5,0.5
top,t458,dress,axe_left,0,top/dress-sheet1.png,images/dress-sheet1.png,1,65,30,30,0.5,0.5
top,t458,dress,axe_left,1,top/dress-sheet1.png,images/dress-sheet1.png,33,65,30,30,0.5,0.5
top,t458,dress,axe_left,2,top/dress-sheet1.png,images/dress-sheet1.png,1,65,30,30,0.5,0.5
top,t458,dress,axe_right,0,top/dress-sheet1.png,images/dress-sheet1.png,65,65,30,30,0.5,0.5
top,t458,dress,axe_right,1,top/dress-sheet1.png,images/dress-sheet1.png,97,65,30,30,0.5,0.5
top,t458,dress,axe_right,2,top/dress-sheet1.png,images/dress-sheet1.png,65,65,30,30,0.5,0.5
top,t458,dress,pistol_up,0,top/dress-sheet1.png,images/dress-sheet1.png,1,97,30,30,0.5,0.5
top,t458,dress,pistol_down,0,top/dress-sheet1.png,images/dress-sheet1.png,33,97,30,30,0.5,0.5
top,t458,dress,pistol_left,0,top/dress-sheet1.png,images/dress-sheet1.png,65,97,30,30,0.5,0.5
top,t458,dress,pistol_right,0,top/dress-sheet1.png,images/dress-sheet1.png,97,97,30,30,0.5,0.5
top,t458,dress,twohand_down,0,top/dress-sheet2.png,images/dress-sheet2.png,1,1,30,30,0.5,0.5
top,t458,dress,twohand_up,0,top/dress-sheet0.png,images/dress-sheet0.png,33,1,30,30,0.5,0.5
top,t458,dress,twohand_left,0,top/dress-sheet2.png,images/dress-sheet2.png,33,1,30,30,0.5,0.5
top,t458,dress,twohand_right,0,top/dress-sheet2.png,images/dress-sheet2.png,65,1,30,30,0.5,0.5
top,t458,dress,using_item,0,top/dress-sheet2.png,images/dress-sheet2.png,97,1,30,30,0.5,0.5
top,t458,dress,using_item,1,top/dress-sheet2.png,images/dress-sheet2.png,1,33,30,30,0.5,0.5
top,t458,dress,using_item,2,top/dress-sheet2.png,images/dress-sheet2.png,33,33,30,30,0.5,0.5
top,t458,dress,using_item,3,top/dress-sheet2.png,images/dress-sheet2.png,1,33,30,30,0.5,0.5
top,t78,gorka_jacket,idle_down,0,top/gorka_jacket-sheet0.png,images/gorka_jacket-sheet0.png,1,1,30,30,0.5,0.5
top,t78,gorka_jacket,idle_up,0,top/gorka_jacket-sheet0.png,images/gorka_jacket-sheet0.png,33,1,30,30,0.5,0.5
top,t78,gorka_jacket,idle_right,0,top/gorka_jacket-sheet0.png,images/gorka_jacket-sheet0.png,65,1,30,30,0.5,0.5
top,t78,gorka_jacket,idle_left,0,top/gorka_jacket-sheet0.png,images/gorka_jacket-sheet0.png,97,1,30,30,0.5,0.5
top,t78,gorka_jacket,run_down,0,top/gorka_jacket-sheet0.png,images/gorka_jacket-sheet0.png,1,33,30,30,0.5,0.5
top,t78,gorka_jacket,run_down,1,top/gorka_jacket-sheet0.png,images/gorka_jacket-sheet0.png,33,33,30,30,0.5,0.5
top,t78,gorka_jacket,run_down,2,top/gorka_jacket-sheet0.png,images/gorka_jacket-sheet0.png,65,33,30,30,0.5,0.5
top,t78,gorka_jacket,run_down,3,top/gorka_jacket-sheet0.png,images/gorka_jacket-sheet0.png,97,33,30,30,0.5,0.5
top,t78,gorka_jacket,run_up,0,top/gorka_jacket-sheet0.png,images/gorka_jacket-sheet0.png,1,65,30,30,0.5,0.5
top,t78,gorka_jacket,run_up,1,top/gorka_jacket-sheet0.png,images/gorka_jacket-sheet0.png,33,65,30,30,0.5,0.5
top,t78,gorka_jacket,run_up,2,top/gorka_jacket-sheet0.png,images/gorka_jacket-sheet0.png,65,65,30,30,0.5,0.5
top,t78,gorka_jacket,run_up,3,top/gorka_jacket-sheet0.png,images/gorka_jacket-sheet0.png,97,65,30,30,0.5,0.5
top,t78,gorka_jacket,run_right,0,top/gorka_jacket-sheet0.png,images/gorka_jacket-sheet0.png,1,97,30,30,0.5,0.5
top,t78,gorka_jacket,run_right,1,top/gorka_jacket-sheet0.png,images/gorka_jacket-sheet0.png,33,97,30,30,0.5,0.5
top,t78,gorka_jacket,run_right,2,top/gorka_jacket-sheet0.png,images/gorka_jacket-sheet0.png,65,97,30,30,0.5,0.5
top,t78,gorka_jacket,run_right,3,top/gorka_jacket-sheet0.png,images/gorka_jacket-sheet0.png,97,97,30,30,0.5,0.5
top,t78,gorka_jacket,run_left,0,top/gorka_jacket-sheet1.png,images/gorka_jacket-sheet1.png,1,1,30,30,0.5,0.5
top,t78,gorka_jacket,run_left,1,top/gorka_jacket-sheet1.png,images/gorka_jacket-sheet1.png,33,1,30,30,0.5,0.5
top,t78,gorka_jacket,run_left,2,top/gorka_jacket-sheet1.png,images/gorka_jacket-sheet1.png,65,1,30,30,0.5,0.5
top,t78,gorka_jacket,run_left,3,top/gorka_jacket-sheet1.png,images/gorka_jacket-sheet1.png,97,1,30,30,0.5,0.5
top,t78,gorka_jacket,axe_up,0,top/gorka_jacket-sheet1.png,images/gorka_jacket-sheet1.png,1,33,30,30,0.5,0.5
top,t78,gorka_jacket,axe_up,1,top/gorka_jacket-sheet1.png,images/gorka_jacket-sheet1.png,33,33,30,30,0.5,0.5
top,t78,gorka_jacket,axe_up,2,top/gorka_jacket-sheet1.png,images/gorka_jacket-sheet1.png,1,33,30,30,0.5,0.5
top,t78,gorka_jacket,axe_down,0,top/gorka_jacket-sheet1.png,images/gorka_jacket-sheet1.png,65,33,30,30,0.5,0.5
top,t78,gorka_jacket,axe_down,1,top/gorka_jacket-sheet1.png,images/gorka_jacket-sheet1.png,97,33,30,30,0.5,0.5
top,t78,gorka_jacket,axe_down,2,top/gorka_jacket-sheet1.png,images/gorka_jacket-sheet1.png,65,33,30,30,0.5,0.5
top,t78,gorka_jacket,axe_left,0,top/gorka_jacket-sheet1.png,images/gorka_jacket-sheet1.png,1,65,30,30,0.5,0.5
top,t78,gorka_jacket,axe_left,1,top/gorka_jacket-sheet1.png,images/gorka_jacket-sheet1.png,33,65,30,30,0.5,0.5
top,t78,gorka_jacket,axe_left,2,top/gorka_jacket-sheet1.png,images/gorka_jacket-sheet1.png,1,65,30,30,0.5,0.5
top,t78,gorka_jacket,axe_right,0,top/gorka_jacket-sheet1.png,images/gorka_jacket-sheet1.png,65,65,30,30,0.5,0.5
top,t78,gorka_jacket,axe_right,1,top/gorka_jacket-sheet1.png,images/gorka_jacket-sheet1.png,97,65,30,30,0.5,0.5
top,t78,gorka_jacket,axe_right,2,top/gorka_jacket-sheet1.png,images/gorka_jacket-sheet1.png,65,65,30,30,0.5,0.5
top,t78,gorka_jacket,pistol_up,0,top/gorka_jacket-sheet1.png,images/gorka_jacket-sheet1.png,1,97,30,30,0.5,0.5
top,t78,gorka_jacket,pistol_down,0,top/gorka_jacket-sheet1.png,images/gorka_jacket-sheet1.png,33,97,30,30,0.5,0.5
top,t78,gorka_jacket,pistol_left,0,top/gorka_jacket-sheet1.png,images/gorka_jacket-sheet1.png,65,97,30,30,0.5,0.5
top,t78,gorka_jacket,pistol_right,0,top/gorka_jacket-sheet1.png,images/gorka_jacket-sheet1.png,97,97,30,30,0.5,0.5
top,t78,gorka_jacket,twohand_down,0,top/gorka_jacket-sheet2.png,images/gorka_jacket-sheet2.png,1,1,30,30,0.5,0.5
top,t78,gorka_jacket,twohand_up,0,top/gorka_jacket-sheet2.png,images/gorka_jacket-sheet2.png,33,1,30,30,0.5,0.5
top,t78,gorka_jacket,twohand_left,0,top/gorka_jacket-sheet2.png,images/gorka_jacket-sheet2.png,65,1,30,30,0.5,0.5
top,t78,gorka_jacket,twohand_right,0,top/gorka_jacket-sheet2.png,images/gorka_jacket-sheet2.png,97,1,30,30,0.5,0.5
top,t78,gorka_jacket,using_item,0,top/gorka_jacket-sheet2.png,images/gorka_jacket-sheet2.png,1,33,30,30,0.5,0.5
top,t78,gorka_jacket,using_item,1,top/gorka_jacket-sheet2.png,images/gorka_jacket-sheet2.png,33,33,30,30,0.5,0.5
top,t78,gorka_jacket,using_item,2,top/gorka_jacket-sheet2.png,images/gorka_jacket-sheet2.png,65,33,30,30,0.5,0.5
top,t78,gorka_jacket,using_item,3,top/gorka_jacket-sheet2.png,images/gorka_jacket-sheet2.png,33,33,30,30,0.5,0.5
top,t49,hoodie_gray,idle_down,0,top/hoodie_gray-sheet0.png,images/hoodie_gray-sheet0.png,1,1,30,30,0.5,0.5
top,t49,hoodie_gray,idle_up,0,top/hoodie_gray-sheet0.png,images/hoodie_gray-sheet0.png,33,1,30,30,0.5,0.5
top,t49,hoodie_gray,idle_right,0,top/hoodie_gray-sheet0.png,images/hoodie_gray-sheet0.png,65,1,30,30,0.5,0.5
top,t49,hoodie_gray,idle_left,0,top/hoodie_gray-sheet0.png,images/hoodie_gray-sheet0.png,97,1,30,30,0.5,0.5
top,t49,hoodie_gray,run_down,0,top/hoodie_gray-sheet0.png,images/hoodie_gray-sheet0.png,1,33,30,30,0.5,0.5
top,t49,hoodie_gray,run_down,1,top/hoodie_gray-sheet0.png,images/hoodie_gray-sheet0.png,33,33,30,30,0.5,0.5
top,t49,hoodie_gray,run_down,2,top/hoodie_gray-sheet0.png,images/hoodie_gray-sheet0.png,65,33,30,30,0.5,0.5
top,t49,hoodie_gray,run_down,3,top/hoodie_gray-sheet0.png,images/hoodie_gray-sheet0.png,97,33,30,30,0.5,0.5
top,t49,hoodie_gray,run_up,0,top/hoodie_gray-sheet0.png,images/hoodie_gray-sheet0.png,1,65,30,30,0.5,0.5
top,t49,hoodie_gray,run_up,1,top/hoodie_gray-sheet0.png,images/hoodie_gray-sheet0.png,33,65,30,30,0.5,0.5
top,t49,hoodie_gray,run_up,2,top/hoodie_gray-sheet0.png,images/hoodie_gray-sheet0.png,65,65,30,30,0.5,0.5
top,t49,hoodie_gray,run_up,3,top/hoodie_gray-sheet0.png,images/hoodie_gray-sheet0.png,97,65,30,30,0.5,0.5
top,t49,hoodie_gray,run_right,0,top/hoodie_gray-sheet0.png,images/hoodie_gray-sheet0.png,1,97,30,30,0.5,0.5
top,t49,hoodie_gray,run_right,1,top/hoodie_gray-sheet0.png,images/hoodie_gray-sheet0.png,33,97,30,30,0.5,0.5
top,t49,hoodie_gray,run_right,2,top/hoodie_gray-sheet0.png,images/hoodie_gray-sheet0.png,65,97,30,30,0.5,0.5
top,t49,hoodie_gray,run_right,3,top/hoodie_gray-sheet0.png,images/hoodie_gray-sheet0.png,97,97,30,30,0.5,0.5
top,t49,hoodie_gray,run_left,0,top/hoodie_gray-sheet1.png,images/hoodie_gray-sheet1.png,1,1,30,30,0.5,0.5
top,t49,hoodie_gray,run_left,1,top/hoodie_gray-sheet1.png,images/hoodie_gray-sheet1.png,33,1,30,30,0.5,0.5
top,t49,hoodie_gray,run_left,2,top/hoodie_gray-sheet1.png,images/hoodie_gray-sheet1.png,65,1,30,30,0.5,0.5
top,t49,hoodie_gray,run_left,3,top/hoodie_gray-sheet1.png,images/hoodie_gray-sheet1.png,97,1,30,30,0.5,0.5
top,t49,hoodie_gray,axe_up,0,top/hoodie_gray-sheet1.png,images/hoodie_gray-sheet1.png,1,33,30,30,0.5,0.5
top,t49,hoodie_gray,axe_up,1,top/hoodie_gray-sheet1.png,images/hoodie_gray-sheet1.png,33,33,30,30,0.5,0.5
top,t49,hoodie_gray,axe_up,2,top/hoodie_gray-sheet1.png,images/hoodie_gray-sheet1.png,1,33,30,30,0.5,0.5
top,t49,hoodie_gray,axe_down,0,top/hoodie_gray-sheet1.png,images/hoodie_gray-sheet1.png,65,33,30,30,0.5,0.5
top,t49,hoodie_gray,axe_down,1,top/hoodie_gray-sheet1.png,images/hoodie_gray-sheet1.png,97,33,30,30,0.5,0.5
top,t49,hoodie_gray,axe_down,2,top/hoodie_gray-sheet1.png,images/hoodie_gray-sheet1.png,65,33,30,30,0.5,0.5
top,t49,hoodie_gray,axe_left,0,top/hoodie_gray-sheet1.png,images/hoodie_gray-sheet1.png,1,65,30,30,0.5,0.5
top,t49,hoodie_gray,axe_left,1,top/hoodie_gray-sheet1.png,images/hoodie_gray-sheet1.png,33,65,30,30,0.5,0.5
top,t49,hoodie_gray,axe_left,2,top/hoodie_gray-sheet1.png,images/hoodie_gray-sheet1.png,1,65,30,30,0.5,0.5
top,t49,hoodie_gray,axe_right,0,top/hoodie_gray-sheet1.png,images/hoodie_gray-sheet1.png,65,65,30,30,0.5,0.5
top,t49,hoodie_gray,axe_right,1,top/hoodie_gray-sheet1.png,images/hoodie_gray-sheet1.png,97,65,30,30,0.5,0.5
top,t49,hoodie_gray,axe_right,2,top/hoodie_gray-sheet1.png,images/hoodie_gray-sheet1.png,65,65,30,30,0.5,0.5
top,t49,hoodie_gray,pistol_up,0,top/hoodie_gray-sheet1.png,images/hoodie_gray-sheet1.png,1,97,30,30,0.5,0.5
top,t49,hoodie_gray,pistol_down,0,top/hoodie_gray-sheet1.png,images/hoodie_gray-sheet1.png,33,97,30,30,0.5,0.5
top,t49,hoodie_gray,pistol_left,0,top/hoodie_gray-sheet1.png,images/hoodie_gray-sheet1.png,65,97,30,30,0.5,0.5
top,t49,hoodie_gray,pistol_right,0,top/hoodie_gray-sheet1.png,images/hoodie_gray-sheet1.png,97,97,30,30,0.5,0.5
top,t49,hoodie_gray,twohand_down,0,top/hoodie_gray-sheet2.png,images/hoodie_gray-sheet2.png,1,1,30,30,0.5,0.5
top,t49,hoodie_gray,twohand_up,0,top/hoodie_gray-sheet2.png,images/hoodie_gray-sheet2.png,33,1,30,30,0.5,0.5
top,t49,hoodie_gray,twohand_left,0,top/hoodie_gray-sheet2.png,images/hoodie_gray-sheet2.png,65,1,30,30,0.5,0.5
top,t49,hoodie_gray,twohand_right,0,top/hoodie_gray-sheet2.png,images/hoodie_gray-sheet2.png,97,1,30,30,0.5,0.5
top,t49,hoodie_gray,using_item,0,top/hoodie_gray-sheet2.png,images/hoodie_gray-sheet2.png,1,33,30,30,0.5,0.5
top,t49,hoodie_gray,using_item,1,top/hoodie_gray-sheet2.png,images/hoodie_gray-sheet2.png,33,33,30,30,0.5,0.5
top,t49,hoodie_gray,using_item,2,top/hoodie_gray-sheet2.png,images/hoodie_gray-sheet2.png,65,33,30,30,0.5,0.5
top,t49,hoodie_gray,using_item,3,top/hoodie_gray-sheet2.png,images/hoodie_gray-sheet2.png,33,33,30,30,0.5,0.5
top,t63,hoodie_red,idle_down,0,top/hoodie_red-sheet0.png,images/hoodie_red-sheet0.png,1,1,30,30,0.5,0.5
top,t63,hoodie_red,idle_up,0,top/hoodie_red-sheet0.png,images/hoodie_red-sheet0.png,33,1,30,30,0.5,0.5
top,t63,hoodie_red,idle_right,0,top/hoodie_red-sheet0.png,images/hoodie_red-sheet0.png,65,1,30,30,0.5,0.5
top,t63,hoodie_red,idle_left,0,top/hoodie_red-sheet0.png,images/hoodie_red-sheet0.png,97,1,30,30,0.5,0.5
top,t63,hoodie_red,run_down,0,top/hoodie_red-sheet0.png,images/hoodie_red-sheet0.png,1,33,30,30,0.5,0.5
top,t63,hoodie_red,run_down,1,top/hoodie_red-sheet0.png,images/hoodie_red-sheet0.png,33,33,30,30,0.5,0.5
top,t63,hoodie_red,run_down,2,top/hoodie_red-sheet0.png,images/hoodie_red-sheet0.png,65,33,30,30,0.5,0.5
top,t63,hoodie_red,run_down,3,top/hoodie_red-sheet0.png,images/hoodie_red-sheet0.png,97,33,30,30,0.5,0.5
top,t63,hoodie_red,run_up,0,top/hoodie_red-sheet0.png,images/hoodie_red-sheet0.png,1,65,30,30,0.5,0.5
top,t63,hoodie_red,run_up,1,top/hoodie_red-sheet0.png,images/hoodie_red-sheet0.png,33,65,30,30,0.5,0.5
top,t63,hoodie_red,run_up,2,top/hoodie_red-sheet0.png,images/hoodie_red-sheet0.png,65,65,30,30,0.5,0.5
top,t63,hoodie_red,run_up,3,top/hoodie_red-sheet0.png,images/hoodie_red-sheet0.png,97,65,30,30,0.5,0.5
top,t63,hoodie_red,run_right,0,top/hoodie_red-sheet0.png,images/hoodie_red-sheet0.png,1,97,30,30,0.5,0.5
top,t63,hoodie_red,run_right,1,top/hoodie_red-sheet0.png,images/hoodie_red-sheet0.png,33,97,30,30,0.5,0.5
top,t63,hoodie_red,run_right,2,top/hoodie_red-sheet0.png,images/hoodie_red-sheet0.png,65,97,30,30,0.5,0.5
top,t63,hoodie_red,run_right,3,top/hoodie_red-sheet0.png,images/hoodie_red-sheet0.png,97,97,30,30,0.5,0.5
top,t63,hoodie_red,run_left,0,top/hoodie_red-sheet1.png,images/hoodie_red-sheet1.png,1,1,30,30,0.5,0.5
top,t63,hoodie_red,run_left,1,top/hoodie_red-sheet1.png,images/hoodie_red-sheet1.png,33,1,30,30,0.5,0.5
top,t63,hoodie_red,run_left,2,top/hoodie_red-sheet1.png,images/hoodie_red-sheet1.png,65,1,30,30,0.5,0.5
top,t63,hoodie_red,run_left,3,top/hoodie_red-sheet1.png,images/hoodie_red-sheet1.png,97,1,30,30,0.5,0.5
top,t63,hoodie_red,axe_up,0,top/hoodie_red-sheet1.png,images/hoodie_red-sheet1.png,1,33,30,30,0.5,0.5
top,t63,hoodie_red,axe_up,1,top/hoodie_red-sheet1.png,images/hoodie_red-sheet1.png,33,33,30,30,0.5,0.5
top,t63,hoodie_red,axe_up,2,top/hoodie_red-sheet1.png,images/hoodie_red-sheet1.png,1,33,30,30,0.5,0.5
top,t63,hoodie_red,axe_down,0,top/hoodie_red-sheet1.png,images/hoodie_red-sheet1.png,65,33,30,30,0.5,0.5
top,t63,hoodie_red,axe_down,1,top/hoodie_red-sheet1.png,images/hoodie_red-sheet1.png,97,33,30,30,0.5,0.5
top,t63,hoodie_red,axe_down,2,top/hoodie_red-sheet1.png,images/hoodie_red-sheet1.png,65,33,30,30,0.5,0.5
top,t63,hoodie_red,axe_left,0,top/hoodie_red-sheet1.png,images/hoodie_red-sheet1.png,1,65,30,30,0.5,0.5
top,t63,hoodie_red,axe_left,1,top/hoodie_red-sheet1.png,images/hoodie_red-sheet1.png,33,65,30,30,0.5,0.5
top,t63,hoodie_red,axe_left,2,top/hoodie_red-sheet1.png,images/hoodie_red-sheet1.png,1,65,30,30,0.5,0.5
top,t63,hoodie_red,axe_right,0,top/hoodie_red-sheet1.png,images/hoodie_red-sheet1.png,65,65,30,30,0.5,0.5
top,t63,hoodie_red,axe_right,1,top/hoodie_red-sheet1.png,images/hoodie_red-sheet1.png,97,65,30,30,0.5,0.5
top,t63,hoodie_red,axe_right,2,top/hoodie_red-sheet1.png,images/hoodie_red-sheet1.png,65,65,30,30,0.5,0.5
top,t63,hoodie_red,pistol_up,0,top/hoodie_red-sheet1.png,images/hoodie_red-sheet1.png,1,97,30,30,0.5,0.5
top,t63,hoodie_red,pistol_down,0,top/hoodie_red-sheet1.png,images/hoodie_red-sheet1.png,33,97,30,30,0.5,0.5
top,t63,hoodie_red,pistol_left,0,top/hoodie_red-sheet1.png,images/hoodie_red-sheet1.png,65,97,30,30,0.5,0.5
top,t63,hoodie_red,pistol_right,0,top/hoodie_red-sheet1.png,images/hoodie_red-sheet1.png,97,97,30,30,0.5,0.5
top,t63,hoodie_red,twohand_down,0,top/hoodie_red-sheet2.png,images/hoodie_red-sheet2.png,1,1,30,30,0.5,0.5
top,t63,hoodie_red,twohand_up,0,top/hoodie_red-sheet2.png,images/hoodie_red-sheet2.png,33,1,30,30,0.5,0.5
top,t63,hoodie_red,twohand_left,0,top/hoodie_red-sheet2.png,images/hoodie_red-sheet2.png,65,1,30,30,0.5,0.5
top,t63,hoodie_red,twohand_right,0,top/hoodie_red-sheet2.png,images/hoodie_red-sheet2.png,97,1,30,30,0.5,0.5
top,t63,hoodie_red,using_item,0,top/hoodie_red-sheet2.png,images/hoodie_red-sheet2.png,1,33,30,30,0.5,0.5
top,t63,hoodie_red,using_item,1,top/hoodie_red-sheet2.png,images/hoodie_red-sheet2.png,33,33,30,30,0.5,0.5
top,t63,hoodie_red,using_item,2,top/hoodie_red-sheet2.png,images/hoodie_red-sheet2.png,65,33,30,30,0.5,0.5
top,t63,hoodie_red,using_item,3,top/hoodie_red-sheet2.png,images/hoodie_red-sheet2.png,33,33,30,30,0.5,0.5
top,t147,hoodie_red_true,idle_down,0,top/hoodie_red_true-sheet0.png,images/hoodie_red_true-sheet0.png,1,1,30,30,0.5,0.5
top,t147,hoodie_red_true,idle_up,0,top/hoodie_red_true-sheet0.png,images/hoodie_red_true-sheet0.png,33,1,30,30,0.5,0.5
top,t147,hoodie_red_true,idle_right,0,top/hoodie_red_true-sheet0.png,images/hoodie_red_true-sheet0.png,65,1,30,30,0.5,0.5
top,t147,hoodie_red_true,idle_left,0,top/hoodie_red_true-sheet0.png,images/hoodie_red_true-sheet0.png,97,1,30,30,0.5,0.5
top,t147,hoodie_red_true,run_down,0,top/hoodie_red_true-sheet0.png,images/hoodie_red_true-sheet0.png,1,33,30,30,0.5,0.5
top,t147,hoodie_red_true,run_down,1,top/hoodie_red_true-sheet0.png,images/hoodie_red_true-sheet0.png,33,33,30,30,0.5,0.5
top,t147,hoodie_red_true,run_down,2,top/hoodie_red_true-sheet0.png,images/hoodie_red_true-sheet0.png,65,33,30,30,0.5,0.5
top,t147,hoodie_red_true,run_down,3,top/hoodie_red_true-sheet0.png,images/hoodie_red_true-sheet0.png,97,33,30,30,0.5,0.5
top,t147,hoodie_red_true,run_up,0,top/hoodie_red_true-sheet0.png,images/hoodie_red_true-sheet0.png,1,65,30,30,0.5,0.5
top,t147,hoodie_red_true,run_up,1,top/hoodie_red_true-sheet0.png,images/hoodie_red_true-sheet0.png,33,65,30,30,0.5,0.5
top,t147,hoodie_red_true,run_up,2,top/hoodie_red_true-sheet0.png,images/hoodie_red_true-sheet0.png,65,65,30,30,0.5,0.5
top,t147,hoodie_red_true,run_up,3,top/hoodie_red_true-sheet0.png,images/hoodie_red_true-sheet0.png,97,65,30,30,0.5,0.5
top,t147,hoodie_red_true,run_right,0,top/hoodie_red_true-sheet0.png,images/hoodie_red_true-sheet0.png,1,97,30,30,0.5,0.5
top,t147,hoodie_red_true,run_right,1,top/hoodie_red_true-sheet0.png,images/hoodie_red_true-sheet0.png,33,97,30,30,0.5,0.5
top,t147,hoodie_red_true,run_right,2,top/hoodie_red_true-sheet0.png,images/hoodie_red_true-sheet0.png,65,97,30,30,0.5,0.5
top,t147,hoodie_red_true,run_right,3,top/hoodie_red_true-sheet0.png,images/hoodie_red_true-sheet0.png,97,97,30,30,0.5,0.5
top,t147,hoodie_red_true,run_left,0,top/hoodie_red_true-sheet1.png,images/hoodie_red_true-sheet1.png,1,1,30,30,0.5,0.5
top,t147,hoodie_red_true,run_left,1,top/hoodie_red_true-sheet1.png,images/hoodie_red_true-sheet1.png,33,1,30,30,0.5,0.5
top,t147,hoodie_red_true,run_left,2,top/hoodie_red_true-sheet1.png,images/hoodie_red_true-sheet1.png,65,1,30,30,0.5,0.5
top,t147,hoodie_red_true,run_left,3,top/hoodie_red_true-sheet1.png,images/hoodie_red_true-sheet1.png,97,1,30,30,0.5,0.5
top,t147,hoodie_red_true,axe_up,0,top/hoodie_red_true-sheet1.png,images/hoodie_red_true-sheet1.png,1,33,30,30,0.5,0.5
top,t147,hoodie_red_true,axe_up,1,top/hoodie_red_true-sheet1.png,images/hoodie_red_true-sheet1.png,33,33,30,30,0.5,0.5
top,t147,hoodie_red_true,axe_up,2,top/hoodie_red_true-sheet1.png,images/hoodie_red_true-sheet1.png,1,33,30,30,0.5,0.5
top,t147,hoodie_red_true,axe_down,0,top/hoodie_red_true-sheet1.png,images/hoodie_red_true-sheet1.png,65,33,30,30,0.5,0.5
top,t147,hoodie_red_true,axe_down,1,top/hoodie_red_true-sheet1.png,images/hoodie_red_true-sheet1.png,97,33,30,30,0.5,0.5
top,t147,hoodie_red_true,axe_down,2,top/hoodie_red_true-sheet1.png,images/hoodie_red_true-sheet1.png,65,33,30,30,0.5,0.5
top,t147,hoodie_red_true,axe_left,0,top/hoodie_red_true-sheet1.png,images/hoodie_red_true-sheet1.png,1,65,30,30,0.5,0.5
top,t147,hoodie_red_true,axe_left,1,top/hoodie_red_true-sheet1.png,images/hoodie_red_true-sheet1.png,33,65,30,30,0.5,0.5
top,t147,hoodie_red_true,axe_left,2,top/hoodie_red_true-sheet1.png,images/hoodie_red_true-sheet1.png,1,65,30,30,0.5,0.5
top,t147,hoodie_red_true,axe_right,0,top/hoodie_red_true-sheet1.png,images/hoodie_red_true-sheet1.png,65,65,30,30,0.5,0.5
top,t147,hoodie_red_true,axe_right,1,top/hoodie_red_true-sheet1.png,images/hoodie_red_true-sheet1.png,97,65,30,30,0.5,0.5
top,t147,hoodie_red_true,axe_right,2,top/hoodie_red_true-sheet1.png,images/hoodie_red_true-sheet1.png,65,65,30,30,0.5,0.5
top,t147,hoodie_red_true,pistol_up,0,top/hoodie_red_true-sheet1.png,images/hoodie_red_true-sheet1.png,1,97,30,30,0.5,0.5
top,t147,hoodie_red_true,pistol_down,0,top/hoodie_red_true-sheet1.png,images/hoodie_red_true-sheet1.png,33,97,30,30,0.5,0.5
top,t147,hoodie_red_true,pistol_left,0,top/hoodie_red_true-sheet1.png,images/hoodie_red_true-sheet1.png,65,97,30,30,0.5,0.5
top,t147,hoodie_red_true,pistol_right,0,top/hoodie_red_true-sheet1.png,images/hoodie_red_true-sheet1.png,97,97,30,30,0.5,0.5
top,t147,hoodie_red_true,twohand_down,0,top/hoodie_red_true-sheet2.png,images/hoodie_red_true-sheet2.png,1,1,30,30,0.5,0.5
top,t147,hoodie_red_true,twohand_up,0,top/hoodie_red_true-sheet2.png,images/hoodie_red_true-sheet2.png,33,1,30,30,0.5,0.5
top,t147,hoodie_red_true,twohand_left,0,top/hoodie_red_true-sheet2.png,images/hoodie_red_true-sheet2.png,65,1,30,30,0.5,0.5
top,t147,hoodie_red_true,twohand_right,0,top/hoodie_red_true-sheet2.png,images/hoodie_red_true-sheet2.png,97,1,30,30,0.5,0.5
top,t147,hoodie_red_true,using_item,0,top/hoodie_red_true-sheet2.png,images/hoodie_red_true-sheet2.png,1,33,30,30,0.5,0.5
top,t147,hoodie_red_true,using_item,1,top/hoodie_red_true-sheet2.png,images/hoodie_red_true-sheet2.png,33,33,30,30,0.5,0.5
top,t147,hoodie_red_true,using_item,2,top/hoodie_red_true-sheet2.png,images/hoodie_red_true-sheet2.png,65,33,30,30,0.5,0.5
top,t147,hoodie_red_true,using_item,3,top/hoodie_red_true-sheet2.png,images/hoodie_red_true-sheet2.png,33,33,30,30,0.5,0.5
top,t1362,fire_jacket,idle_down,0,top/fire_jacket-sheet0.png,images/fire_jacket-sheet0.png,1,1,30,30,0.5,0.5
top,t1362,fire_jacket,idle_up,0,top/fire_jacket-sheet0.png,images/fire_jacket-sheet0.png,33,1,30,30,0.5,0.5
top,t1362,fire_jacket,idle_right,0,top/fire_jacket-sheet0.png,images/fire_jacket-sheet0.png,65,1,30,30,0.5,0.5
top,t1362,fire_jacket,idle_left,0,top/fire_jacket-sheet0.png,images/fire_jacket-sheet0.png,97,1,30,30,0.5,0.5
top,t1362,fire_jacket,run_down,0,top/fire_jacket-sheet0.png,images/fire_jacket-sheet0.png,1,33,30,30,0.5,0.5
top,t1362,fire_jacket,run_down,1,top/fire_jacket-sheet0.png,images/fire_jacket-sheet0.png,33,33,30,30,0.5,0.5
top,t1362,fire_jacket,run_down,2,top/fire_jacket-sheet0.png,images/fire_jacket-sheet0.png,65,33,30,30,0.5,0.5
top,t1362,fire_jacket,run_down,3,top/fire_jacket-sheet0.png,images/fire_jacket-sheet0.png,97,33,30,30,0.5,0.5
top,t1362,fire_jacket,run_up,0,top/fire_jacket-sheet0.png,images/fire_jacket-sheet0.png,1,65,30,30,0.5,0.5
top,t1362,fire_jacket,run_up,1,top/fire_jacket-sheet0.png,images/fire_jacket-sheet0.png,33,65,30,30,0.5,0.5
top,t1362,fire_jacket,run_up,2,top/fire_jacket-sheet0.png,images/fire_jacket-sheet0.png,65,65,30,30,0.5,0.5
top,t1362,fire_jacket,run_up,3,top/fire_jacket-sheet0.png,images/fire_jacket-sheet0.png,97,65,30,30,0.5,0.5
top,t1362,fire_jacket,run_right,0,top/fire_jacket-sheet0.png,images/fire_jacket-sheet0.png,1,97,30,30,0.5,0.5
top,t1362,fire_jacket,run_right,1,top/fire_jacket-sheet0.png,images/fire_jacket-sheet0.png,33,97,30,30,0.5,0.5
top,t1362,fire_jacket,run_right,2,top/fire_jacket-sheet0.png,images/fire_jacket-sheet0.png,65,97,30,30,0.5,0.5
top,t1362,fire_jacket,run_right,3,top/fire_jacket-sheet0.png,images/fire_jacket-sheet0.png,97,97,30,30,0.5,0.5
top,t1362,fire_jacket,run_left,0,top/fire_jacket-sheet1.png,images/fire_jacket-sheet1.png,1,1,30,30,0.5,0.5
top,t1362,fire_jacket,run_left,1,top/fire_jacket-sheet1.png,images/fire_jacket-sheet1.png,33,1,30,30,0.5,0.5
top,t1362,fire_jacket,run_left,2,top/fire_jacket-sheet1.png,images/fire_jacket-sheet1.png,65,1,30,30,0.5,0.5
top,t1362,fire_jacket,run_left,3,top/fire_jacket-sheet1.png,images/fire_jacket-sheet1.png,97,1,30,30,0.5,0.5
top,t1362,fire_jacket,axe_up,0,top/fire_jacket-sheet1.png,images/fire_jacket-sheet1.png,1,33,30,30,0.5,0.5
top,t1362,fire_jacket,axe_up,1,top/fire_jacket-sheet1.png,images/fire_jacket-sheet1.png,33,33,30,30,0.5,0.5
top,t1362,fire_jacket,axe_up,2,top/fire_jacket-sheet1.png,images/fire_jacket-sheet1.png,1,33,30,30,0.5,0.5
top,t1362,fire_jacket,axe_down,0,top/fire_jacket-sheet1.png,images/fire_jacket-sheet1.png,65,33,30,30,0.5,0.5
top,t1362,fire_jacket,axe_down,1,top/fire_jacket-sheet1.png,images/fire_jacket-sheet1.png,97,33,30,30,0.5,0.5
top,t1362,fire_jacket,axe_down,2,top/fire_jacket-sheet1.png,images/fire_jacket-sheet1.png,65,33,30,30,0.5,0.5
top,t1362,fire_jacket,axe_left,0,top/fire_jacket-sheet1.png,images/fire_jacket-sheet1.png,1,65,30,30,0.5,0.5
top,t1362,fire_jacket,axe_left,1,top/fire_jacket-sheet1.png,images/fire_jacket-sheet1.png,33,65,30,30,0.5,0.5
top,t1362,fire_jacket,axe_left,2,top/fire_jacket-sheet1.png,images/fire_jacket-sheet1.png,1,65,30,30,0.5,0.5
top,t1362,fire_jacket,axe_right,0,top/fire_jacket-sheet1.png,images/fire_jacket-sheet1.png,65,65,30,30,0.5,0.5
top,t1362,fire_jacket,axe_right,1,top/fire_jacket-sheet1.png,images/fire_jacket-sheet1.png,97,65,30,30,0.5,0.5
top,t1362,fire_jacket,axe_right,2,top/fire_jacket-sheet1.png,images/fire_jacket-sheet1.png,65,65,30,30,0.5,0.5
top,t1362,fire_jacket,pistol_up,0,top/fire_jacket-sheet1.png,images/fire_jacket-sheet1.png,1,97,30,30,0.5,0.5
top,t1362,fire_jacket,pistol_down,0,top/fire_jacket-sheet1.png,images/fire_jacket-sheet1.png,33,97,30,30,0.5,0.5
top,t1362,fire_jacket,pistol_left,0,top/fire_jacket-sheet1.png,images/fire_jacket-sheet1.png,65,97,30,30,0.5,0.5
top,t1362,fire_jacket,pistol_right,0,top/fire_jacket-sheet1.png,images/fire_jacket-sheet1.png,97,97,30,30,0.5,0.5
top,t1362,fire_jacket,twohand_down,0,top/fire_jacket-sheet2.png,images/fire_jacket-sheet2.png,1,1,30,30,0.5,0.5
top,t1362,fire_jacket,twohand_up,0,top/fire_jacket-sheet2.png,images/fire_jacket-sheet2.png,33,1,30,30,0.5,0.5
top,t1362,fire_jacket,twohand_left,0,top/fire_jacket-sheet2.png,images/fire_jacket-sheet2.png,65,1,30,30,0.5,0.5
top,t1362,fire_jacket,twohand_right,0,top/fire_jacket-sheet2.png,images/fire_jacket-sheet2.png,97,1,30,30,0.5,0.5
top,t1362,fire_jacket,using_item,0,top/fire_jacket-sheet2.png,images/fire_jacket-sheet2.png,1,33,30,30,0.5,0.5
top,t1362,fire_jacket,using_item,1,top/fire_jacket-sheet2.png,images/fire_jacket-sheet2.png,33,33,30,30,0.5,0.5
top,t1362,fire_jacket,using_item,2,top/fire_jacket-sheet2.png,images/fire_jacket-sheet2.png,65,33,30,30,0.5,0.5
top,t1362,fire_jacket,using_item,3,top/fire_jacket-sheet2.png,images/fire_jacket-sheet2.png,33,33,30,30,0.5,0.5
top,t1373,suolian,idle_down,0,top/suolian-sheet0.png,images/suolian-sheet0.png,1,1,30,30,0.5,0.5
top,t1373,suolian,idle_up,0,top/suolian-sheet0.png,images/suolian-sheet0.png,33,1,30,30,0.5,0.5
top,t1373,suolian,idle_right,0,top/suolian-sheet0.png,images/suolian-sheet0.png,65,1,30,30,0.5,0.5
top,t1373,suolian,idle_left,0,top/suolian-sheet0.png,images/suolian-sheet0.png,97,1,30,30,0.5,0.5
top,t1373,suolian,run_down,0,top/suolian-sheet0.png,images/suolian-sheet0.png,1,33,30,30,0.5,0.5
top,t1373,suolian,run_down,1,top/suolian-sheet0.png,images/suolian-sheet0.png,33,33,30,30,0.5,0.5
top,t1373,suolian,run_down,2,top/suolian-sheet0.png,images/suolian-sheet0.png,65,33,30,30,0.5,0.5
top,t1373,suolian,run_down,3,top/suolian-sheet0.png,images/suolian-sheet0.png,97,33,30,30,0.5,0.5
top,t1373,suolian,run_up,0,top/suolian-sheet0.png,images/suolian-sheet0.png,1,65,30,30,0.5,0.5
top,t1373,suolian,run_up,1,top/suolian-sheet0.png,images/suolian-sheet0.png,33,65,30,30,0.5,0.5
top,t1373,suolian,run_up,2,top/suolian-sheet0.png,images/suolian-sheet0.png,65,65,30,30,0.5,0.5
top,t1373,suolian,run_up,3,top/suolian-sheet0.png,images/suolian-sheet0.png,97,65,30,30,0.5,0.5
top,t1373,suolian,run_right,0,top/suolian-sheet0.png,images/suolian-sheet0.png,1,97,30,30,0.5,0.5
top,t1373,suolian,run_right,1,top/suolian-sheet0.png,images/suolian-sheet0.png,33,97,30,30,0.5,0.5
top,t1373,suolian,run_right,2,top/suolian-sheet0.png,images/suolian-sheet0.png,65,97,30,30,0.5,0.5
top,t1373,suolian,run_right,3,top/suolian-sheet0.png,images/suolian-sheet0.png,97,97,30,30,0.5,0.5
top,t1373,suolian,run_left,0,top/suolian-sheet1.png,images/suolian-sheet1.png,1,1,30,30,0.5,0.5
top,t1373,suolian,run_left,1,top/suolian-sheet1.png,images/suolian-sheet1.png,33,1,30,30,0.5,0.5
top,t1373,suolian,run_left,2,top/suolian-sheet1.png,images/suolian-sheet1.png,65,1,30,30,0.5,0.5
top,t1373,suolian,run_left,3,top/suolian-sheet1.png,images/suolian-sheet1.png,97,1,30,30,0.5,0.5
top,t1373,suolian,axe_up,0,top/suolian-sheet1.png,images/suolian-sheet1.png,1,33,30,30,0.5,0.5
top,t1373,suolian,axe_up,1,top/suolian-sheet1.png,images/suolian-sheet1.png,33,33,30,30,0.5,0.5
top,t1373,suolian,axe_up,2,top/suolian-sheet1.png,images/suolian-sheet1.png,1,33,30,30,0.5,0.5
top,t1373,suolian,axe_down,0,top/suolian-sheet1.png,images/suolian-sheet1.png,65,33,30,30,0.5,0.5
top,t1373,suolian,axe_down,1,top/suolian-sheet1.png,images/suolian-sheet1.png,97,33,30,30,0.5,0.5
top,t1373,suolian,axe_down,2,top/suolian-sheet1.png,images/suolian-sheet1.png,65,33,30,30,0.5,0.5
top,t1373,suolian,axe_left,0,top/suolian-sheet1.png,images/suolian-sheet1.png,1,65,30,30,0.5,0.5
top,t1373,suolian,axe_left,1,top/suolian-sheet1.png,images/suolian-sheet1.png,33,65,30,30,0.5,0.5
top,t1373,suolian,axe_left,2,top/suolian-sheet1.png,images/suolian-sheet1.png,1,65,30,30,0.5,0.5
top,t1373,suolian,axe_right,0,top/suolian-sheet1.png,images/suolian-sheet1.png,65,65,30,30,0.5,0.5
top,t1373,suolian,axe_right,1,top/suolian-sheet1.png,images/suolian-sheet1.png,97,65,30,30,0.5,0.5
top,t1373,suolian,axe_right,2,top/suolian-sheet1.png,images/suolian-sheet1.png,65,65,30,30,0.5,0.5
top,t1373,suolian,pistol_up,0,top/suolian-sheet1.png,images/suolian-sheet1.png,1,97,30,30,0.5,0.5
top,t1373,suolian,pistol_down,0,top/suolian-sheet1.png,images/suolian-sheet1.png,33,97,30,30,0.5,0.5
top,t1373,suolian,pistol_left,0,top/suolian-sheet1.png,images/suolian-sheet1.png,65,97,30,30,0.5,0.5
top,t1373,suolian,pistol_right,0,top/suolian-sheet1.png,images/suolian-sheet1.png,97,97,30,30,0.5,0.5
top,t1373,suolian,twohand_down,0,top/suolian-sheet2.png,images/suolian-sheet2.png,1,1,30,30,0.5,0.5
top,t1373,suolian,twohand_up,0,top/suolian-sheet2.png,images/suolian-sheet2.png,33,1,30,30,0.5,0.5
top,t1373,suolian,twohand_left,0,top/suolian-sheet2.png,images/suolian-sheet2.png,65,1,30,30,0.5,0.5
top,t1373,suolian,twohand_right,0,top/suolian-sheet2.png,images/suolian-sheet2.png,97,1,30,30,0.5,0.5
top,t1373,suolian,using_item,0,top/suolian-sheet2.png,images/suolian-sheet2.png,1,33,30,30,0.5,0.5
top,t1373,suolian,using_item,1,top/suolian-sheet2.png,images/suolian-sheet2.png,33,33,30,30,0.5,0.5
top,t1373,suolian,using_item,2,top/suolian-sheet2.png,images/suolian-sheet2.png,65,33,30,30,0.5,0.5
top,t1373,suolian,using_item,3,top/suolian-sheet2.png,images/suolian-sheet2.png,33,33,30,30,0.5,0.5
top,t461,hunter_jacket,idle_down,0,top/hunter_jacket-sheet0.png,images/hunter_jacket-sheet0.png,1,1,30,30,0.5,0.5
top,t461,hunter_jacket,idle_up,0,top/hunter_jacket-sheet0.png,images/hunter_jacket-sheet0.png,33,1,30,30,0.5,0.5
top,t461,hunter_jacket,idle_right,0,top/hunter_jacket-sheet0.png,images/hunter_jacket-sheet0.png,65,1,30,30,0.5,0.5
top,t461,hunter_jacket,idle_left,0,top/hunter_jacket-sheet0.png,images/hunter_jacket-sheet0.png,97,1,30,30,0.5,0.5
top,t461,hunter_jacket,run_down,0,top/hunter_jacket-sheet0.png,images/hunter_jacket-sheet0.png,1,33,30,30,0.5,0.5
top,t461,hunter_jacket,run_down,1,top/hunter_jacket-sheet0.png,images/hunter_jacket-sheet0.png,33,33,30,30,0.5,0.5
top,t461,hunter_jacket,run_down,2,top/hunter_jacket-sheet0.png,images/hunter_jacket-sheet0.png,65,33,30,30,0.5,0.5
top,t461,hunter_jacket,run_down,3,top/hunter_jacket-sheet0.png,images/hunter_jacket-sheet0.png,97,33,30,30,0.5,0.5
top,t461,hunter_jacket,run_up,0,top/hunter_jacket-sheet0.png,images/hunter_jacket-sheet0.png,1,65,30,30,0.5,0.5
top,t461,hunter_jacket,run_up,1,top/hunter_jacket-sheet0.png,images/hunter_jacket-sheet0.png,33,65,30,30,0.5,0.5
top,t461,hunter_jacket,run_up,2,top/hunter_jacket-sheet0.png,images/hunter_jacket-sheet0.png,65,65,30,30,0.5,0.5
top,t461,hunter_jacket,run_up,3,top/hunter_jacket-sheet0.png,images/hunter_jacket-sheet0.png,97,65,30,30,0.5,0.5
top,t461,hunter_jacket,run_right,0,top/hunter_jacket-sheet0.png,images/hunter_jacket-sheet0.png,1,97,30,30,0.5,0.5
top,t461,hunter_jacket,run_right,1,top/hunter_jacket-sheet0.png,images/hunter_jacket-sheet0.png,33,97,30,30,0.5,0.5
top,t461,hunter_jacket,run_right,2,top/hunter_jacket-sheet0.png,images/hunter_jacket-sheet0.png,65,97,30,30,0.5,0.5
top,t461,hunter_jacket,run_right,3,top/hunter_jacket-sheet0.png,images/hunter_jacket-sheet0.png,97,97,30,30,0.5,0.5
top,t461,hunter_jacket,run_left,0,top/hunter_jacket-sheet1.png,images/hunter_jacket-sheet1.png,1,1,30,30,0.5,0.5
top,t461,hunter_jacket,run_left,1,top/hunter_jacket-sheet1.png,images/hunter_jacket-sheet1.png,33,1,30,30,0.5,0.5
top,t461,hunter_jacket,run_left,2,top/hunter_jacket-sheet1.png,images/hunter_jacket-sheet1.png,65,1,30,30,0.5,0.5
top,t461,hunter_jacket,run_left,3,top/hunter_jacket-sheet1.png,images/hunter_jacket-sheet1.png,97,1,30,30,0.5,0.5
top,t461,hunter_jacket,axe_up,0,top/hunter_jacket-sheet1.png,images/hunter_jacket-sheet1.png,1,33,30,30,0.5,0.5
top,t461,hunter_jacket,axe_up,1,top/hunter_jacket-sheet1.png,images/hunter_jacket-sheet1.png,33,33,30,30,0.5,0.5
top,t461,hunter_jacket,axe_up,2,top/hunter_jacket-sheet1.png,images/hunter_jacket-sheet1.png,1,33,30,30,0.5,0.5
top,t461,hunter_jacket,axe_down,0,top/hunter_jacket-sheet1.png,images/hunter_jacket-sheet1.png,65,33,30,30,0.5,0.5
top,t461,hunter_jacket,axe_down,1,top/hunter_jacket-sheet1.png,images/hunter_jacket-sheet1.png,97,33,30,30,0.5,0.5
top,t461,hunter_jacket,axe_down,2,top/hunter_jacket-sheet1.png,images/hunter_jacket-sheet1.png,65,33,30,30,0.5,0.5
top,t461,hunter_jacket,axe_left,0,top/hunter_jacket-sheet1.png,images/hunter_jacket-sheet1.png,1,65,30,30,0.5,0.5
top,t461,hunter_jacket,axe_left,1,top/hunter_jacket-sheet1.png,images/hunter_jacket-sheet1.png,33,65,30,30,0.5,0.5
top,t461,hunter_jacket,axe_left,2,top/hunter_jacket-sheet1.png,images/hunter_jacket-sheet1.png,1,65,30,30,0.5,0.5
top,t461,hunter_jacket,axe_right,0,top/hunter_jacket-sheet1.png,images/hunter_jacket-sheet1.png,65,65,30,30,0.5,0.5
top,t461,hunter_jacket,axe_right,1,top/hunter_jacket-sheet1.png,images/hunter_jacket-sheet1.png,97,65,30,30,0.5,0.5
top,t461,hunter_jacket,axe_right,2,top/hunter_jacket-sheet1.png,images/hunter_jacket-sheet1.png,65,65,30,30,0.5,0.5
top,t461,hunter_jacket,pistol_up,0,top/hunter_jacket-sheet1.png,images/hunter_jacket-sheet1.png,1,97,30,30,0.5,0.5
top,t461,hunter_jacket,pistol_down,0,top/hunter_jacket-sheet1.png,images/hunter_jacket-sheet1.png,33,97,30,30,0.5,0.5
top,t461,hunter_jacket,pistol_left,0,top/hunter_jacket-sheet1.png,images/hunter_jacket-sheet1.png,65,97,30,30,0.5,0.5
top,t461,hunter_jacket,pistol_right,0,top/hunter_jacket-sheet1.png,images/hunter_jacket-sheet1.png,97,97,30,30,0.5,0.5
top,t461,hunter_jacket,twohand_down,0,top/hunter_jacket-sheet2.png,images/hunter_jacket-sheet2.png,1,1,30,30,0.5,0.5
top,t461,hunter_jacket,twohand_up,0,top/hunter_jacket-sheet2.png,images/hunter_jacket-sheet2.png,33,1,30,30,0.5,0.5
top,t461,hunter_jacket,twohand_left,0,top/hunter_jacket-sheet2.png,images/hunter_jacket-sheet2.png,65,1,30,30,0.5,0.5
top,t461,hunter_jacket,twohand_right,0,top/hunter_jacket-sheet2.png,images/hunter_jacket-sheet2.png,97,1,30,30,0.5,0.5
top,t461,hunter_jacket,using_item,0,top/hunter_jacket-sheet2.png,images/hunter_jacket-sheet2.png,1,33,30,30,0.5,0.5
top,t461,hunter_jacket,using_item,1,top/hunter_jacket-sheet2.png,images/hunter_jacket-sheet2.png,33,33,30,30,0.5,0.5
top,t461,hunter_jacket,using_item,2,top/hunter_jacket-sheet2.png,images/hunter_jacket-sheet2.png,65,33,30,30,0.5,0.5
top,t461,hunter_jacket,using_item,3,top/hunter_jacket-sheet2.png,images/hunter_jacket-sheet2.png,33,33,30,30,0.5,0.5
top,t100,orel_jacket,idle_down,0,top/orel_jacket-sheet0.png,images/orel_jacket-sheet0.png,1,1,30,30,0.5,0.5
top,t100,orel_jacket,idle_up,0,top/orel_jacket-sheet0.png,images/orel_jacket-sheet0.png,33,1,30,30,0.5,0.5
top,t100,orel_jacket,idle_right,0,top/orel_jacket-sheet0.png,images/orel_jacket-sheet0.png,65,1,30,30,0.5,0.5
top,t100,orel_jacket,idle_left,0,top/orel_jacket-sheet0.png,images/orel_jacket-sheet0.png,97,1,30,30,0.5,0.5
top,t100,orel_jacket,run_down,0,top/orel_jacket-sheet0.png,images/orel_jacket-sheet0.png,1,33,30,30,0.5,0.5
top,t100,orel_jacket,run_down,1,top/orel_jacket-sheet0.png,images/orel_jacket-sheet0.png,33,33,30,30,0.5,0.5
top,t100,orel_jacket,run_down,2,top/orel_jacket-sheet0.png,images/orel_jacket-sheet0.png,65,33,30,30,0.5,0.5
top,t100,orel_jacket,run_down,3,top/orel_jacket-sheet0.png,images/orel_jacket-sheet0.png,97,33,30,30,0.5,0.5
top,t100,orel_jacket,run_up,0,top/orel_jacket-sheet0.png,images/orel_jacket-sheet0.png,1,65,30,30,0.5,0.5
top,t100,orel_jacket,run_up,1,top/orel_jacket-sheet0.png,images/orel_jacket-sheet0.png,33,65,30,30,0.5,0.5
top,t100,orel_jacket,run_up,2,top/orel_jacket-sheet0.png,images/orel_jacket-sheet0.png,65,65,30,30,0.5,0.5
top,t100,orel_jacket,run_up,3,top/orel_jacket-sheet0.png,images/orel_jacket-sheet0.png,97,65,30,30,0.5,0.5
top,t100,orel_jacket,run_right,0,top/orel_jacket-sheet0.png,images/orel_jacket-sheet0.png,1,97,30,30,0.5,0.5
top,t100,orel_jacket,run_right,1,top/orel_jacket-sheet0.png,images/orel_jacket-sheet0.png,33,97,30,30,0.5,0.5
top,t100,orel_jacket,run_right,2,top/orel_jacket-sheet0.png,images/orel_jacket-sheet0.png,65,97,30,30,0.5,0.5
top,t100,orel_jacket,run_right,3,top/orel_jacket-sheet0.png,images/orel_jacket-sheet0.png,97,97,30,30,0.5,0.5
top,t100,orel_jacket,run_left,0,top/orel_jacket-sheet1.png,images/orel_jacket-sheet1.png,1,1,30,30,0.5,0.5
top,t100,orel_jacket,run_left,1,top/orel_jacket-sheet1.png,images/orel_jacket-sheet1.png,33,1,30,30,0.5,0.5
top,t100,orel_jacket,run_left,2,top/orel_jacket-sheet1.png,images/orel_jacket-sheet1.png,65,1,30,30,0.5,0.5
top,t100,orel_jacket,run_left,3,top/orel_jacket-sheet1.png,images/orel_jacket-sheet1.png,97,1,30,30,0.5,0.5
top,t100,orel_jacket,axe_up,0,top/orel_jacket-sheet1.png,images/orel_jacket-sheet1.png,1,33,30,30,0.5,0.5
top,t100,orel_jacket,axe_up,1,top/orel_jacket-sheet1.png,images/orel_jacket-sheet1.png,33,33,30,30,0.5,0.5
top,t100,orel_jacket,axe_up,2,top/orel_jacket-sheet1.png,images/orel_jacket-sheet1.png,1,33,30,30,0.5,0.5
top,t100,orel_jacket,axe_down,0,top/orel_jacket-sheet1.png,images/orel_jacket-sheet1.png,65,33,30,30,0.5,0.5
top,t100,orel_jacket,axe_down,1,top/orel_jacket-sheet1.png,images/orel_jacket-sheet1.png,97,33,30,30,0.5,0.5
top,t100,orel_jacket,axe_down,2,top/orel_jacket-sheet1.png,images/orel_jacket-sheet1.png,65,33,30,30,0.5,0.5
top,t100,orel_jacket,axe_left,0,top/orel_jacket-sheet1.png,images/orel_jacket-sheet1.png,1,65,30,30,0.5,0.5
top,t100,orel_jacket,axe_left,1,top/orel_jacket-sheet1.png,images/orel_jacket-sheet1.png,33,65,30,30,0.5,0.5
top,t100,orel_jacket,axe_left,2,top/orel_jacket-sheet1.png,images/orel_jacket-sheet1.png,1,65,30,30,0.5,0.5
top,t100,orel_jacket,axe_right,0,top/orel_jacket-sheet1.png,images/orel_jacket-sheet1.png,65,65,30,30,0.5,0.5
top,t100,orel_jacket,axe_right,1,top/orel_jacket-sheet1.png,images/orel_jacket-sheet1.png,97,65,30,30,0.5,0.5
top,t100,orel_jacket,axe_right,2,top/orel_jacket-sheet1.png,images/orel_jacket-sheet1.png,65,65,30,30,0.5,0.5
top,t100,orel_jacket,pistol_up,0,top/orel_jacket-sheet1.png,images/orel_jacket-sheet1.png,1,97,30,30,0.5,0.5
top,t100,orel_jacket,pistol_down,0,top/orel_jacket-sheet1.png,images/orel_jacket-sheet1.png,33,97,30,30,0.5,0.5
top,t100,orel_jacket,pistol_left,0,top/orel_jacket-sheet1.png,images/orel_jacket-sheet1.png,65,97,30,30,0.5,0.5
top,t100,orel_jacket,pistol_right,0,top/orel_jacket-sheet1.png,images/orel_jacket-sheet1.png,97,97,30,30,0.5,0.5
top,t100,orel_jacket,twohand_down,0,top/orel_jacket-sheet2.png,images/orel_jacket-sheet2.png,1,1,30,30,0.5,0.5
top,t100,orel_jacket,twohand_up,0,top/orel_jacket-sheet2.png,images/orel_jacket-sheet2.png,33,1,30,30,0.5,0.5
top,t100,orel_jacket,twohand_left,0,top/orel_jacket-sheet2.png,images/orel_jacket-sheet2.png,65,1,30,30,0.5,0.5
top,t100,orel_jacket,twohand_right,0,top/orel_jacket-sheet2.png,images/orel_jacket-sheet2.png,97,1,30,30,0.5,0.5
top,t100,orel_jacket,using_item,0,top/orel_jacket-sheet2.png,images/orel_jacket-sheet2.png,1,33,30,30,0.5,0.5
top,t100,orel_jacket,using_item,1,top/orel_jacket-sheet2.png,images/orel_jacket-sheet2.png,33,33,30,30,0.5,0.5
top,t100,orel_jacket,using_item,2,top/orel_jacket-sheet2.png,images/orel_jacket-sheet2.png,65,33,30,30,0.5,0.5
top,t100,orel_jacket,using_item,3,top/orel_jacket-sheet2.png,images/orel_jacket-sheet2.png,33,33,30,30,0.5,0.5
top,t91,paramedic_jacket,idle_down,0,top/paramedic_jacket-sheet0.png,images/paramedic_jacket-sheet0.png,1,1,30,30,0.5,0.5
top,t91,paramedic_jacket,idle_up,0,top/paramedic_jacket-sheet0.png,images/paramedic_jacket-sheet0.png,33,1,30,30,0.5,0.5
top,t91,paramedic_jacket,idle_right,0,top/paramedic_jacket-sheet0.png,images/paramedic_jacket-sheet0.png,65,1,30,30,0.5,0.5
top,t91,paramedic_jacket,idle_left,0,top/paramedic_jacket-sheet0.png,images/paramedic_jacket-sheet0.png,97,1,30,30,0.5,0.5
top,t91,paramedic_jacket,run_down,0,top/paramedic_jacket-sheet0.png,images/paramedic_jacket-sheet0.png,1,33,30,30,0.5,0.5
top,t91,paramedic_jacket,run_down,1,top/paramedic_jacket-sheet0.png,images/paramedic_jacket-sheet0.png,33,33,30,30,0.5,0.5
top,t91,paramedic_jacket,run_down,2,top/paramedic_jacket-sheet0.png,images/paramedic_jacket-sheet0.png,65,33,30,30,0.5,0.5
top,t91,paramedic_jacket,run_down,3,top/paramedic_jacket-sheet0.png,images/paramedic_jacket-sheet0.png,97,33,30,30,0.5,0.5
top,t91,paramedic_jacket,run_up,0,top/paramedic_jacket-sheet0.png,images/paramedic_jacket-sheet0.png,1,65,30,30,0.5,0.5
top,t91,paramedic_jacket,run_up,1,top/paramedic_jacket-sheet0.png,images/paramedic_jacket-sheet0.png,33,65,30,30,0.5,0.5
top,t91,paramedic_jacket,run_up,2,top/paramedic_jacket-sheet0.png,images/paramedic_jacket-sheet0.png,65,65,30,30,0.5,0.5
top,t91,paramedic_jacket,run_up,3,top/paramedic_jacket-sheet0.png,images/paramedic_jacket-sheet0.png,97,65,30,30,0.5,0.5
top,t91,paramedic_jacket,run_right,0,top/paramedic_jacket-sheet0.png,images/paramedic_jacket-sheet0.png,1,97,30,30,0.5,0.5
top,t91,paramedic_jacket,run_right,1,top/paramedic_jacket-sheet0.png,images/paramedic_jacket-sheet0.png,33,97,30,30,0.5,0.5
top,t91,paramedic_jacket,run_right,2,top/paramedic_jacket-sheet0.png,images/paramedic_jacket-sheet0.png,65,97,30,30,0.5,0.5
top,t91,paramedic_jacket,run_right,3,top/paramedic_jacket-sheet0.png,images/paramedic_jacket-sheet0.png,97,97,30,30,0.5,0.5
top,t91,paramedic_jacket,run_left,0,top/paramedic_jacket-sheet1.png,images/paramedic_jacket-sheet1.png,1,1,30,30,0.5,0.5
top,t91,paramedic_jacket,run_left,1,top/paramedic_jacket-sheet1.png,images/paramedic_jacket-sheet1.png,33,1,30,30,0.5,0.5
top,t91,paramedic_jacket,run_left,2,top/paramedic_jacket-sheet1.png,images/paramedic_jacket-sheet1.png,65,1,30,30,0.5,0.5
top,t91,paramedic_jacket,run_left,3,top/paramedic_jacket-sheet1.png,images/paramedic_jacket-sheet1.png,97,1,30,30,0.5,0.5
top,t91,paramedic_jacket,axe_up,0,top/paramedic_jacket-sheet1.png,images/paramedic_jacket-sheet1.png,1,33,30,30,0.5,0.5
top,t91,paramedic_jacket,axe_up,1,top/paramedic_jacket-sheet1.png,images/paramedic_jacket-sheet1.png,33,33,30,30,0.5,0.5
top,t91,paramedic_jacket,axe_up,2,top/paramedic_jacket-sheet1.png,images/paramedic_jacket-sheet1.png,1,33,30,30,0.5,0.5
top,t91,paramedic_jacket,axe_down,0,top/paramedic_jacket-sheet1.png,images/paramedic_jacket-sheet1.png,65,33,30,30,0.5,0.5
top,t91,paramedic_jacket,axe_down,1,top/paramedic_jacket-sheet1.png,images/paramedic_jacket-sheet1.png,97,33,30,30,0.5,0.5
top,t91,paramedic_jacket,axe_down,2,top/paramedic_jacket-sheet1.png,images/paramedic_jacket-sheet1.png,65,33,30,30,0.5,0.5
top,t91,paramedic_jacket,axe_left,0,top/paramedic_jacket-sheet1.png,images/paramedic_jacket-sheet1.png,1,65,30,30,0.5,0.5
top,t91,paramedic_jacket,axe_left,1,top/paramedic_jacket-sheet1.png,images/paramedic_jacket-sheet1.png,33,65,30,30,0.5,0.5
top,t91,paramedic_jacket,axe_left,2,top/paramedic_jacket-sheet1.png,images/paramedic_jacket-sheet1.png,1,65,30,30,0.5,0.5
top,t91,paramedic_jacket,axe_right,0,top/paramedic_jacket-sheet1.png,images/paramedic_jacket-sheet1.png,65,65,30,30,0.5,0.5
top,t91,paramedic_jacket,axe_right,1,top/paramedic_jacket-sheet1.png,images/paramedic_jacket-sheet1.png,97,65,30,30,0.5,0.5
top,t91,paramedic_jacket,axe_right,2,top/paramedic_jacket-sheet1.png,images/paramedic_jacket-sheet1.png,65,65,30,30,0.5,0.5
top,t91,paramedic_jacket,pistol_up,0,top/paramedic_jacket-sheet1.png,images/paramedic_jacket-sheet1.png,1,97,30,30,0.5,0.5
top,t91,paramedic_jacket,pistol_down,0,top/paramedic_jacket-sheet1.png,images/paramedic_jacket-sheet1.png,33,97,30,30,0.5,0.5
top,t91,paramedic_jacket,pistol_left,0,top/paramedic_jacket-sheet1.png,images/paramedic_jacket-sheet1.png,65,97,30,30,0.5,0.5
top,t91,paramedic_jacket,pistol_right,0,top/paramedic_jacket-sheet1.png,images/paramedic_jacket-sheet1.png,97,97,30,30,0.5,0.5
top,t91,paramedic_jacket,twohand_down,0,top/paramedic_jacket-sheet2.png,images/paramedic_jacket-sheet2.png,1,1,30,30,0.5,0.5
top,t91,paramedic_jacket,twohand_up,0,top/paramedic_jacket-sheet2.png,images/paramedic_jacket-sheet2.png,33,1,30,30,0.5,0.5
top,t91,paramedic_jacket,twohand_left,0,top/paramedic_jacket-sheet2.png,images/paramedic_jacket-sheet2.png,65,1,30,30,0.5,0.5
top,t91,paramedic_jacket,twohand_right,0,top/paramedic_jacket-sheet2.png,images/paramedic_jacket-sheet2.png,97,1,30,30,0.5,0.5
top,t91,paramedic_jacket,using_item,0,top/paramedic_jacket-sheet2.png,images/paramedic_jacket-sheet2.png,1,33,30,30,0.5,0.5
top,t91,paramedic_jacket,using_item,1,top/paramedic_jacket-sheet2.png,images/paramedic_jacket-sheet2.png,33,33,30,30,0.5,0.5
top,t91,paramedic_jacket,using_item,2,top/paramedic_jacket-sheet2.png,images/paramedic_jacket-sheet2.png,65,33,30,30,0.5,0.5
top,t91,paramedic_jacket,using_item,3,top/paramedic_jacket-sheet2.png,images/paramedic_jacket-sheet2.png,33,33,30,30,0.5,0.5
top,t67,raider_jacket,idle_down,0,top/raider_jacket-sheet0.png,images/raider_jacket-sheet0.png,1,1,30,30,0.5,0.5
top,t67,raider_jacket,idle_up,0,top/raider_jacket-sheet0.png,images/raider_jacket-sheet0.png,33,1,30,30,0.5,0.5
top,t67,raider_jacket,idle_right,0,top/raider_jacket-sheet0.png,images/raider_jacket-sheet0.png,65,1,30,30,0.5,0.5
top,t67,raider_jacket,idle_left,0,top/raider_jacket-sheet0.png,images/raider_jacket-sheet0.png,97,1,30,30,0.5,0.5
top,t67,raider_jacket,run_down,0,top/raider_jacket-sheet0.png,images/raider_jacket-sheet0.png,1,33,30,30,0.5,0.5
top,t67,raider_jacket,run_down,1,top/raider_jacket-sheet0.png,images/raider_jacket-sheet0.png,33,33,30,30,0.5,0.5
top,t67,raider_jacket,run_down,2,top/raider_jacket-sheet0.png,images/raider_jacket-sheet0.png,65,33,30,30,0.5,0.5
top,t67,raider_jacket,run_down,3,top/raider_jacket-sheet0.png,images/raider_jacket-sheet0.png,97,33,30,30,0.5,0.5
top,t67,raider_jacket,run_up,0,top/raider_jacket-sheet0.png,images/raider_jacket-sheet0.png,1,65,30,30,0.5,0.5
top,t67,raider_jacket,run_up,1,top/raider_jacket-sheet0.png,images/raider_jacket-sheet0.png,33,65,30,30,0.5,0.5
top,t67,raider_jacket,run_up,2,top/raider_jacket-sheet0.png,images/raider_jacket-sheet0.png,65,65,30,30,0.5,0.5
top,t67,raider_jacket,run_up,3,top/raider_jacket-sheet0.png,images/raider_jacket-sheet0.png,97,65,30,30,0.5,0.5
top,t67,raider_jacket,run_right,0,top/raider_jacket-sheet0.png,images/raider_jacket-sheet0.png,1,97,30,30,0.5,0.5
top,t67,raider_jacket,run_right,1,top/raider_jacket-sheet0.png,images/raider_jacket-sheet0.png,33,97,30,30,0.5,0.5
top,t67,raider_jacket,run_right,2,top/raider_jacket-sheet0.png,images/raider_jacket-sheet0.png,65,97,30,30,0.5,0.5
top,t67,raider_jacket,run_right,3,top/raider_jacket-sheet0.png,images/raider_jacket-sheet0.png,97,97,30,30,0.5,0.5
top,t67,raider_jacket,run_left,0,top/raider_jacket-sheet1.png,images/raider_jacket-sheet1.png,1,1,30,30,0.5,0.5
top,t67,raider_jacket,run_left,1,top/raider_jacket-sheet1.png,images/raider_jacket-sheet1.png,33,1,30,30,0.5,0.5
top,t67,raider_jacket,run_left,2,top/raider_jacket-sheet1.png,images/raider_jacket-sheet1.png,65,1,30,30,0.5,0.5
top,t67,raider_jacket,run_left,3,top/raider_jacket-sheet1.png,images/raider_jacket-sheet1.png,97,1,30,30,0.5,0.5
top,t67,raider_jacket,axe_up,0,top/raider_jacket-sheet1.png,images/raider_jacket-sheet1.png,1,33,30,30,0.5,0.5
top,t67,raider_jacket,axe_up,1,top/raider_jacket-sheet1.png,images/raider_jacket-sheet1.png,33,33,30,30,0.5,0.5
top,t67,raider_jacket,axe_up,2,top/raider_jacket-sheet1.png,images/raider_jacket-sheet1.png,1,33,30,30,0.5,0.5
top,t67,raider_jacket,axe_down,0,top/raider_jacket-sheet1.png,images/raider_jacket-sheet1.png,65,33,30,30,0.5,0.5
top,t67,raider_jacket,axe_down,1,top/raider_jacket-sheet1.png,images/raider_jacket-sheet1.png,97,33,30,30,0.5,0.5
top,t67,raider_jacket,axe_down,2,top/raider_jacket-sheet1.png,images/raider_jacket-sheet1.png,65,33,30,30,0.5,0.5
top,t67,raider_jacket,axe_left,0,top/raider_jacket-sheet1.png,images/raider_jacket-sheet1.png,1,65,30,30,0.5,0.5
top,t67,raider_jacket,axe_left,1,top/raider_jacket-sheet1.png,images/raider_jacket-sheet1.png,33,65,30,30,0.5,0.5
top,t67,raider_jacket,axe_left,2,top/raider_jacket-sheet1.png,images/raider_jacket-sheet1.png,1,65,30,30,0.5,0.5
top,t67,raider_jacket,axe_right,0,top/raider_jacket-sheet1.png,images/raider_jacket-sheet1.png,65,65,30,30,0.5,0.5
top,t67,raider_jacket,axe_right,1,top/raider_jacket-sheet1.png,images/raider_jacket-sheet1.png,97,65,30,30,0.5,0.5
top,t67,raider_jacket,axe_right,2,top/raider_jacket-sheet1.png,images/raider_jacket-sheet1.png,65,65,30,30,0.5,0.5
top,t67,raider_jacket,pistol_up,0,top/raider_jacket-sheet1.png,images/raider_jacket-sheet1.png,1,97,30,30,0.5,0.5
top,t67,raider_jacket,pistol_down,0,top/raider_jacket-sheet1.png,images/raider_jacket-sheet1.png,33,97,30,30,0.5,0.5
top,t67,raider_jacket,pistol_left,0,top/raider_jacket-sheet1.png,images/raider_jacket-sheet1.png,65,97,30,30,0.5,0.5
top,t67,raider_jacket,pistol_right,0,top/raider_jacket-sheet1.png,images/raider_jacket-sheet1.png,97,97,30,30,0.5,0.5
top,t67,raider_jacket,twohand_down,0,top/raider_jacket-sheet2.png,images/raider_jacket-sheet2.png,1,1,30,30,0.5,0.5
top,t67,raider_jacket,twohand_up,0,top/raider_jacket-sheet2.png,images/raider_jacket-sheet2.png,33,1,30,30,0.5,0.5
top,t67,raider_jacket,twohand_left,0,top/raider_jacket-sheet2.png,images/raider_jacket-sheet2.png,65,1,30,30,0.5,0.5
top,t67,raider_jacket,twohand_right,0,top/raider_jacket-sheet2.png,images/raider_jacket-sheet2.png,97,1,30,30,0.5,0.5
top,t67,raider_jacket,using_item,0,top/raider_jacket-sheet2.png,images/raider_jacket-sheet2.png,1,33,30,30,0.5,0.5
top,t67,raider_jacket,using_item,1,top/raider_jacket-sheet2.png,images/raider_jacket-sheet2.png,33,33,30,30,0.5,0.5
top,t67,raider_jacket,using_item,2,top/raider_jacket-sheet2.png,images/raider_jacket-sheet2.png,65,33,30,30,0.5,0.5
top,t67,raider_jacket,using_item,3,top/raider_jacket-sheet2.png,images/raider_jacket-sheet2.png,33,33,30,30,0.5,0.5
top,t66,raincoat_blue,idle_down,0,top/raincoat_blue-sheet0.png,images/raincoat_blue-sheet0.png,1,1,30,30,0.5,0.5
top,t66,raincoat_blue,idle_up,0,top/raincoat_blue-sheet0.png,images/raincoat_blue-sheet0.png,33,1,30,30,0.5,0.5
top,t66,raincoat_blue,idle_right,0,top/raincoat_blue-sheet0.png,images/raincoat_blue-sheet0.png,65,1,30,30,0.5,0.5
top,t66,raincoat_blue,idle_left,0,top/raincoat_blue-sheet0.png,images/raincoat_blue-sheet0.png,97,1,30,30,0.5,0.5
top,t66,raincoat_blue,run_down,0,top/raincoat_blue-sheet0.png,images/raincoat_blue-sheet0.png,1,33,30,30,0.5,0.5
top,t66,raincoat_blue,run_down,1,top/raincoat_blue-sheet0.png,images/raincoat_blue-sheet0.png,33,33,30,30,0.5,0.5
top,t66,raincoat_blue,run_down,2,top/raincoat_blue-sheet0.png,images/raincoat_blue-sheet0.png,65,33,30,30,0.5,0.5
top,t66,raincoat_blue,run_down,3,top/raincoat_blue-sheet0.png,images/raincoat_blue-sheet0.png,97,33,30,30,0.5,0.5
top,t66,raincoat_blue,run_up,0,top/raincoat_blue-sheet0.png,images/raincoat_blue-sheet0.png,1,65,30,30,0.5,0.5
top,t66,raincoat_blue,run_up,1,top/raincoat_blue-sheet0.png,images/raincoat_blue-sheet0.png,33,65,30,30,0.5,0.5
top,t66,raincoat_blue,run_up,2,top/raincoat_blue-sheet0.png,images/raincoat_blue-sheet0.png,65,65,30,30,0.5,0.5
top,t66,raincoat_blue,run_up,3,top/raincoat_blue-sheet0.png,images/raincoat_blue-sheet0.png,97,65,30,30,0.5,0.5
top,t66,raincoat_blue,run_right,0,top/raincoat_blue-sheet0.png,images/raincoat_blue-sheet0.png,1,97,30,30,0.5,0.5
top,t66,raincoat_blue,run_right,1,top/raincoat_blue-sheet0.png,images/raincoat_blue-sheet0.png,33,97,30,30,0.5,0.5
top,t66,raincoat_blue,run_right,2,top/raincoat_blue-sheet0.png,images/raincoat_blue-sheet0.png,65,97,30,30,0.5,0.5
top,t66,raincoat_blue,run_right,3,top/raincoat_blue-sheet0.png,images/raincoat_blue-sheet0.png,97,97,30,30,0.5,0.5
top,t66,raincoat_blue,run_left,0,top/raincoat_blue-sheet1.png,images/raincoat_blue-sheet1.png,1,1,30,30,0.5,0.5
top,t66,raincoat_blue,run_left,1,top/raincoat_blue-sheet1.png,images/raincoat_blue-sheet1.png,33,1,30,30,0.5,0.5
top,t66,raincoat_blue,run_left,2,top/raincoat_blue-sheet1.png,images/raincoat_blue-sheet1.png,65,1,30,30,0.5,0.5
top,t66,raincoat_blue,run_left,3,top/raincoat_blue-sheet1.png,images/raincoat_blue-sheet1.png,97,1,30,30,0.5,0.5
top,t66,raincoat_blue,axe_up,0,top/raincoat_blue-sheet1.png,images/raincoat_blue-sheet1.png,1,33,30,30,0.5,0.5
top,t66,raincoat_blue,axe_up,1,top/raincoat_blue-sheet1.png,images/raincoat_blue-sheet1.png,33,33,30,30,0.5,0.5
top,t66,raincoat_blue,axe_up,2,top/raincoat_blue-sheet1.png,images/raincoat_blue-sheet1.png,1,33,30,30,0.5,0.5
top,t66,raincoat_blue,axe_down,0,top/raincoat_blue-sheet1.png,images/raincoat_blue-sheet1.png,65,33,30,30,0.5,0.5
top,t66,raincoat_blue,axe_down,1,top/raincoat_blue-sheet1.png,images/raincoat_blue-sheet1.png,97,33,30,30,0.5,0.5
top,t66,raincoat_blue,axe_down,2,top/raincoat_blue-sheet1.png,images/raincoat_blue-sheet1.png,65,33,30,30,0.5,0.5
top,t66,raincoat_blue,axe_left,0,top/raincoat_blue-sheet1.png,images/raincoat_blue-sheet1.png,1,65,30,30,0.5,0.5
top,t66,raincoat_blue,axe_left,1,top/raincoat_blue-sheet1.png,images/raincoat_blue-sheet1.png,33,65,30,30,0.5,0.5
top,t66,raincoat_blue,axe_left,2,top/raincoat_blue-sheet1.png,images/raincoat_blue-sheet1.png,1,65,30,30,0.5,0.5
top,t66,raincoat_blue,axe_right,0,top/raincoat_blue-sheet1.png,images/raincoat_blue-sheet1.png,65,65,30,30,0.5,0.5
top,t66,raincoat_blue,axe_right,1,top/raincoat_blue-sheet1.png,images/raincoat_blue-sheet1.png,97,65,30,30,0.5,0.5
top,t66,raincoat_blue,axe_right,2,top/raincoat_blue-sheet1.png,images/raincoat_blue-sheet1.png,65,65,30,30,0.5,0.5
top,t66,raincoat_blue,pistol_up,0,top/raincoat_blue-sheet1.png,images/raincoat_blue-sheet1.png,1,97,30,30,0.5,0.5
top,t66,raincoat_blue,pistol_down,0,top/raincoat_blue-sheet1.png,images/raincoat_blue-sheet1.png,33,97,30,30,0.5,0.5
top,t66,raincoat_blue,pistol_left,0,top/raincoat_blue-sheet1.png,images/raincoat_blue-sheet1.png,65,97,30,30,0.5,0.5
top,t66,raincoat_blue,pistol_right,0,top/raincoat_blue-sheet1.png,images/raincoat_blue-sheet1.png,97,97,30,30,0.5,0.5
top,t66,raincoat_blue,twohand_down,0,top/raincoat_blue-sheet2.png,images/raincoat_blue-sheet2.png,1,1,30,30,0.5,0.5
top,t66,raincoat_blue,twohand_up,0,top/raincoat_blue-sheet2.png,images/raincoat_blue-sheet2.png,33,1,30,30,0.5,0.5
top,t66,raincoat_blue,twohand_left,0,top/raincoat_blue-sheet2.png,images/raincoat_blue-sheet2.png,65,1,30,30,0.5,0.5
top,t66,raincoat_blue,twohand_right,0,top/raincoat_blue-sheet2.png,images/raincoat_blue-sheet2.png,97,1,30,30,0.5,0.5
top,t66,raincoat_blue,using_item,0,top/raincoat_blue-sheet2.png,images/raincoat_blue-sheet2.png,1,33,30,30,0.5,0.5
top,t66,raincoat_blue,using_item,1,top/raincoat_blue-sheet2.png,images/raincoat_blue-sheet2.png,33,33,30,30,0.5,0.5
top,t66,raincoat_blue,using_item,2,top/raincoat_blue-sheet2.png,images/raincoat_blue-sheet2.png,65,33,30,30,0.5,0.5
top,t66,raincoat_blue,using_item,3,top/raincoat_blue-sheet2.png,images/raincoat_blue-sheet2.png,33,33,30,30,0.5,0.5
top,t64,shirt_gray,idle_down,0,top/shirt_gray-sheet0.png,images/shirt_gray-sheet0.png,1,1,30,30,0.5,0.5
top,t64,shirt_gray,idle_up,0,top/shirt_gray-sheet0.png,images/shirt_gray-sheet0.png,33,1,30,30,0.5,0.5
top,t64,shirt_gray,idle_right,0,top/shirt_gray-sheet0.png,images/shirt_gray-sheet0.png,65,1,30,30,0.5,0.5
top,t64,shirt_gray,idle_left,0,top/shirt_gray-sheet0.png,images/shirt_gray-sheet0.png,97,1,30,30,0.5,0.5
top,t64,shirt_gray,run_down,0,top/shirt_gray-sheet0.png,images/shirt_gray-sheet0.png,1,33,30,30,0.5,0.5
top,t64,shirt_gray,run_down,1,top/shirt_gray-sheet0.png,images/shirt_gray-sheet0.png,33,33,30,30,0.5,0.5
top,t64,shirt_gray,run_down,2,top/shirt_gray-sheet0.png,images/shirt_gray-sheet0.png,65,33,30,30,0.5,0.5
top,t64,shirt_gray,run_down,3,top/shirt_gray-sheet0.png,images/shirt_gray-sheet0.png,97,33,30,30,0.5,0.5
top,t64,shirt_gray,run_up,0,top/shirt_gray-sheet0.png,images/shirt_gray-sheet0.png,1,65,30,30,0.5,0.5
top,t64,shirt_gray,run_up,1,top/shirt_gray-sheet0.png,images/shirt_gray-sheet0.png,33,65,30,30,0.5,0.5
top,t64,shirt_gray,run_up,2,top/shirt_gray-sheet0.png,images/shirt_gray-sheet0.png,65,65,30,30,0.5,0.5
top,t64,shirt_gray,run_up,3,top/shirt_gray-sheet0.png,images/shirt_gray-sheet0.png,97,65,30,30,0.5,0.5
top,t64,shirt_gray,run_right,0,top/shirt_gray-sheet0.png,images/shirt_gray-sheet0.png,1,97,30,30,0.5,0.5
top,t64,shirt_gray,run_right,1,top/shirt_gray-sheet0.png,images/shirt_gray-sheet0.png,33,97,30,30,0.5,0.5
top,t64,shirt_gray,run_right,2,top/shirt_gray-sheet0.png,images/shirt_gray-sheet0.png,65,97,30,30,0.5,0.5
top,t64,shirt_gray,run_right,3,top/shirt_gray-sheet0.png,images/shirt_gray-sheet0.png,97,97,30,30,0.5,0.5
top,t64,shirt_gray,run_left,0,top/shirt_gray-sheet1.png,images/shirt_gray-sheet1.png,1,1,30,30,0.5,0.5
top,t64,shirt_gray,run_left,1,top/shirt_gray-sheet1.png,images/shirt_gray-sheet1.png,33,1,30,30,0.5,0.5
top,t64,shirt_gray,run_left,2,top/shirt_gray-sheet1.png,images/shirt_gray-sheet1.png,65,1,30,30,0.5,0.5
top,t64,shirt_gray,run_left,3,top/shirt_gray-sheet1.png,images/shirt_gray-sheet1.png,97,1,30,30,0.5,0.5
top,t64,shirt_gray,axe_up,0,top/shirt_gray-sheet1.png,images/shirt_gray-sheet1.png,1,33,30,30,0.5,0.5
top,t64,shirt_gray,axe_up,1,top/shirt_gray-sheet1.png,images/shirt_gray-sheet1.png,33,33,30,30,0.5,0.5
top,t64,shirt_gray,axe_up,2,top/shirt_gray-sheet1.png,images/shirt_gray-sheet1.png,1,33,30,30,0.5,0.5
top,t64,shirt_gray,axe_down,0,top/shirt_gray-sheet1.png,images/shirt_gray-sheet1.png,65,33,30,30,0.5,0.5
top,t64,shirt_gray,axe_down,1,top/shirt_gray-sheet1.png,images/shirt_gray-sheet1.png,97,33,30,30,0.5,0.5
top,t64,shirt_gray,axe_down,2,top/shirt_gray-sheet1.png,images/shirt_gray-sheet1.png,65,33,30,30,0.5,0.5
top,t64,shirt_gray,axe_left,0,top/shirt_gray-sheet1.png,images/shirt_gray-sheet1.png,1,65,30,30,0.5,0.5
top,t64,shirt_gray,axe_left,1,top/shirt_gray-sheet1.png,images/shirt_gray-sheet1.png,33,65,30,30,0.5,0.5
top,t64,shirt_gray,axe_left,2,top/shirt_gray-sheet1.png,images/shirt_gray-sheet1.png,1,65,30,30,0.5,0.5
top,t64,shirt_gray,axe_right,0,top/shirt_gray-sheet1.png,images/shirt_gray-sheet1.png,65,65,30,30,0.5,0.5
top,t64,shirt_gray,axe_right,1,top/shirt_gray-sheet1.png,images/shirt_gray-sheet1.png,97,65,30,30,0.5,0.5
top,t64,shirt_gray,axe_right,2,top/shirt_gray-sheet1.png,images/shirt_gray-sheet1.png,65,65,30,30,0.5,0.5
top,t64,shirt_gray,pistol_up,0,top/shirt_gray-sheet1.png,images/shirt_gray-sheet1.png,1,97,30,30,0.5,0.5
top,t64,shirt_gray,pistol_down,0,top/shirt_gray-sheet1.png,images/shirt_gray-sheet1.png,33,97,30,30,0.5,0.5
top,t64,shirt_gray,pistol_left,0,top/shirt_gray-sheet1.png,images/shirt_gray-sheet1.png,65,97,30,30,0.5,0.5
top,t64,shirt_gray,pistol_right,0,top/shirt_gray-sheet1.png,images/shirt_gray-sheet1.png,97,97,30,30,0.5,0.5
top,t64,shirt_gray,twohand_down,0,top/shirt_gray-sheet2.png,images/shirt_gray-sheet2.png,1,1,30,30,0.5,0.5
top,t64,shirt_gray,twohand_up,0,top/shirt_gray-sheet2.png,images/shirt_gray-sheet2.png,33,1,30,30,0.5,0.5
top,t64,shirt_gray,twohand_left,0,top/shirt_gray-sheet2.png,images/shirt_gray-sheet2.png,65,1,30,30,0.5,0.5
top,t64,shirt_gray,twohand_right,0,top/shirt_gray-sheet2.png,images/shirt_gray-sheet2.png,97,1,30,30,0.5,0.5
top,t64,shirt_gray,using_item,0,top/shirt_gray-sheet2.png,images/shirt_gray-sheet2.png,1,33,30,30,0.5,0.5
top,t64,shirt_gray,using_item,1,top/shirt_gray-sheet2.png,images/shirt_gray-sheet2.png,33,33,30,30,0.5,0.5
top,t64,shirt_gray,using_item,2,top/shirt_gray-sheet2.png,images/shirt_gray-sheet2.png,65,33,30,30,0.5,0.5
top,t64,shirt_gray,using_item,3,top/shirt_gray-sheet2.png,images/shirt_gray-sheet2.png,33,33,30,30,0.5,0.5
top,t48,shirt_green,idle_down,0,top/shirt_green-sheet0.png,images/shirt_green-sheet0.png,1,1,30,30,0.5,0.5
top,t48,shirt_green,idle_up,0,top/shirt_green-sheet0.png,images/shirt_green-sheet0.png,33,1,30,30,0.5,0.5
top,t48,shirt_green,idle_right,0,top/shirt_green-sheet0.png,images/shirt_green-sheet0.png,65,1,30,30,0.5,0.5
top,t48,shirt_green,idle_left,0,top/shirt_green-sheet0.png,images/shirt_green-sheet0.png,97,1,30,30,0.5,0.5
top,t48,shirt_green,run_down,0,top/shirt_green-sheet0.png,images/shirt_green-sheet0.png,1,33,30,30,0.5,0.5
top,t48,shirt_green,run_down,1,top/shirt_green-sheet0.png,images/shirt_green-sheet0.png,33,33,30,30,0.5,0.5
top,t48,shirt_green,run_down,2,top/shirt_green-sheet0.png,images/shirt_green-sheet0.png,65,33,30,30,0.5,0.5
top,t48,shirt_green,run_down,3,top/shirt_green-sheet0.png,images/shirt_green-sheet0.png,97,33,30,30,0.5,0.5
top,t48,shirt_green,run_up,0,top/shirt_green-sheet0.png,images/shirt_green-sheet0.png,1,65,30,30,0.5,0.5
top,t48,shirt_green,run_up,1,top/shirt_green-sheet0.png,images/shirt_green-sheet0.png,33,65,30,30,0.5,0.5
top,t48,shirt_green,run_up,2,top/shirt_green-sheet0.png,images/shirt_green-sheet0.png,65,65,30,30,0.5,0.5
top,t48,shirt_green,run_up,3,top/shirt_green-sheet0.png,images/shirt_green-sheet0.png,97,65,30,30,0.5,0.5
top,t48,shirt_green,run_right,0,top/shirt_green-sheet0.png,images/shirt_green-sheet0.png,1,97,30,30,0.5,0.5
top,t48,shirt_green,run_right,1,top/shirt_green-sheet0.png,images/shirt_green-sheet0.png,33,97,30,30,0.5,0.5
top,t48,shirt_green,run_right,2,top/shirt_green-sheet0.png,images/shirt_green-sheet0.png,65,97,30,30,0.5,0.5
top,t48,shirt_green,run_right,3,top/shirt_green-sheet0.png,images/shirt_green-sheet0.png,97,97,30,30,0.5,0.5
top,t48,shirt_green,run_left,0,top/shirt_green-sheet1.png,images/shirt_green-sheet1.png,1,1,30,30,0.5,0.5
top,t48,shirt_green,run_left,1,top/shirt_green-sheet1.png,images/shirt_green-sheet1.png,33,1,30,30,0.5,0.5
top,t48,shirt_green,run_left,2,top/shirt_green-sheet1.png,images/shirt_green-sheet1.png,65,1,30,30,0.5,0.5
top,t48,shirt_green,run_left,3,top/shirt_green-sheet1.png,images/shirt_green-sheet1.png,97,1,30,30,0.5,0.5
top,t48,shirt_green,axe_up,0,top/shirt_green-sheet1.png,images/shirt_green-sheet1.png,1,33,30,30,0.5,0.5
top,t48,shirt_green,axe_up,1,top/shirt_green-sheet1.png,images/shirt_green-sheet1.png,33,33,30,30,0.5,0.5
top,t48,shirt_green,axe_up,2,top/shirt_green-sheet1.png,images/shirt_green-sheet1.png,1,33,30,30,0.5,0.5
top,t48,shirt_green,axe_down,0,top/shirt_green-sheet1.png,images/shirt_green-sheet1.png,65,33,30,30,0.5,0.5
top,t48,shirt_green,axe_down,1,top/shirt_green-sheet1.png,images/shirt_green-sheet1.png,97,33,30,30,0.5,0.5
top,t48,shirt_green,axe_down,2,top/shirt_green-sheet1.png,images/shirt_green-sheet1.png,65,33,30,30,0.5,0.5
top,t48,shirt_green,axe_left,0,top/shirt_green-sheet1.png,images/shirt_green-sheet1.png,1,65,30,30,0.5,0.5
top,t48,shirt_green,axe_left,1,top/shirt_green-sheet1.png,images/shirt_green-sheet1.png,33,65,30,30,0.5,0.5
top,t48,shirt_green,axe_left,2,top/shirt_green-sheet1.png,images/shirt_green-sheet1.png,1,65,30,30,0.5,0.5
top,t48,shirt_green,axe_right,0,top/shirt_green-sheet1.png,images/shirt_green-sheet1.png,65,65,30,30,0.5,0.5
top,t48,shirt_green,axe_right,1,top/shirt_green-sheet1.png,images/shirt_green-sheet1.png,97,65,30,30,0.5,0.5
top,t48,shirt_green,axe_right,2,top/shirt_green-sheet1.png,images/shirt_green-sheet1.png,65,65,30,30,0.5,0.5
top,t48,shirt_green,pistol_up,0,top/shirt_green-sheet1.png,images/shirt_green-sheet1.png,1,97,30,30,0.5,0.5
top,t48,shirt_green,pistol_down,0,top/shirt_green-sheet1.png,images/shirt_green-sheet1.png,33,97,30,30,0.5,0.5
top,t48,shirt_green,pistol_left,0,top/shirt_green-sheet1.png,images/shirt_green-sheet1.png,65,97,30,30,0.5,0.5
top,t48,shirt_green,pistol_right,0,top/shirt_green-sheet1.png,images/shirt_green-sheet1.png,97,97,30,30,0.5,0.5
top,t48,shirt_green,twohand_down,0,top/shirt_green-sheet2.png,images/shirt_green-sheet2.png,1,1,30,30,0.5,0.5
top,t48,shirt_green,twohand_up,0,top/shirt_green-sheet2.png,images/shirt_green-sheet2.png,33,1,30,30,0.5,0.5
top,t48,shirt_green,twohand_left,0,top/shirt_green-sheet2.png,images/shirt_green-sheet2.png,65,1,30,30,0.5,0.5
top,t48,shirt_green,twohand_right,0,top/shirt_green-sheet2.png,images/shirt_green-sheet2.png,97,1,30,30,0.5,0.5
top,t48,shirt_green,using_item,0,top/shirt_green-sheet2.png,images/shirt_green-sheet2.png,1,33,30,30,0.5,0.5
top,t48,shirt_green,using_item,1,top/shirt_green-sheet2.png,images/shirt_green-sheet2.png,33,33,30,30,0.5,0.5
top,t48,shirt_green,using_item,2,top/shirt_green-sheet2.png,images/shirt_green-sheet2.png,65,33,30,30,0.5,0.5
top,t48,shirt_green,using_item,3,top/shirt_green-sheet2.png,images/shirt_green-sheet2.png,33,33,30,30,0.5,0.5
top,t460,sport_jacket,idle_down,0,top/sport_jacket-sheet0.png,images/sport_jacket-sheet0.png,1,1,30,30,0.5,0.5
top,t460,sport_jacket,idle_up,0,top/sport_jacket-sheet0.png,images/sport_jacket-sheet0.png,33,1,30,30,0.5,0.5
top,t460,sport_jacket,idle_right,0,top/sport_jacket-sheet0.png,images/sport_jacket-sheet0.png,65,1,30,30,0.5,0.5
top,t460,sport_jacket,idle_left,0,top/sport_jacket-sheet0.png,images/sport_jacket-sheet0.png,97,1,30,30,0.5,0.5
top,t460,sport_jacket,run_down,0,top/sport_jacket-sheet0.png,images/sport_jacket-sheet0.png,1,33,30,30,0.5,0.5
top,t460,sport_jacket,run_down,1,top/sport_jacket-sheet0.png,images/sport_jacket-sheet0.png,33,33,30,30,0.5,0.5
top,t460,sport_jacket,run_down,2,top/sport_jacket-sheet0.png,images/sport_jacket-sheet0.png,65,33,30,30,0.5,0.5
top,t460,sport_jacket,run_down,3,top/sport_jacket-sheet0.png,images/sport_jacket-sheet0.png,97,33,30,30,0.5,0.5
top,t460,sport_jacket,run_up,0,top/sport_jacket-sheet0.png,images/sport_jacket-sheet0.png,1,65,30,30,0.5,0.5
top,t460,sport_jacket,run_up,1,top/sport_jacket-sheet0.png,images/sport_jacket-sheet0.png,33,65,30,30,0.5,0.5
top,t460,sport_jacket,run_up,2,top/sport_jacket-sheet0.png,images/sport_jacket-sheet0.png,65,65,30,30,0.5,0.5
top,t460,sport_jacket,run_up,3,top/sport_jacket-sheet0.png,images/sport_jacket-sheet0.png,97,65,30,30,0.5,0.5
top,t460,sport_jacket,run_right,0,top/sport_jacket-sheet0.png,images/sport_jacket-sheet0.png,1,97,30,30,0.5,0.5
top,t460,sport_jacket,run_right,1,top/sport_jacket-sheet0.png,images/sport_jacket-sheet0.png,33,97,30,30,0.5,0.5
top,t460,sport_jacket,run_right,2,top/sport_jacket-sheet0.png,images/sport_jacket-sheet0.png,65,97,30,30,0.5,0.5
top,t460,sport_jacket,run_right,3,top/sport_jacket-sheet0.png,images/sport_jacket-sheet0.png,97,97,30,30,0.5,0.5
top,t460,sport_jacket,run_left,0,top/sport_jacket-sheet1.png,images/sport_jacket-sheet1.png,1,1,30,30,0.5,0.5
top,t460,sport_jacket,run_left,1,top/sport_jacket-sheet1.png,images/sport_jacket-sheet1.png,33,1,30,30,0.5,0.5
top,t460,sport_jacket,run_left,2,top/sport_jacket-sheet1.png,images/sport_jacket-sheet1.png,65,1,30,30,0.5,0.5
top,t460,sport_jacket,run_left,3,top/sport_jacket-sheet1.png,images/sport_jacket-sheet1.png,97,1,30,30,0.5,0.5
top,t460,sport_jacket,axe_up,0,top/sport_jacket-sheet1.png,images/sport_jacket-sheet1.png,1,33,30,30,0.5,0.5
top,t460,sport_jacket,axe_up,1,top/sport_jacket-sheet1.png,images/sport_jacket-sheet1.png,33,33,30,30,0.5,0.5
top,t460,sport_jacket,axe_up,2,top/sport_jacket-sheet1.png,images/sport_jacket-sheet1.png,1,33,30,30,0.5,0.5
top,t460,sport_jacket,axe_down,0,top/sport_jacket-sheet1.png,images/sport_jacket-sheet1.png,65,33,30,30,0.5,0.5
top,t460,sport_jacket,axe_down,1,top/sport_jacket-sheet1.png,images/sport_jacket-sheet1.png,97,33,30,30,0.5,0.5
top,t460,sport_jacket,axe_down,2,top/sport_jacket-sheet1.png,images/sport_jacket-sheet1.png,65,33,30,30,0.5,0.5
top,t460,sport_jacket,axe_left,0,top/sport_jacket-sheet1.png,images/sport_jacket-sheet1.png,1,65,30,30,0.5,0.5
top,t460,sport_jacket,axe_left,1,top/sport_jacket-sheet1.png,images/sport_jacket-sheet1.png,33,65,30,30,0.5,0.5
top,t460,sport_jacket,axe_left,2,top/sport_jacket-sheet1.png,images/sport_jacket-sheet1.png,1,65,30,30,0.5,0.5
top,t460,sport_jacket,axe_right,0,top/sport_jacket-sheet1.png,images/sport_jacket-sheet1.png,65,65,30,30,0.5,0.5
top,t460,sport_jacket,axe_right,1,top/sport_jacket-sheet1.png,images/sport_jacket-sheet1.png,97,65,30,30,0.5,0.5
top,t460,sport_jacket,axe_right,2,top/sport_jacket-sheet1.png,images/sport_jacket-sheet1.png,65,65,30,30,0.5,0.5
top,t460,sport_jacket,pistol_up,0,top/sport_jacket-sheet1.png,images/sport_jacket-sheet1.png,1,97,30,30,0.5,0.5
top,t460,sport_jacket,pistol_down,0,top/sport_jacket-sheet1.png,images/sport_jacket-sheet1.png,33,97,30,30,0.5,0.5
top,t460,sport_jacket,pistol_left,0,top/sport_jacket-sheet1.png,images/sport_jacket-sheet1.png,65,97,30,30,0.5,0.5
top,t460,sport_jacket,pistol_right,0,top/sport_jacket-sheet1.png,images/sport_jacket-sheet1.png,97,97,30,30,0.5,0.5
top,t460,sport_jacket,twohand_down,0,top/sport_jacket-sheet2.png,images/sport_jacket-sheet2.png,1,1,30,30,0.5,0.5
top,t460,sport_jacket,twohand_up,0,top/sport_jacket-sheet2.png,images/sport_jacket-sheet2.png,33,1,30,30,0.5,0.5
top,t460,sport_jacket,twohand_left,0,top/sport_jacket-sheet2.png,images/sport_jacket-sheet2.png,65,1,30,30,0.5,0.5
top,t460,sport_jacket,twohand_right,0,top/sport_jacket-sheet2.png,images/sport_jacket-sheet2.png,97,1,30,30,0.5,0.5
top,t460,sport_jacket,using_item,0,top/sport_jacket-sheet2.png,images/sport_jacket-sheet2.png,1,33,30,30,0.5,0.5
top,t460,sport_jacket,using_item,1,top/sport_jacket-sheet2.png,images/sport_jacket-sheet2.png,33,33,30,30,0.5,0.5
top,t460,sport_jacket,using_item,2,top/sport_jacket-sheet2.png,images/sport_jacket-sheet2.png,65,33,30,30,0.5,0.5
top,t460,sport_jacket,using_item,3,top/sport_jacket-sheet2.png,images/sport_jacket-sheet2.png,33,33,30,30,0.5,0.5
top,t121,sweater,idle_down,0,top/sweater-sheet0.png,images/sweater-sheet0.png,1,1,30,30,0.5,0.5
top,t121,sweater,idle_up,0,top/sweater-sheet0.png,images/sweater-sheet0.png,33,1,30,30,0.5,0.5
top,t121,sweater,idle_right,0,top/sweater-sheet0.png,images/sweater-sheet0.png,65,1,30,30,0.5,0.5
top,t121,sweater,idle_left,0,top/sweater-sheet0.png,images/sweater-sheet0.png,97,1,30,30,0.5,0.5
top,t121,sweater,run_down,0,top/sweater-sheet0.png,images/sweater-sheet0.png,1,33,30,30,0.5,0.5
top,t121,sweater,run_down,1,top/sweater-sheet0.png,images/sweater-sheet0.png,33,33,30,30,0.5,0.5
top,t121,sweater,run_down,2,top/sweater-sheet0.png,images/sweater-sheet0.png,65,33,30,30,0.5,0.5
top,t121,sweater,run_down,3,top/sweater-sheet0.png,images/sweater-sheet0.png,97,33,30,30,0.5,0.5
top,t121,sweater,run_up,0,top/sweater-sheet0.png,images/sweater-sheet0.png,1,65,30,30,0.5,0.5
top,t121,sweater,run_up,1,top/sweater-sheet0.png,images/sweater-sheet0.png,33,65,30,30,0.5,0.5
top,t121,sweater,run_up,2,top/sweater-sheet0.png,images/sweater-sheet0.png,65,65,30,30,0.5,0.5
top,t121,sweater,run_up,3,top/sweater-sheet0.png,images/sweater-sheet0.png,97,65,30,30,0.5,0.5
top,t121,sweater,run_right,0,top/raider_jacket-sheet0.png,images/raider_jacket-sheet0.png,1,97,30,30,0.5,0.5
top,t121,sweater,run_right,1,top/sweater-sheet0.png,images/sweater-sheet0.png,1,97,30,30,0.5,0.5
top,t121,sweater,run_right,2,top/sweater-sheet0.png,images/sweater-sheet0.png,33,97,30,30,0.5,0.5
top,t121,sweater,run_right,3,top/sweater-sheet0.png,images/sweater-sheet0.png,65,97,30,30,0.5,0.5
top,t121,sweater,run_left,0,top/sweater-sheet0.png,images/sweater-sheet0.png,97,97,30,30,0.5,0.5
top,t121,sweater,run_left,1,top/sweater-sheet1.png,images/sweater-sheet1.png,1,1,30,30,0.5,0.5
top,t121,sweater,run_left,2,top/sweater-sheet1.png,images/sweater-sheet1.png,33,1,30,30,0.5,0.5
top,t121,sweater,run_left,3,top/sweater-sheet1.png,images/sweater-sheet1.png,65,1,30,30,0.5,0.5
top,t121,sweater,axe_up,0,top/sweater-sheet1.png,images/sweater-sheet1.png,97,1,30,30,0.5,0.5
top,t121,sweater,axe_up,1,top/sweater-sheet1.png,images/sweater-sheet1.png,1,33,30,30,0.5,0.5
top,t121,sweater,axe_up,2,top/sweater-sheet1.png,images/sweater-sheet1.png,97,1,30,30,0.5,0.5
top,t121,sweater,axe_down,0,top/sweater-sheet1.png,images/sweater-sheet1.png,33,33,30,30,0.5,0.5
top,t121,sweater,axe_down,1,top/sweater-sheet1.png,images/sweater-sheet1.png,65,33,30,30,0.5,0.5
top,t121,sweater,axe_down,2,top/sweater-sheet1.png,images/sweater-sheet1.png,33,33,30,30,0.5,0.5
top,t121,sweater,axe_left,0,top/sweater-sheet1.png,images/sweater-sheet1.png,97,33,30,30,0.5,0.5
top,t121,sweater,axe_left,1,top/sweater-sheet1.png,images/sweater-sheet1.png,1,65,30,30,0.5,0.5
top,t121,sweater,axe_left,2,top/sweater-sheet1.png,images/sweater-sheet1.png,97,33,30,30,0.5,0.5
top,t121,sweater,axe_right,0,top/sweater-sheet1.png,images/sweater-sheet1.png,33,65,30,30,0.5,0.5
top,t121,sweater,axe_right,1,top/sweater-sheet1.png,images/sweater-sheet1.png,65,65,30,30,0.5,0.5
top,t121,sweater,axe_right,2,top/sweater-sheet1.png,images/sweater-sheet1.png,33,65,30,30,0.5,0.5
top,t121,sweater,pistol_up,0,top/sweater-sheet1.png,images/sweater-sheet1.png,97,65,30,30,0.5,0.5
top,t121,sweater,pistol_down,0,top/sweater-sheet1.png,images/sweater-sheet1.png,1,97,30,30,0.5,0.5
top,t121,sweater,pistol_left,0,top/sweater-sheet1.png,images/sweater-sheet1.png,33,97,30,30,0.5,0.5
top,t121,sweater,pistol_right,0,top/sweater-sheet1.png,images/sweater-sheet1.png,65,97,30,30,0.5,0.5
top,t121,sweater,twohand_down,0,top/sweater-sheet1.png,images/sweater-sheet1.png,97,97,30,30,0.5,0.5
top,t121,sweater,twohand_up,0,top/sweater-sheet2.png,images/sweater-sheet2.png,1,1,30,30,0.5,0.5
top,t121,sweater,twohand_left,0,top/sweater-sheet2.png,images/sweater-sheet2.png,33,1,30,30,0.5,0.5
top,t121,sweater,twohand_right,0,top/sweater-sheet2.png,images/sweater-sheet2.png,65,1,30,30,0.5,0.5
top,t121,sweater,using_item,0,top/sweater-sheet2.png,images/sweater-sheet2.png,97,1,30,30,0.5,0.5
top,t121,sweater,using_item,1,top/sweater-sheet2.png,images/sweater-sheet2.png,1,33,30,30,0.5,0.5
top,t121,sweater,using_item,2,top/sweater-sheet2.png,images/sweater-sheet2.png,33,33,30,30,0.5,0.5
top,t121,sweater,using_item,3,top/sweater-sheet2.png,images/sweater-sheet2.png,1,33,30,30,0.5,0.5
top,t84,tshirt,idle_down,0,top/tshirt-sheet0.png,images/tshirt-sheet0.png,1,1,30,30,0.5,0.5
top,t84,tshirt,idle_up,0,top/tshirt-sheet0.png,images/tshirt-sheet0.png,33,1,30,30,0.5,0.5
top,t84,tshirt,idle_right,0,top/tshirt-sheet0.png,images/tshirt-sheet0.png,65,1,30,30,0.5,0.5
top,t84,tshirt,idle_left,0,top/tshirt-sheet0.png,images/tshirt-sheet0.png,97,1,30,30,0.5,0.5
top,t84,tshirt,run_down,0,top/tshirt-sheet0.png,images/tshirt-sheet0.png,1,33,30,30,0.5,0.5
top,t84,tshirt,run_down,1,top/tshirt-sheet0.png,images/tshirt-sheet0.png,33,33,30,30,0.5,0.5
top,t84,tshirt,run_down,2,top/tshirt-sheet0.png,images/tshirt-sheet0.png,65,33,30,30,0.5,0.5
top,t84,tshirt,run_down,3,top/tshirt-sheet0.png,images/tshirt-sheet0.png,97,33,30,30,0.5,0.5
top,t84,tshirt,run_up,0,top/tshirt-sheet0.png,images/tshirt-sheet0.png,1,65,30,30,0.5,0.5
top,t84,tshirt,run_up,1,top/tshirt-sheet0.png,images/tshirt-sheet0.png,33,65,30,30,0.5,0.5
top,t84,tshirt,run_up,2,top/tshirt-sheet0.png,images/tshirt-sheet0.png,65,65,30,30,0.5,0.5
top,t84,tshirt,run_up,3,top/tshirt-sheet0.png,images/tshirt-sheet0.png,97,65,30,30,0.5,0.5
top,t84,tshirt,run_right,0,top/tshirt-sheet0.png,images/tshirt-sheet0.png,1,97,30,30,0.5,0.5
top,t84,tshirt,run_right,1,top/tshirt-sheet0.png,images/tshirt-sheet0.png,33,97,30,30,0.5,0.5
top,t84,tshirt,run_right,2,top/tshirt-sheet0.png,images/tshirt-sheet0.png,65,97,30,30,0.5,0.5
top,t84,tshirt,run_right,3,top/tshirt-sheet0.png,images/tshirt-sheet0.png,97,97,30,30,0.5,0.5
top,t84,tshirt,run_left,0,top/tshirt-sheet1.png,images/tshirt-sheet1.png,1,1,30,30,0.5,0.5
top,t84,tshirt,run_left,1,top/tshirt-sheet1.png,images/tshirt-sheet1.png,33,1,30,30,0.5,0.5
top,t84,tshirt,run_left,2,top/tshirt-sheet1.png,images/tshirt-sheet1.png,65,1,30,30,0.5,0.5
top,t84,tshirt,run_left,3,top/tshirt-sheet1.png,images/tshirt-sheet1.png,97,1,30,30,0.5,0.5
top,t84,tshirt,axe_up,0,top/tshirt-sheet1.png,images/tshirt-sheet1.png,1,33,30,30,0.5,0.5
top,t84,tshirt,axe_up,1,top/tshirt-sheet1.png,images/tshirt-sheet1.png,33,33,30,30,0.5,0.5
top,t84,tshirt,axe_up,2,top/tshirt-sheet1.png,images/tshirt-sheet1.png,1,33,30,30,0.5,0.5
top,t84,tshirt,axe_down,0,top/tshirt-sheet1.png,images/tshirt-sheet1.png,65,33,30,30,0.5,0.5
top,t84,tshirt,axe_down,1,top/tshirt-sheet1.png,images/tshirt-sheet1.png,97,33,30,30,0.5,0.5
top,t84,tshirt,axe_down,2,top/tshirt-sheet1.png,images/tshirt-sheet1.png,65,33,30,30,0.5,0.5
top,t84,tshirt,axe_left,0,top/tshirt-sheet1.png,images/tshirt-sheet1.png,1,65,30,30,0.5,0.5
top,t84,tshirt,axe_left,1,top/tshirt-sheet1.png,images/tshirt-sheet1.png,33,65,30,30,0.5,0.5
top,t84,tshirt,axe_left,2,top/tshirt-sheet1.png,images/tshirt-sheet1.png,1,65,30,30,0.5,0.5
top,t84,tshirt,axe_right,0,top/tshirt-sheet1.png,images/tshirt-sheet1.png,65,65,30,30,0.5,0.5
top,t84,tshirt,axe_right,1,top/tshirt-sheet1.png,images/tshirt-sheet1.png,97,65,30,30,0.5,0.5
top,t84,tshirt,axe_right,2,top/tshirt-sheet1.png,images/tshirt-sheet1.png,65,65,30,30,0.5,0.5
top,t84,tshirt,pistol_up,0,top/tshirt-sheet1.png,images/tshirt-sheet1.png,1,97,30,30,0.5,0.5
top,t84,tshirt,pistol_down,0,top/tshirt-sheet1.png,images/tshirt-sheet1.png,33,97,30,30,0.5,0.5
top,t84,tshirt,pistol_left,0,top/tshirt-sheet1.png,images/tshirt-sheet1.png,65,97,30,30,0.5,0.5
top,t84,tshirt,pistol_right,0,top/tshirt-sheet1.png,images/tshirt-sheet1.png,97,97,30,30,0.5,0.5
top,t84,tshirt,twohand_down,0,top/tshirt-sheet2.png,images/tshirt-sheet2.png,1,1,30,30,0.5,0.5
top,t84,tshirt,twohand_up,0,top/tshirt-sheet2.png,images/tshirt-sheet2.png,33,1,30,30,0.5,0.5
top,t84,tshirt,twohand_left,0,top/tshirt-sheet2.png,images/tshirt-sheet2.png,65,1,30,30,0.5,0.5
top,t84,tshirt,twohand_right,0,top/tshirt-sheet2.png,images/tshirt-sheet2.png,97,1,30,30,0.5,0.5
top,t84,tshirt,using_item,0,top/tshirt-sheet2.png,images/tshirt-sheet2.png,1,33,30,30,0.5,0.5
top,t84,tshirt,using_item,1,top/tshirt-sheet2.png,images/tshirt-sheet2.png,33,33,30,30,0.5,0.5
top,t84,tshirt,using_item,2,top/tshirt-sheet2.png,images/tshirt-sheet2.png,65,33,30,30,0.5,0.5
top,t84,tshirt,using_item,3,top/tshirt-sheet2.png,images/tshirt-sheet2.png,33,33,30,30,0.5,0.5
pants,t90,gorka_pants,idle_down,0,pants/gorka_pants-sheet0.png,images/gorka_pants-sheet0.png,1,1,30,30,0.5,0.5
pants,t90,gorka_pants,idle_up,0,pants/gorka_pants-sheet0.png,images/gorka_pants-sheet0.png,33,1,30,30,0.5,0.5
pants,t90,gorka_pants,idle_right,0,pants/gorka_pants-sheet0.png,images/gorka_pants-sheet0.png,65,1,30,30,0.5,0.5
pants,t90,gorka_pants,idle_left,0,pants/gorka_pants-sheet0.png,images/gorka_pants-sheet0.png,97,1,30,30,0.5,0.5
pants,t90,gorka_pants,run_down,0,pants/gorka_pants-sheet0.png,images/gorka_pants-sheet0.png,1,33,30,30,0.5,0.5
pants,t90,gorka_pants,run_down,1,pants/gorka_pants-sheet0.png,images/gorka_pants-sheet0.png,33,33,30,30,0.5,0.5
pants,t90,gorka_pants,run_down,2,pants/gorka_pants-sheet0.png,images/gorka_pants-sheet0.png,65,33,30,30,0.5,0.5
pants,t90,gorka_pants,run_down,3,pants/gorka_pants-sheet0.png,images/gorka_pants-sheet0.png,97,33,30,30,0.5,0.5
pants,t90,gorka_pants,run_up,0,pants/gorka_pants-sheet0.png,images/gorka_pants-sheet0.png,1,65,30,30,0.5,0.5
pants,t90,gorka_pants,run_up,1,pants/gorka_pants-sheet0.png,images/gorka_pants-sheet0.png,33,65,30,30,0.5,0.5
pants,t90,gorka_pants,run_up,2,pants/gorka_pants-sheet0.png,images/gorka_pants-sheet0.png,65,65,30,30,0.5,0.5
pants,t90,gorka_pants,run_up,3,pants/gorka_pants-sheet0.png,images/gorka_pants-sheet0.png,97,65,30,30,0.5,0.5
pants,t90,gorka_pants,run_right,0,pants/gorka_pants-sheet0.png,images/gorka_pants-sheet0.png,1,97,30,30,0.5,0.5
pants,t90,gorka_pants,run_right,1,pants/gorka_pants-sheet0.png,images/gorka_pants-sheet0.png,33,97,30,30,0.5,0.5
pants,t90,gorka_pants,run_right,2,pants/gorka_pants-sheet0.png,images/gorka_pants-sheet0.png,65,97,30,30,0.5,0.5
pants,t90,gorka_pants,run_right,3,pants/gorka_pants-sheet0.png,images/gorka_pants-sheet0.png,97,97,30,30,0.5,0.5
pants,t90,gorka_pants,run_left,0,pants/gorka_pants-sheet1.png,images/gorka_pants-sheet1.png,1,1,30,30,0.5,0.5
pants,t90,gorka_pants,run_left,1,pants/gorka_pants-sheet1.png,images/gorka_pants-sheet1.png,33,1,30,30,0.5,0.5
pants,t90,gorka_pants,run_left,2,pants/gorka_pants-sheet1.png,images/gorka_pants-sheet1.png,65,1,30,30,0.5,0.5
pants,t90,gorka_pants,run_left,3,pants/gorka_pants-sheet1.png,images/gorka_pants-sheet1.png,97,1,30,30,0.5,0.5
pants,t90,gorka_pants,axe_up,0,pants/gorka_pants-sheet1.png,images/gorka_pants-sheet1.png,1,33,30,30,0.5,0.5
pants,t90,gorka_pants,axe_down,0,pants/gorka_pants-sheet1.png,images/gorka_pants-sheet1.png,33,33,30,30,0.5,0.5
pants,t90,gorka_pants,axe_down,1,pants/gorka_pants-sheet1.png,images/gorka_pants-sheet1.png,65,33,30,30,0.5,0.5
pants,t90,gorka_pants,axe_down,2,pants/gorka_pants-sheet1.png,images/gorka_pants-sheet1.png,33,33,30,30,0.5,0.5
pants,t90,gorka_pants,axe_left,0,pants/gorka_pants-sheet1.png,images/gorka_pants-sheet1.png,97,33,30,30,0.5,0.5
pants,t90,gorka_pants,axe_left,1,pants/gorka_pants-sheet1.png,images/gorka_pants-sheet1.png,1,65,30,30,0.5,0.5
pants,t90,gorka_pants,axe_left,2,pants/gorka_pants-sheet1.png,images/gorka_pants-sheet1.png,97,33,30,30,0.5,0.5
pants,t90,gorka_pants,axe_right,0,pants/gorka_pants-sheet1.png,images/gorka_pants-sheet1.png,33,65,30,30,0.5,0.5
pants,t90,gorka_pants,axe_right,1,pants/gorka_pants-sheet1.png,images/gorka_pants-sheet1.png,65,65,30,30,0.5,0.5
pants,t90,gorka_pants,axe_right,2,pants/gorka_pants-sheet1.png,images/gorka_pants-sheet1.png,33,65,30,30,0.5,0.5
pants,t90,gorka_pants,pistol_up,0,pants/gorka_pants-sheet1.png,images/gorka_pants-sheet1.png,1,33,30,30,0.5,0.5
pants,t90,gorka_pants,pistol_down,0,pants/gorka_pants-sheet1.png,images/gorka_pants-sheet1.png,97,65,30,30,0.5,0.5
pants,t90,gorka_pants,pistol_left,0,pants/gorka_pants-sheet1.png,images/gorka_pants-sheet1.png,1,97,30,30,0.5,0.5
pants,t90,gorka_pants,pistol_right,0,pants/gorka_pants-sheet1.png,images/gorka_pants-sheet1.png,33,97,30,30,0.5,0.5
pants,t90,gorka_pants,twohand_down,0,pants/gorka_pants-sheet1.png,images/gorka_pants-sheet1.png,65,97,30,30,0.5,0.5
pants,t90,gorka_pants,twohand_up,0,pants/gorka_pants-sheet1.png,images/gorka_pants-sheet1.png,97,97,30,30,0.5,0.5
pants,t90,gorka_pants,twohand_left,0,pants/gorka_pants-sheet2.png,images/gorka_pants-sheet2.png,1,1,30,30,0.5,0.5
pants,t90,gorka_pants,twohand_right,0,pants/gorka_pants-sheet2.png,images/gorka_pants-sheet2.png,33,1,30,30,0.5,0.5
pants,t90,gorka_pants,using_item,0,pants/gorka_pants-sheet2.png,images/gorka_pants-sheet2.png,65,1,30,30,0.5,0.5
pants,t90,gorka_pants,using_item,1,pants/gorka_pants-sheet2.png,images/gorka_pants-sheet2.png,97,1,30,30,0.5,0.5
pants,t90,gorka_pants,using_item,2,pants/gorka_pants-sheet2.png,images/gorka_pants-sheet2.png,97,1,30,30,0.5,0.5
pants,t90,gorka_pants,using_item,3,pants/gorka_pants-sheet2.png,images/gorka_pants-sheet2.png,97,1,30,30,0.5,0.5
pants,t453,hunter_pants,idle_down,0,pants/hunter_pants-sheet0.png,images/hunter_pants-sheet0.png,1,1,30,30,0.5,0.5
pants,t453,hunter_pants,idle_up,0,pants/hunter_pants-sheet0.png,images/hunter_pants-sheet0.png,33,1,30,30,0.5,0.5
pants,t453,hunter_pants,idle_right,0,pants/hunter_pants-sheet0.png,images/hunter_pants-sheet0.png,65,1,30,30,0.5,0.5
pants,t453,hunter_pants,idle_left,0,pants/hunter_pants-sheet0.png,images/hunter_pants-sheet0.png,97,1,30,30,0.5,0.5
pants,t453,hunter_pants,run_down,0,pants/hunter_pants-sheet0.png,images/hunter_pants-sheet0.png,1,33,30,30,0.5,0.5
pants,t453,hunter_pants,run_down,1,pants/hunter_pants-sheet0.png,images/hunter_pants-sheet0.png,33,33,30,30,0.5,0.5
pants,t453,hunter_pants,run_down,2,pants/hunter_pants-sheet0.png,images/hunter_pants-sheet0.png,65,33,30,30,0.5,0.5
pants,t453,hunter_pants,run_down,3,pants/hunter_pants-sheet0.png,images/hunter_pants-sheet0.png,97,33,30,30,0.5,0.5
pants,t453,hunter_pants,run_up,0,pants/hunter_pants-sheet0.png,images/hunter_pants-sheet0.png,1,65,30,30,0.5,0.5
pants,t453,hunter_pants,run_up,1,pants/hunter_pants-sheet0.png,images/hunter_pants-sheet0.png,33,65,30,30,0.5,0.5
pants,t453,hunter_pants,run_up,2,pants/hunter_pants-sheet0.png,images/hunter_pants-sheet0.png,65,65,30,30,0.5,0.5
pants,t453,hunter_pants,run_up,3,pants/hunter_pants-sheet0.png,images/hunter_pants-sheet0.png,97,65,30,30,0.5,0.5
pants,t453,hunter_pants,run_right,0,pants/hunter_pants-sheet0.png,images/hunter_pants-sheet0.png,1,97,30,30,0.5,0.5
pants,t453,hunter_pants,run_right,1,pants/hunter_pants-sheet0.png,images/hunter_pants-sheet0.png,33,97,30,30,0.5,0.5
pants,t453,hunter_pants,run_right,2,pants/hunter_pants-sheet0.png,images/hunter_pants-sheet0.png,65,97,30,30,0.5,0.5
pants,t453,hunter_pants,run_right,3,pants/hunter_pants-sheet0.png,images/hunter_pants-sheet0.png,97,97,30,30,0.5,0.5
pants,t453,hunter_pants,run_left,0,pants/hunter_pants-sheet1.png,images/hunter_pants-sheet1.png,1,1,30,30,0.5,0.5
pants,t453,hunter_pants,run_left,1,pants/hunter_pants-sheet1.png,images/hunter_pants-sheet1.png,33,1,30,30,0.5,0.5
pants,t453,hunter_pants,run_left,2,pants/hunter_pants-sheet1.png,images/hunter_pants-sheet1.png,65,1,30,30,0.5,0.5
pants,t453,hunter_pants,run_left,3,pants/hunter_pants-sheet1.png,images/hunter_pants-sheet1.png,97,1,30,30,0.5,0.5
pants,t453,hunter_pants,axe_up,0,pants/hunter_pants-sheet1.png,images/hunter_pants-sheet1.png,1,33,30,30,0.5,0.5
pants,t453,hunter_pants,axe_down,0,pants/hunter_pants-sheet1.png,images/hunter_pants-sheet1.png,33,33,30,30,0.5,0.5
pants,t453,hunter_pants,axe_down,1,pants/hunter_pants-sheet1.png,images/hunter_pants-sheet1.png,65,33,30,30,0.5,0.5
pants,t453,hunter_pants,axe_down,2,pants/hunter_pants-sheet1.png,images/hunter_pants-sheet1.png,33,33,30,30,0.5,0.5
pants,t453,hunter_pants,axe_left,0,pants/hunter_pants-sheet1.png,images/hunter_pants-sheet1.png,97,33,30,30,0.5,0.5
pants,t453,hunter_pants,axe_left,1,pants/hunter_pants-sheet1.png,images/hunter_pants-sheet1.png,1,65,30,30,0.5,0.5
pants,t453,hunter_pants,axe_left,2,pants/hunter_pants-sheet1.png,images/hunter_pants-sheet1.png,97,33,30,30,0.5,0.5
pants,t453,hunter_pants,axe_right,0,pants/hunter_pants-sheet1.png,images/hunter_pants-sheet1.png,33,65,30,30,0.5,0.5
pants,t453,hunter_pants,axe_right,1,pants/hunter_pants-sheet1.png,images/hunter_pants-sheet1.png,65,65,30,30,0.5,0.5
pants,t453,hunter_pants,axe_right,2,pants/hunter_pants-sheet1.png,images/hunter_pants-sheet1.png,33,65,30,30,0.5,0.5
pants,t453,hunter_pants,pistol_up,0,pants/hunter_pants-sheet1.png,images/hunter_pants-sheet1.png,1,33,30,30,0.5,0.5
pants,t453,hunter_pants,pistol_down,0,pants/hunter_pants-sheet1.png,images/hunter_pants-sheet1.png,97,65,30,30,0.5,0.5
pants,t453,hunter_pants,pistol_left,0,pants/hunter_pants-sheet1.png,images/hunter_pants-sheet1.png,1,97,30,30,0.5,0.5
pants,t453,hunter_pants,pistol_right,0,pants/hunter_pants-sheet1.png,images/hunter_pants-sheet1.png,33,97,30,30,0.5,0.5
pants,t453,hunter_pants,twohand_down,0,pants/hunter_pants-sheet1.png,images/hunter_pants-sheet1.png,65,97,30,30,0.5,0.5
pants,t453,hunter_pants,twohand_up,0,pants/hunter_pants-sheet1.png,images/hunter_pants-sheet1.png,97,97,30,30,0.5,0.5
pants,t453,hunter_pants,twohand_left,0,pants/hunter_pants-sheet2.png,images/hunter_pants-sheet2.png,1,1,30,30,0.5,0.5
pants,t453,hunter_pants,twohand_right,0,pants/hunter_pants-sheet2.png,images/hunter_pants-sheet2.png,33,1,30,30,0.5,0.5
pants,t453,hunter_pants,using_item,0,pants/hunter_pants-sheet2.png,images/hunter_pants-sheet2.png,65,1,30,30,0.5,0.5
pants,t453,hunter_pants,using_item,1,pants/hunter_pants-sheet2.png,images/hunter_pants-sheet2.png,97,1,30,30,0.5,0.5
pants,t453,hunter_pants,using_item,2,pants/hunter_pants-sheet2.png,images/hunter_pants-sheet2.png,1,33,30,30,0.5,0.5
pants,t453,hunter_pants,using_item,3,pants/hunter_pants-sheet2.png,images/hunter_pants-sheet2.png,97,1,30,30,0.5,0.5
pants,t1363,fire_jeans,idle_down,0,pants/fire_jeans-sheet0.png,images/fire_jeans-sheet0.png,1,1,30,30,0.5,0.5
pants,t1363,fire_jeans,idle_up,0,pants/fire_jeans-sheet0.png,images/fire_jeans-sheet0.png,33,1,30,30,0.5,0.5
pants,t1363,fire_jeans,idle_right,0,pants/fire_jeans-sheet0.png,images/fire_jeans-sheet0.png,65,1,30,30,0.5,0.5
pants,t1363,fire_jeans,idle_left,0,pants/fire_jeans-sheet0.png,images/fire_jeans-sheet0.png,97,1,30,30,0.5,0.5
pants,t1363,fire_jeans,run_down,0,pants/fire_jeans-sheet0.png,images/fire_jeans-sheet0.png,1,33,30,30,0.5,0.5
pants,t1363,fire_jeans,run_down,1,pants/fire_jeans-sheet0.png,images/fire_jeans-sheet0.png,33,33,30,30,0.5,0.5
pants,t1363,fire_jeans,run_down,2,pants/fire_jeans-sheet0.png,images/fire_jeans-sheet0.png,65,33,30,30,0.5,0.5
pants,t1363,fire_jeans,run_down,3,pants/fire_jeans-sheet0.png,images/fire_jeans-sheet0.png,97,33,30,30,0.5,0.5
pants,t1363,fire_jeans,run_up,0,pants/fire_jeans-sheet0.png,images/fire_jeans-sheet0.png,1,65,30,30,0.5,0.5
pants,t1363,fire_jeans,run_up,1,pants/fire_jeans-sheet0.png,images/fire_jeans-sheet0.png,33,65,30,30,0.5,0.5
pants,t1363,fire_jeans,run_up,2,pants/fire_jeans-sheet0.png,images/fire_jeans-sheet0.png,65,65,30,30,0.5,0.5
pants,t1363,fire_jeans,run_up,3,pants/fire_jeans-sheet0.png,images/fire_jeans-sheet0.png,97,65,30,30,0.5,0.5
pants,t1363,fire_jeans,run_right,0,pants/fire_jeans-sheet0.png,images/fire_jeans-sheet0.png,1,97,30,30,0.5,0.5
pants,t1363,fire_jeans,run_right,1,pants/fire_jeans-sheet0.png,images/fire_jeans-sheet0.png,33,97,30,30,0.5,0.5
pants,t1363,fire_jeans,run_right,2,pants/fire_jeans-sheet0.png,images/fire_jeans-sheet0.png,65,97,30,30,0.5,0.5
pants,t1363,fire_jeans,run_right,3,pants/fire_jeans-sheet0.png,images/fire_jeans-sheet0.png,97,97,30,30,0.5,0.5
pants,t1363,fire_jeans,run_left,0,pants/fire_jeans-sheet1.png,images/fire_jeans-sheet1.png,1,1,30,30,0.5,0.5
pants,t1363,fire_jeans,run_left,1,pants/fire_jeans-sheet1.png,images/fire_jeans-sheet1.png,33,1,30,30,0.5,0.5
pants,t1363,fire_jeans,run_left,2,pants/fire_jeans-sheet1.png,images/fire_jeans-sheet1.png,65,1,30,30,0.5,0.5
pants,t1363,fire_jeans,run_left,3,pants/fire_jeans-sheet1.png,images/fire_jeans-sheet1.png,97,1,30,30,0.5,0.5
pants,t1363,fire_jeans,axe_up,0,pants/fire_jeans-sheet0.png,images/fire_jeans-sheet0.png,33,1,30,30,0.5,0.5
pants,t1363,fire_jeans,axe_down,0,pants/fire_jeans-sheet1.png,images/fire_jeans-sheet1.png,1,33,30,30,0.5,0.5
pants,t1363,fire_jeans,axe_down,1,pants/fire_jeans-sheet1.png,images/fire_jeans-sheet1.png,33,33,30,30,0.5,0.5
pants,t1363,fire_jeans,axe_down,2,pants/fire_jeans-sheet1.png,images/fire_jeans-sheet1.png,1,33,30,30,0.5,0.5
pants,t1363,fire_jeans,axe_left,0,pants/fire_jeans-sheet1.png,images/fire_jeans-sheet1.png,65,33,30,30,0.5,0.5
pants,t1363,fire_jeans,axe_left,1,pants/fire_jeans-sheet1.png,images/fire_jeans-sheet1.png,97,33,30,30,0.5,0.5
pants,t1363,fire_jeans,axe_left,2,pants/fire_jeans-sheet1.png,images/fire_jeans-sheet1.png,65,33,30,30,0.5,0.5
pants,t1363,fire_jeans,axe_right,0,pants/fire_jeans-sheet1.png,images/fire_jeans-sheet1.png,1,65,30,30,0.5,0.5
pants,t1363,fire_jeans,axe_right,1,pants/fire_jeans-sheet1.png,images/fire_jeans-sheet1.png,33,65,30,30,0.5,0.5
pants,t1363,fire_jeans,axe_right,2,pants/fire_jeans-sheet1.png,images/fire_jeans-sheet1.png,1,65,30,30,0.5,0.5
pants,t1363,fire_jeans,pistol_up,0,pants/fire_jeans-sheet0.png,images/fire_jeans-sheet0.png,33,1,30,30,0.5,0.5
pants,t1363,fire_jeans,pistol_down,0,pants/fire_jeans-sheet1.png,images/fire_jeans-sheet1.png,65,65,30,30,0.5,0.5
pants,t1363,fire_jeans,pistol_left,0,pants/fire_jeans-sheet1.png,images/fire_jeans-sheet1.png,97,65,30,30,0.5,0.5
pants,t1363,fire_jeans,pistol_right,0,pants/fire_jeans-sheet1.png,images/fire_jeans-sheet1.png,1,97,30,30,0.5,0.5
pants,t1363,fire_jeans,twohand_down,0,pants/fire_jeans-sheet1.png,images/fire_jeans-sheet1.png,33,97,30,30,0.5,0.5
pants,t1363,fire_jeans,twohand_up,0,pants/fire_jeans-sheet1.png,images/fire_jeans-sheet1.png,65,97,30,30,0.5,0.5
pants,t1363,fire_jeans,twohand_left,0,pants/fire_jeans-sheet1.png,images/fire_jeans-sheet1.png,97,97,30,30,0.5,0.5
pants,t1363,fire_jeans,twohand_right,0,pants/fire_jeans-sheet2.png,images/fire_jeans-sheet2.png,1,1,30,30,0.5,0.5
pants,t1363,fire_jeans,using_item,0,pants/fire_jeans-sheet2.png,images/fire_jeans-sheet2.png,33,1,30,30,0.5,0.5
pants,t1363,fire_jeans,using_item,1,pants/fire_jeans-sheet2.png,images/fire_jeans-sheet2.png,65,1,30,30,0.5,0.5
pants,t1363,fire_jeans,using_item,2,pants/fire_jeans-sheet2.png,images/fire_jeans-sheet2.png,97,1,30,30,0.5,0.5
pants,t1363,fire_jeans,using_item,3,pants/fire_jeans-sheet2.png,images/fire_jeans-sheet2.png,65,1,30,30,0.5,0.5
pants,t83,jeans,idle_down,0,pants/jeans-sheet0.png,images/jeans-sheet0.png,1,1,30,30,0.5,0.5
pants,t83,jeans,idle_up,0,pants/jeans-sheet0.png,images/jeans-sheet0.png,33,1,30,30,0.5,0.5
pants,t83,jeans,idle_right,0,pants/jeans-sheet0.png,images/jeans-sheet0.png,65,1,30,30,0.5,0.5
pants,t83,jeans,idle_left,0,pants/jeans-sheet0.png,images/jeans-sheet0.png,97,1,30,30,0.5,0.5
pants,t83,jeans,run_down,0,pants/jeans-sheet0.png,images/jeans-sheet0.png,1,33,30,30,0.5,0.5
pants,t83,jeans,run_down,1,pants/jeans-sheet0.png,images/jeans-sheet0.png,33,33,30,30,0.5,0.5
pants,t83,jeans,run_down,2,pants/jeans-sheet0.png,images/jeans-sheet0.png,65,33,30,30,0.5,0.5
pants,t83,jeans,run_down,3,pants/jeans-sheet0.png,images/jeans-sheet0.png,97,33,30,30,0.5,0.5
pants,t83,jeans,run_up,0,pants/jeans-sheet0.png,images/jeans-sheet0.png,1,65,30,30,0.5,0.5
pants,t83,jeans,run_up,1,pants/jeans-sheet0.png,images/jeans-sheet0.png,33,65,30,30,0.5,0.5
pants,t83,jeans,run_up,2,pants/jeans-sheet0.png,images/jeans-sheet0.png,65,65,30,30,0.5,0.5
pants,t83,jeans,run_up,3,pants/jeans-sheet0.png,images/jeans-sheet0.png,97,65,30,30,0.5,0.5
pants,t83,jeans,run_right,0,pants/jeans-sheet0.png,images/jeans-sheet0.png,1,97,30,30,0.5,0.5
pants,t83,jeans,run_right,1,pants/jeans-sheet0.png,images/jeans-sheet0.png,33,97,30,30,0.5,0.5
pants,t83,jeans,run_right,2,pants/jeans-sheet0.png,images/jeans-sheet0.png,65,97,30,30,0.5,0.5
pants,t83,jeans,run_right,3,pants/jeans-sheet0.png,images/jeans-sheet0.png,97,97,30,30,0.5,0.5
pants,t83,jeans,run_left,0,pants/jeans-sheet1.png,images/jeans-sheet1.png,1,1,30,30,0.5,0.5
pants,t83,jeans,run_left,1,pants/jeans-sheet1.png,images/jeans-sheet1.png,33,1,30,30,0.5,0.5
pants,t83,jeans,run_left,2,pants/jeans-sheet1.png,images/jeans-sheet1.png,65,1,30,30,0.5,0.5
pants,t83,jeans,run_left,3,pants/jeans-sheet1.png,images/jeans-sheet1.png,97,1,30,30,0.5,0.5
pants,t83,jeans,axe_up,0,pants/jeans-sheet0.png,images/jeans-sheet0.png,33,1,30,30,0.5,0.5
pants,t83,jeans,axe_down,0,pants/jeans-sheet1.png,images/jeans-sheet1.png,1,33,30,30,0.5,0.5
pants,t83,jeans,axe_down,1,pants/jeans-sheet1.png,images/jeans-sheet1.png,33,33,30,30,0.5,0.5
pants,t83,jeans,axe_down,2,pants/jeans-sheet1.png,images/jeans-sheet1.png,1,33,30,30,0.5,0.5
pants,t83,jeans,axe_left,0,pants/jeans-sheet1.png,images/jeans-sheet1.png,65,33,30,30,0.5,0.5
pants,t83,jeans,axe_left,1,pants/jeans-sheet1.png,images/jeans-sheet1.png,97,33,30,30,0.5,0.5
pants,t83,jeans,axe_left,2,pants/jeans-sheet1.png,images/jeans-sheet1.png,65,33,30,30,0.5,0.5
pants,t83,jeans,axe_right,0,pants/jeans-sheet1.png,images/jeans-sheet1.png,1,65,30,30,0.5,0.5
pants,t83,jeans,axe_right,1,pants/jeans-sheet1.png,images/jeans-sheet1.png,33,65,30,30,0.5,0.5
pants,t83,jeans,axe_right,2,pants/jeans-sheet1.png,images/jeans-sheet1.png,1,65,30,30,0.5,0.5
pants,t83,jeans,pistol_up,0,pants/jeans-sheet0.png,images/jeans-sheet0.png,33,1,30,30,0.5,0.5
pants,t83,jeans,pistol_down,0,pants/jeans-sheet1.png,images/jeans-sheet1.png,65,65,30,30,0.5,0.5
pants,t83,jeans,pistol_left,0,pants/jeans-sheet1.png,images/jeans-sheet1.png,97,65,30,30,0.5,0.5
pants,t83,jeans,pistol_right,0,pants/jeans-sheet1.png,images/jeans-sheet1.png,1,97,30,30,0.5,0.5
pants,t83,jeans,twohand_down,0,pants/jeans-sheet1.png,images/jeans-sheet1.png,33,97,30,30,0.5,0.5
pants,t83,jeans,twohand_up,0,pants/jeans-sheet1.png,images/jeans-sheet1.png,65,97,30,30,0.5,0.5
pants,t83,jeans,twohand_left,0,pants/jeans-sheet1.png,images/jeans-sheet1.png,97,97,30,30,0.5,0.5
pants,t83,jeans,twohand_right,0,pants/jeans-sheet2.png,images/jeans-sheet2.png,1,1,30,30,0.5,0.5
pants,t83,jeans,using_item,0,pants/jeans-sheet2.png,images/jeans-sheet2.png,33,1,30,30,0.5,0.5
pants,t83,jeans,using_item,1,pants/jeans-sheet2.png,images/jeans-sheet2.png,65,1,30,30,0.5,0.5
pants,t83,jeans,using_item,2,pants/jeans-sheet2.png,images/jeans-sheet2.png,97,1,30,30,0.5,0.5
pants,t83,jeans,using_item,3,pants/jeans-sheet2.png,images/jeans-sheet2.png,65,1,30,30,0.5,0.5
pants,t101,orel_pants,idle_down,0,pants/orel_pants-sheet0.png,images/orel_pants-sheet0.png,1,1,30,30,0.5,0.5
pants,t101,orel_pants,idle_up,0,pants/orel_pants-sheet0.png,images/orel_pants-sheet0.png,33,1,30,30,0.5,0.5
pants,t101,orel_pants,idle_right,0,pants/orel_pants-sheet0.png,images/orel_pants-sheet0.png,65,1,30,30,0.5,0.5
pants,t101,orel_pants,idle_left,0,pants/orel_pants-sheet0.png,images/orel_pants-sheet0.png,97,1,30,30,0.5,0.5
pants,t101,orel_pants,run_down,0,pants/orel_pants-sheet0.png,images/orel_pants-sheet0.png,1,33,30,30,0.5,0.5
pants,t101,orel_pants,run_down,1,pants/orel_pants-sheet0.png,images/orel_pants-sheet0.png,33,33,30,30,0.5,0.5
pants,t101,orel_pants,run_down,2,pants/orel_pants-sheet0.png,images/orel_pants-sheet0.png,65,33,30,30,0.5,0.5
pants,t101,orel_pants,run_down,3,pants/orel_pants-sheet0.png,images/orel_pants-sheet0.png,97,33,30,30,0.5,0.5
pants,t101,orel_pants,run_up,0,pants/orel_pants-sheet0.png,images/orel_pants-sheet0.png,1,65,30,30,0.5,0.5
pants,t101,orel_pants,run_up,1,pants/orel_pants-sheet0.png,images/orel_pants-sheet0.png,33,65,30,30,0.5,0.5
pants,t101,orel_pants,run_up,2,pants/orel_pants-sheet0.png,images/orel_pants-sheet0.png,65,65,30,30,0.5,0.5
pants,t101,orel_pants,run_up,3,pants/orel_pants-sheet0.png,images/orel_pants-sheet0.png,97,65,30,30,0.5,0.5
pants,t101,orel_pants,run_right,0,pants/orel_pants-sheet0.png,images/orel_pants-sheet0.png,1,97,30,30,0.5,0.5
pants,t101,orel_pants,run_right,1,pants/orel_pants-sheet0.png,images/orel_pants-sheet0.png,33,97,30,30,0.5,0.5
pants,t101,orel_pants,run_right,2,pants/orel_pants-sheet0.png,images/orel_pants-sheet0.png,65,97,30,30,0.5,0.5
pants,t101,orel_pants,run_right,3,pants/orel_pants-sheet0.png,images/orel_pants-sheet0.png,97,97,30,30,0.5,0.5
pants,t101,orel_pants,run_left,0,pants/orel_pants-sheet1.png,images/orel_pants-sheet1.png,1,1,30,30,0.5,0.5
pants,t101,orel_pants,run_left,1,pants/orel_pants-sheet1.png,images/orel_pants-sheet1.png,33,1,30,30,0.5,0.5
pants,t101,orel_pants,run_left,2,pants/orel_pants-sheet1.png,images/orel_pants-sheet1.png,65,1,30,30,0.5,0.5
pants,t101,orel_pants,run_left,3,pants/orel_pants-sheet1.png,images/orel_pants-sheet1.png,97,1,30,30,0.5,0.5
pants,t101,orel_pants,axe_up,0,pants/orel_pants-sheet0.png,images/orel_pants-sheet0.png,33,1,30,30,0.5,0.5
pants,t101,orel_pants,axe_down,0,pants/orel_pants-sheet1.png,images/orel_pants-sheet1.png,1,33,30,30,0.5,0.5
pants,t101,orel_pants,axe_down,1,pants/orel_pants-sheet1.png,images/orel_pants-sheet1.png,33,33,30,30,0.5,0.5
pants,t101,orel_pants,axe_down,2,pants/orel_pants-sheet1.png,images/orel_pants-sheet1.png,1,33,30,30,0.5,0.5
pants,t101,orel_pants,axe_left,0,pants/orel_pants-sheet1.png,images/orel_pants-sheet1.png,65,33,30,30,0.5,0.5
pants,t101,orel_pants,axe_left,1,pants/orel_pants-sheet1.png,images/orel_pants-sheet1.png,97,33,30,30,0.5,0.5
pants,t101,orel_pants,axe_left,2,pants/orel_pants-sheet1.png,images/orel_pants-sheet1.png,65,33,30,30,0.5,0.5
pants,t101,orel_pants,axe_right,0,pants/orel_pants-sheet1.png,images/orel_pants-sheet1.png,1,65,30,30,0.5,0.5
pants,t101,orel_pants,axe_right,1,pants/orel_pants-sheet1.png,images/orel_pants-sheet1.png,33,65,30,30,0.5,0.5
pants,t101,orel_pants,axe_right,2,pants/orel_pants-sheet1.png,images/orel_pants-sheet1.png,1,65,30,30,0.5,0.5
pants,t101,orel_pants,pistol_up,0,pants/orel_pants-sheet0.png,images/orel_pants-sheet0.png,33,1,30,30,0.5,0.5
pants,t101,orel_pants,pistol_down,0,pants/orel_pants-sheet1.png,images/orel_pants-sheet1.png,65,65,30,30,0.5,0.5
pants,t101,orel_pants,pistol_left,0,pants/orel_pants-sheet1.png,images/orel_pants-sheet1.png,97,65,30,30,0.5,0.5
pants,t101,orel_pants,pistol_right,0,pants/orel_pants-sheet1.png,images/orel_pants-sheet1.png,1,97,30,30,0.5,0.5
pants,t101,orel_pants,twohand_down,0,pants/orel_pants-sheet1.png,images/orel_pants-sheet1.png,33,97,30,30,0.5,0.5
pants,t101,orel_pants,twohand_up,0,pants/orel_pants-sheet0.png,images/orel_pants-sheet0.png,33,1,30,30,0.5,0.5
pants,t101,orel_pants,twohand_left,0,pants/orel_pants-sheet1.png,images/orel_pants-sheet1.png,65,97,30,30,0.5,0.5
pants,t101,orel_pants,twohand_right,0,pants/orel_pants-sheet1.png,images/orel_pants-sheet1.png,97,97,30,30,0.5,0.5
pants,t101,orel_pants,using_item,0,pants/orel_pants-sheet2.png,images/orel_pants-sheet2.png,1,1,30,30,0.5,0.5
pants,t101,orel_pants,using_item,1,pants/orel_pants-sheet2.png,images/orel_pants-sheet2.png,33,1,30,30,0.5,0.5
pants,t101,orel_pants,using_item,2,pants/orel_pants-sheet2.png,images/orel_pants-sheet2.png,1,33,30,30,0.5,0.5
pants,t101,orel_pants,using_item,3,pants/orel_pants-sheet2.png,images/orel_pants-sheet2.png,33,1,30,30,0.5,0.5
pants,t102,paramedic_pants,idle_down,0,pants/paramedic_pants-sheet0.png,images/paramedic_pants-sheet0.png,1,1,30,30,0.5,0.5
pants,t102,paramedic_pants,idle_up,0,pants/paramedic_pants-sheet0.png,images/paramedic_pants-sheet0.png,33,1,30,30,0.5,0.5
pants,t102,paramedic_pants,idle_right,0,pants/paramedic_pants-sheet0.png,images/paramedic_pants-sheet0.png,65,1,30,30,0.5,0.5
pants,t102,paramedic_pants,idle_left,0,pants/paramedic_pants-sheet0.png,images/paramedic_pants-sheet0.png,97,1,30,30,0.5,0.5
pants,t102,paramedic_pants,run_down,0,pants/paramedic_pants-sheet0.png,images/paramedic_pants-sheet0.png,1,33,30,30,0.5,0.5
pants,t102,paramedic_pants,run_down,1,pants/paramedic_pants-sheet0.png,images/paramedic_pants-sheet0.png,33,33,30,30,0.5,0.5
pants,t102,paramedic_pants,run_down,2,pants/paramedic_pants-sheet0.png,images/paramedic_pants-sheet0.png,65,33,30,30,0.5,0.5
pants,t102,paramedic_pants,run_down,3,pants/paramedic_pants-sheet0.png,images/paramedic_pants-sheet0.png,97,33,30,30,0.5,0.5
pants,t102,paramedic_pants,run_up,0,pants/paramedic_pants-sheet0.png,images/paramedic_pants-sheet0.png,1,65,30,30,0.5,0.5
pants,t102,paramedic_pants,run_up,1,pants/paramedic_pants-sheet0.png,images/paramedic_pants-sheet0.png,33,65,30,30,0.5,0.5
pants,t102,paramedic_pants,run_up,2,pants/paramedic_pants-sheet0.png,images/paramedic_pants-sheet0.png,65,65,30,30,0.5,0.5
pants,t102,paramedic_pants,run_up,3,pants/paramedic_pants-sheet0.png,images/paramedic_pants-sheet0.png,97,65,30,30,0.5,0.5
pants,t102,paramedic_pants,run_right,0,pants/paramedic_pants-sheet0.png,images/paramedic_pants-sheet0.png,1,97,30,30,0.5,0.5
pants,t102,paramedic_pants,run_right,1,pants/paramedic_pants-sheet0.png,images/paramedic_pants-sheet0.png,33,97,30,30,0.5,0.5
pants,t102,paramedic_pants,run_right,2,pants/paramedic_pants-sheet0.png,images/paramedic_pants-sheet0.png,65,97,30,30,0.5,0.5
pants,t102,paramedic_pants,run_right,3,pants/paramedic_pants-sheet0.png,images/paramedic_pants-sheet0.png,97,97,30,30,0.5,0.5
pants,t102,paramedic_pants,run_left,0,pants/paramedic_pants-sheet1.png,images/paramedic_pants-sheet1.png,1,1,30,30,0.5,0.5
pants,t102,paramedic_pants,run_left,1,pants/paramedic_pants-sheet1.png,images/paramedic_pants-sheet1.png,33,1,30,30,0.5,0.5
pants,t102,paramedic_pants,run_left,2,pants/paramedic_pants-sheet1.png,images/paramedic_pants-sheet1.png,65,1,30,30,0.5,0.5
pants,t102,paramedic_pants,run_left,3,pants/paramedic_pants-sheet1.png,images/paramedic_pants-sheet1.png,97,1,30,30,0.5,0.5
pants,t102,paramedic_pants,axe_up,0,pants/paramedic_pants-sheet1.png,images/paramedic_pants-sheet1.png,1,33,30,30,0.5,0.5
pants,t102,paramedic_pants,axe_down,0,pants/paramedic_pants-sheet1.png,images/paramedic_pants-sheet1.png,33,33,30,30,0.5,0.5
pants,t102,paramedic_pants,axe_down,1,pants/paramedic_pants-sheet1.png,images/paramedic_pants-sheet1.png,65,33,30,30,0.5,0.5
pants,t102,paramedic_pants,axe_down,2,pants/paramedic_pants-sheet1.png,images/paramedic_pants-sheet1.png,33,33,30,30,0.5,0.5
pants,t102,paramedic_pants,axe_left,0,pants/paramedic_pants-sheet1.png,images/paramedic_pants-sheet1.png,97,33,30,30,0.5,0.5
pants,t102,paramedic_pants,axe_left,1,pants/paramedic_pants-sheet1.png,images/paramedic_pants-sheet1.png,1,65,30,30,0.5,0.5
pants,t102,paramedic_pants,axe_left,2,pants/paramedic_pants-sheet1.png,images/paramedic_pants-sheet1.png,97,33,30,30,0.5,0.5
pants,t102,paramedic_pants,axe_right,0,pants/paramedic_pants-sheet1.png,images/paramedic_pants-sheet1.png,33,65,30,30,0.5,0.5
pants,t102,paramedic_pants,axe_right,1,pants/paramedic_pants-sheet1.png,images/paramedic_pants-sheet1.png,65,65,30,30,0.5,0.5
pants,t102,paramedic_pants,axe_right,2,pants/paramedic_pants-sheet1.png,images/paramedic_pants-sheet1.png,33,65,30,30,0.5,0.5
pants,t102,paramedic_pants,pistol_up,0,pants/paramedic_pants-sheet0.png,images/paramedic_pants-sheet0.png,33,1,30,30,0.5,0.5
pants,t102,paramedic_pants,pistol_down,0,pants/paramedic_pants-sheet1.png,images/paramedic_pants-sheet1.png,97,65,30,30,0.5,0.5
pants,t102,paramedic_pants,pistol_left,0,pants/paramedic_pants-sheet1.png,images/paramedic_pants-sheet1.png,1,97,30,30,0.5,0.5
pants,t102,paramedic_pants,pistol_right,0,pants/paramedic_pants-sheet1.png,images/paramedic_pants-sheet1.png,33,97,30,30,0.5,0.5
pants,t102,paramedic_pants,twohand_down,0,pants/paramedic_pants-sheet1.png,images/paramedic_pants-sheet1.png,65,97,30,30,0.5,0.5
pants,t102,paramedic_pants,twohand_up,0,pants/paramedic_pants-sheet1.png,images/paramedic_pants-sheet1.png,97,97,30,30,0.5,0.5
pants,t102,paramedic_pants,twohand_left,0,pants/paramedic_pants-sheet2.png,images/paramedic_pants-sheet2.png,1,1,30,30,0.5,0.5
pants,t102,paramedic_pants,twohand_right,0,pants/paramedic_pants-sheet2.png,images/paramedic_pants-sheet2.png,33,1,30,30,0.5,0.5
pants,t102,paramedic_pants,using_item,0,pants/paramedic_pants-sheet2.png,images/paramedic_pants-sheet2.png,65,1,30,30,0.5,0.5
pants,t102,paramedic_pants,using_item,1,pants/paramedic_pants-sheet2.png,images/paramedic_pants-sheet2.png,97,1,30,30,0.5,0.5
pants,t102,paramedic_pants,using_item,2,pants/paramedic_pants-sheet2.png,images/paramedic_pants-sheet2.png,1,33,30,30,0.5,0.5
pants,t102,paramedic_pants,using_item,3,pants/paramedic_pants-sheet2.png,images/paramedic_pants-sheet2.png,97,1,30,30,0.5,0.5
pants,t86,sportpants,idle_down,0,pants/sportpants-sheet0.png,images/sportpants-sheet0.png,1,1,30,30,0.5,0.5
pants,t86,sportpants,idle_up,0,pants/sportpants-sheet0.png,images/sportpants-sheet0.png,33,1,30,30,0.5,0.5
pants,t86,sportpants,idle_right,0,pants/sportpants-sheet0.png,images/sportpants-sheet0.png,65,1,30,30,0.5,0.5
pants,t86,sportpants,idle_left,0,pants/sportpants-sheet0.png,images/sportpants-sheet0.png,97,1,30,30,0.5,0.5
pants,t86,sportpants,run_down,0,pants/sportpants-sheet0.png,images/sportpants-sheet0.png,1,33,30,30,0.5,0.5
pants,t86,sportpants,run_down,1,pants/sportpants-sheet0.png,images/sportpants-sheet0.png,33,33,30,30,0.5,0.5
pants,t86,sportpants,run_down,2,pants/sportpants-sheet0.png,images/sportpants-sheet0.png,65,33,30,30,0.5,0.5
pants,t86,sportpants,run_down,3,pants/sportpants-sheet0.png,images/sportpants-sheet0.png,97,33,30,30,0.5,0.5
pants,t86,sportpants,run_up,0,pants/sportpants-sheet0.png,images/sportpants-sheet0.png,1,65,30,30,0.5,0.5
pants,t86,sportpants,run_up,1,pants/sportpants-sheet0.png,images/sportpants-sheet0.png,33,65,30,30,0.5,0.5
pants,t86,sportpants,run_up,2,pants/sportpants-sheet0.png,images/sportpants-sheet0.png,65,65,30,30,0.5,0.5
pants,t86,sportpants,run_up,3,pants/sportpants-sheet0.png,images/sportpants-sheet0.png,97,65,30,30,0.5,0.5
pants,t86,sportpants,run_right,0,pants/sportpants-sheet0.png,images/sportpants-sheet0.png,1,97,30,30,0.5,0.5
pants,t86,sportpants,run_right,1,pants/sportpants-sheet0.png,images/sportpants-sheet0.png,33,97,30,30,0.5,0.5
pants,t86,sportpants,run_right,2,pants/sportpants-sheet0.png,images/sportpants-sheet0.png,65,97,30,30,0.5,0.5
pants,t86,sportpants,run_right,3,pants/sportpants-sheet0.png,images/sportpants-sheet0.png,97,97,30,30,0.5,0.5
pants,t86,sportpants,run_left,0,pants/sportpants-sheet1.png,images/sportpants-sheet1.png,1,1,30,30,0.5,0.5
pants,t86,sportpants,run_left,1,pants/sportpants-sheet1.png,images/sportpants-sheet1.png,33,1,30,30,0.5,0.5
pants,t86,sportpants,run_left,2,pants/sportpants-sheet1.png,images/sportpants-sheet1.png,65,1,30,30,0.5,0.5
pants,t86,sportpants,run_left,3,pants/sportpants-sheet1.png,images/sportpants-sheet1.png,97,1,30,30,0.5,0.5
pants,t86,sportpants,axe_up,0,pants/sportpants-sheet0.png,images/sportpants-sheet0.png,33,1,30,30,0.5,0.5
pants,t86,sportpants,axe_down,0,pants/sportpants-sheet1.png,images/sportpants-sheet1.png,1,33,30,30,0.5,0.5
pants,t86,sportpants,axe_down,1,pants/sportpants-sheet1.png,images/sportpants-sheet1.png,33,33,30,30,0.5,0.5
pants,t86,sportpants,axe_down,2,pants/sportpants-sheet1.png,images/sportpants-sheet1.png,1,33,30,30,0.5,0.5
pants,t86,sportpants,axe_left,0,pants/sportpants-sheet1.png,images/sportpants-sheet1.png,65,33,30,30,0.5,0.5
pants,t86,sportpants,axe_left,1,pants/sportpants-sheet1.png,images/sportpants-sheet1.png,97,33,30,30,0.5,0.5
pants,t86,sportpants,axe_left,2,pants/sportpants-sheet1.png,images/sportpants-sheet1.png,65,33,30,30,0.5,0.5
pants,t86,sportpants,axe_right,0,pants/sportpants-sheet1.png,images/sportpants-sheet1.png,1,65,30,30,0.5,0.5
pants,t86,sportpants,axe_right,1,pants/sportpants-sheet1.png,images/sportpants-sheet1.png,33,65,30,30,0.5,0.5
pants,t86,sportpants,axe_right,2,pants/sportpants-sheet1.png,images/sportpants-sheet1.png,1,65,30,30,0.5,0.5
pants,t86,sportpants,pistol_up,0,pants/sportpants-sheet0.png,images/sportpants-sheet0.png,33,1,30,30,0.5,0.5
pants,t86,sportpants,pistol_down,0,pants/sportpants-sheet1.png,images/sportpants-sheet1.png,65,65,30,30,0.5,0.5
pants,t86,sportpants,pistol_left,0,pants/sportpants-sheet1.png,images/sportpants-sheet1.png,97,65,30,30,0.5,0.5
pants,t86,sportpants,pistol_right,0,pants/sportpants-sheet1.png,images/sportpants-sheet1.png,1,97,30,30,0.5,0.5
pants,t86,sportpants,twohand_down,0,pants/sportpants-sheet1.png,images/sportpants-sheet1.png,33,97,30,30,0.5,0.5
pants,t86,sportpants,twohand_up,0,pants/sportpants-sheet1.png,images/sportpants-sheet1.png,65,97,30,30,0.5,0.5
pants,t86,sportpants,twohand_left,0,pants/sportpants-sheet1.png,images/sportpants-sheet1.png,97,97,30,30,0.5,0.5
pants,t86,sportpants,twohand_right,0,pants/sportpants-sheet2.png,images/sportpants-sheet2.png,1,1,30,30,0.5,0.5
pants,t86,sportpants,using_item,0,pants/sportpants-sheet2.png,images/sportpants-sheet2.png,33,1,30,30,0.5,0.5
pants,t86,sportpants,using_item,1,pants/sportpants-sheet2.png,images/sportpants-sheet2.png,65,1,30,30,0.5,0.5
pants,t86,sportpants,using_item,2,pants/sportpants-sheet2.png,images/sportpants-sheet2.png,97,1,30,30,0.5,0.5
pants,t86,sportpants,using_item,3,pants/sportpants-sheet2.png,images/sportpants-sheet2.png,65,1,30,30,0.5,0.5
pants,t87,workpants,idle_down,0,pants/workpants-sheet0.png,images/workpants-sheet0.png,1,1,30,30,0.5,0.5
pants,t87,workpants,idle_up,0,pants/workpants-sheet0.png,images/workpants-sheet0.png,33,1,30,30,0.5,0.5
pants,t87,workpants,idle_right,0,pants/workpants-sheet0.png,images/workpants-sheet0.png,65,1,30,30,0.5,0.5
pants,t87,workpants,idle_left,0,pants/workpants-sheet0.png,images/workpants-sheet0.png,97,1,30,30,0.5,0.5
pants,t87,workpants,run_down,0,pants/workpants-sheet0.png,images/workpants-sheet0.png,1,33,30,30,0.5,0.5
pants,t87,workpants,run_down,1,pants/workpants-sheet0.png,images/workpants-sheet0.png,33,33,30,30,0.5,0.5
pants,t87,workpants,run_down,2,pants/workpants-sheet0.png,images/workpants-sheet0.png,65,33,30,30,0.5,0.5
pants,t87,workpants,run_down,3,pants/workpants-sheet0.png,images/workpants-sheet0.png,97,33,30,30,0.5,0.5
pants,t87,workpants,run_up,0,pants/workpants-sheet0.png,images/workpants-sheet0.png,1,65,30,30,0.5,0.5
pants,t87,workpants,run_up,1,pants/workpants-sheet0.png,images/workpants-sheet0.png,33,65,30,30,0.5,0.5
pants,t87,workpants,run_up,2,pants/workpants-sheet0.png,images/workpants-sheet0.png,65,65,30,30,0.5,0.5
pants,t87,workpants,run_up,3,pants/workpants-sheet0.png,images/workpants-sheet0.png,97,65,30,30,0.5,0.5
pants,t87,workpants,run_right,0,pants/workpants-sheet0.png,images/workpants-sheet0.png,1,97,30,30,0.5,0.5
pants,t87,workpants,run_right,1,pants/workpants-sheet0.png,images/workpants-sheet0.png,33,97,30,30,0.5,0.5
pants,t87,workpants,run_right,2,pants/workpants-sheet0.png,images/workpants-sheet0.png,65,97,30,30,0.5,0.5
pants,t87,workpants,run_right,3,pants/workpants-sheet0.png,images/workpants-sheet0.png,97,97,30,30,0.5,0.5
pants,t87,workpants,run_left,0,pants/workpants-sheet1.png,images/workpants-sheet1.png,1,1,30,30,0.5,0.5
pants,t87,workpants,run_left,1,pants/workpants-sheet1.png,images/workpants-sheet1.png,33,1,30,30,0.5,0.5
pants,t87,workpants,run_left,2,pants/workpants-sheet1.png,images/workpants-sheet1.png,65,1,30,30,0.5,0.5
pants,t87,workpants,run_left,3,pants/workpants-sheet1.png,images/workpants-sheet1.png,97,1,30,30,0.5,0.5
pants,t87,workpants,axe_up,0,pants/workpants-sheet1.png,images/workpants-sheet1.png,1,33,30,30,0.5,0.5
pants,t87,workpants,axe_down,0,pants/workpants-sheet1.png,images/workpants-sheet1.png,33,33,30,30,0.5,0.5
pants,t87,workpants,axe_down,1,pants/workpants-sheet1.png,images/workpants-sheet1.png,65,33,30,30,0.5,0.5
pants,t87,workpants,axe_down,2,pants/workpants-sheet1.png,images/workpants-sheet1.png,33,33,30,30,0.5,0.5
pants,t87,workpants,axe_left,0,pants/workpants-sheet1.png,images/workpants-sheet1.png,97,33,30,30,0.5,0.5
pants,t87,workpants,axe_left,1,pants/workpants-sheet1.png,images/workpants-sheet1.png,1,65,30,30,0.5,0.5
pants,t87,workpants,axe_left,2,pants/workpants-sheet1.png,images/workpants-sheet1.png,97,33,30,30,0.5,0.5
pants,t87,workpants,axe_right,0,pants/workpants-sheet1.png,images/workpants-sheet1.png,33,65,30,30,0.5,0.5
pants,t87,workpants,axe_right,1,pants/workpants-sheet1.png,images/workpants-sheet1.png,65,65,30,30,0.5,0.5
pants,t87,workpants,axe_right,2,pants/workpants-sheet1.png,images/workpants-sheet1.png,33,65,30,30,0.5,0.5
pants,t87,workpants,pistol_up,0,pants/workpants-sheet1.png,images/workpants-sheet1.png,97,65,30,30,0.5,0.5
pants,t87,workpants,pistol_down,0,pants/workpants-sheet1.png,images/workpants-sheet1.png,1,97,30,30,0.5,0.5
pants,t87,workpants,pistol_left,0,pants/workpants-sheet1.png,images/workpants-sheet1.png,33,97,30,30,0.5,0.5
pants,t87,workpants,pistol_right,0,pants/workpants-sheet1.png,images/workpants-sheet1.png,65,97,30,30,0.5,0.5
pants,t87,workpants,twohand_down,0,pants/workpants-sheet1.png,images/workpants-sheet1.png,97,97,30,30,0.5,0.5
pants,t87,workpants,twohand_up,0,pants/workpants-sheet2.png,images/workpants-sheet2.png,1,1,30,30,0.5,0.5
pants,t87,workpants,twohand_left,0,pants/workpants-sheet2.png,images/workpants-sheet2.png,33,1,30,30,0.5,0.5
pants,t87,workpants,twohand_right,0,pants/workpants-sheet2.png,images/workpants-sheet2.png,65,1,30,30,0.5,0.5
pants,t87,workpants,using_item,0,pants/workpants-sheet2.png,images/workpants-sheet2.png,97,1,30,30,0.5,0.5
pants,t87,workpants,using_item,1,pants/workpants-sheet2.png,images/workpants-sheet2.png,1,33,30,30,0.5,0.5
pants,t87,workpants,using_item,2,pants/workpants-sheet2.png,images/workpants-sheet2.png,33,33,30,30,0.5,0.5
pants,t87,workpants,using_item,3,pants/workpants-sheet2.png,images/workpants-sheet2.png,1,33,30,30,0.5,0.5
vest,t141,fartuk,idle_down,0,vest/fartuk-sheet0.png,images/fartuk-sheet0.png,1,1,30,30,0.5,0.5
vest,t141,fartuk,idle_up,0,vest/fartuk-sheet0.png,images/fartuk-sheet0.png,33,1,30,30,0.5,0.5
vest,t141,fartuk,idle_right,0,vest/fartuk-sheet0.png,images/fartuk-sheet0.png,65,1,30,30,0.5,0.5
vest,t141,fartuk,idle_left,0,vest/fartuk-sheet0.png,images/fartuk-sheet0.png,97,1,30,30,0.5,0.5
vest,t141,fartuk,run_down,0,vest/fartuk-sheet0.png,images/fartuk-sheet0.png,1,33,30,30,0.5,0.5
vest,t141,fartuk,run_down,1,vest/fartuk-sheet0.png,images/fartuk-sheet0.png,33,33,30,30,0.5,0.5
vest,t141,fartuk,run_down,2,vest/fartuk-sheet0.png,images/fartuk-sheet0.png,65,33,30,30,0.5,0.5
vest,t141,fartuk,run_down,3,vest/fartuk-sheet0.png,images/fartuk-sheet0.png,97,33,30,30,0.5,0.5
vest,t141,fartuk,run_up,0,vest/fartuk-sheet0.png,images/fartuk-sheet0.png,1,65,30,30,0.5,0.5
vest,t141,fartuk,run_up,1,vest/fartuk-sheet0.png,images/fartuk-sheet0.png,33,65,30,30,0.5,0.5
vest,t141,fartuk,run_up,2,vest/fartuk-sheet0.png,images/fartuk-sheet0.png,65,65,30,30,0.5,0.5
vest,t141,fartuk,run_up,3,vest/fartuk-sheet0.png,images/fartuk-sheet0.png,97,65,30,30,0.5,0.5
vest,t141,fartuk,run_right,0,vest/fartuk-sheet0.png,images/fartuk-sheet0.png,1,97,30,30,0.5,0.5
vest,t141,fartuk,run_right,1,vest/fartuk-sheet0.png,images/fartuk-sheet0.png,33,97,30,30,0.5,0.5
vest,t141,fartuk,run_right,2,vest/fartuk-sheet0.png,images/fartuk-sheet0.png,65,97,30,30,0.5,0.5
vest,t141,fartuk,run_right,3,vest/fartuk-sheet0.png,images/fartuk-sheet0.png,97,97,30,30,0.5,0.5
vest,t141,fartuk,run_left,0,vest/fartuk-sheet1.png,images/fartuk-sheet1.png,1,1,30,30,0.5,0.5
vest,t141,fartuk,run_left,1,vest/fartuk-sheet1.png,images/fartuk-sheet1.png,33,1,30,30,0.5,0.5
vest,t141,fartuk,run_left,2,vest/fartuk-sheet1.png,images/fartuk-sheet1.png,65,1,30,30,0.5,0.5
vest,t141,fartuk,run_left,3,vest/fartuk-sheet1.png,images/fartuk-sheet1.png,97,1,30,30,0.5,0.5
vest,t141,fartuk,axe_up,0,vest/fartuk-sheet0.png,images/fartuk-sheet0.png,33,1,30,30,0.5,0.5
vest,t141,fartuk,axe_down,0,vest/fartuk-sheet1.png,images/fartuk-sheet1.png,1,33,30,30,0.5,0.5
vest,t141,fartuk,axe_down,1,vest/fartuk-sheet1.png,images/fartuk-sheet1.png,33,33,30,30,0.5,0.5
vest,t141,fartuk,axe_down,2,vest/fartuk-sheet1.png,images/fartuk-sheet1.png,1,33,30,30,0.5,0.5
vest,t141,fartuk,axe_left,0,vest/fartuk-sheet1.png,images/fartuk-sheet1.png,65,33,30,30,0.5,0.5
vest,t141,fartuk,axe_right,0,vest/fartuk-sheet1.png,images/fartuk-sheet1.png,97,33,30,30,0.5,0.5
vest,t141,fartuk,pistol_up,0,vest/fartuk-sheet0.png,images/fartuk-sheet0.png,33,1,30,30,0.5,0.5
vest,t141,fartuk,pistol_down,0,vest/fartuk-sheet1.png,images/fartuk-sheet1.png,1,65,30,30,0.5,0.5
vest,t141,fartuk,pistol_left,0,vest/fartuk-sheet1.png,images/fartuk-sheet1.png,33,65,30,30,0.5,0.5
vest,t141,fartuk,pistol_right,0,vest/fartuk-sheet1.png,images/fartuk-sheet1.png,65,65,30,30,0.5,0.5
vest,t141,fartuk,twohand_down,0,vest/fartuk-sheet1.png,images/fartuk-sheet1.png,33,33,30,30,0.5,0.5
vest,t141,fartuk,twohand_up,0,vest/fartuk-sheet0.png,images/fartuk-sheet0.png,33,1,30,30,0.5,0.5
vest,t141,fartuk,twohand_left,0,vest/fartuk-sheet1.png,images/fartuk-sheet1.png,97,65,30,30,0.5,0.5
vest,t141,fartuk,twohand_right,0,vest/fartuk-sheet1.png,images/fartuk-sheet1.png,1,97,30,30,0.5,0.5
vest,t141,fartuk,using_item,0,vest/fartuk-sheet1.png,images/fartuk-sheet1.png,33,97,30,30,0.5,0.5
vest,t119,razgruz_big,idle_down,0,vest/razgruz_big-sheet0.png,images/razgruz_big-sheet0.png,1,1,30,30,0.5,0.5
vest,t119,razgruz_big,idle_up,0,vest/razgruz_big-sheet0.png,images/razgruz_big-sheet0.png,33,1,30,30,0.5,0.5
vest,t119,razgruz_big,idle_right,0,vest/razgruz_big-sheet0.png,images/razgruz_big-sheet0.png,65,1,30,30,0.5,0.5
vest,t119,razgruz_big,idle_left,0,vest/razgruz_big-sheet0.png,images/razgruz_big-sheet0.png,97,1,30,30,0.5,0.5
vest,t119,razgruz_big,run_down,0,vest/razgruz_big-sheet0.png,images/razgruz_big-sheet0.png,1,33,30,30,0.5,0.5
vest,t119,razgruz_big,run_down,1,vest/razgruz_big-sheet0.png,images/razgruz_big-sheet0.png,33,33,30,30,0.5,0.5
vest,t119,razgruz_big,run_down,2,vest/razgruz_big-sheet0.png,images/razgruz_big-sheet0.png,65,33,30,30,0.5,0.5
vest,t119,razgruz_big,run_down,3,vest/razgruz_big-sheet0.png,images/razgruz_big-sheet0.png,97,33,30,30,0.5,0.5
vest,t119,razgruz_big,run_up,0,vest/razgruz_big-sheet0.png,images/razgruz_big-sheet0.png,1,65,30,30,0.5,0.5
vest,t119,razgruz_big,run_up,1,vest/razgruz_big-sheet0.png,images/razgruz_big-sheet0.png,33,65,30,30,0.5,0.5
vest,t119,razgruz_big,run_up,2,vest/razgruz_big-sheet0.png,images/razgruz_big-sheet0.png,65,65,30,30,0.5,0.5
vest,t119,razgruz_big,run_up,3,vest/razgruz_big-sheet0.png,images/razgruz_big-sheet0.png,97,65,30,30,0.5,0.5
vest,t119,razgruz_big,run_right,0,vest/razgruz_big-sheet0.png,images/razgruz_big-sheet0.png,1,97,30,30,0.5,0.5
vest,t119,razgruz_big,run_right,1,vest/razgruz_big-sheet0.png,images/razgruz_big-sheet0.png,33,97,30,30,0.5,0.5
vest,t119,razgruz_big,run_right,2,vest/razgruz_big-sheet0.png,images/razgruz_big-sheet0.png,65,97,30,30,0.5,0.5
vest,t119,razgruz_big,run_right,3,vest/razgruz_big-sheet0.png,images/razgruz_big-sheet0.png,97,97,30,30,0.5,0.5
vest,t119,razgruz_big,run_left,0,vest/razgruz_big-sheet1.png,images/razgruz_big-sheet1.png,1,1,30,30,0.5,0.5
vest,t119,razgruz_big,run_left,1,vest/razgruz_big-sheet1.png,images/razgruz_big-sheet1.png,33,1,30,30,0.5,0.5
vest,t119,razgruz_big,run_left,2,vest/razgruz_big-sheet1.png,images/razgruz_big-sheet1.png,65,1,30,30,0.5,0.5
vest,t119,razgruz_big,run_left,3,vest/razgruz_big-sheet1.png,images/razgruz_big-sheet1.png,97,1,30,30,0.5,0.5
vest,t119,razgruz_big,axe_up,0,vest/razgruz_big-sheet0.png,images/razgruz_big-sheet0.png,33,1,30,30,0.5,0.5
vest,t119,razgruz_big,axe_down,0,vest/razgruz_big-sheet1.png,images/razgruz_big-sheet1.png,1,33,30,30,0.5,0.5
vest,t119,razgruz_big,axe_down,1,vest/razgruz_big-sheet1.png,images/razgruz_big-sheet1.png,33,33,30,30,0.5,0.5
vest,t119,razgruz_big,axe_down,2,vest/razgruz_big-sheet1.png,images/razgruz_big-sheet1.png,1,33,30,30,0.5,0.5
vest,t119,razgruz_big,axe_left,0,vest/razgruz_big-sheet1.png,images/razgruz_big-sheet1.png,65,33,30,30,0.5,0.5
vest,t119,razgruz_big,axe_left,1,vest/razgruz_big-sheet1.png,images/razgruz_big-sheet1.png,97,33,30,30,0.5,0.5
vest,t119,razgruz_big,axe_left,2,vest/razgruz_big-sheet1.png,images/razgruz_big-sheet1.png,65,33,30,30,0.5,0.5
vest,t119,razgruz_big,axe_right,0,vest/razgruz_big-sheet1.png,images/razgruz_big-sheet1.png,1,65,30,30,0.5,0.5
vest,t119,razgruz_big,axe_right,1,vest/razgruz_big-sheet1.png,images/razgruz_big-sheet1.png,33,65,30,30,0.5,0.5
vest,t119,razgruz_big,axe_right,2,vest/razgruz_big-sheet1.png,images/razgruz_big-sheet1.png,1,65,30,30,0.5,0.5
vest,t119,razgruz_big,pistol_up,0,vest/razgruz_big-sheet0.png,images/razgruz_big-sheet0.png,33,1,30,30,0.5,0.5
vest,t119,razgruz_big,pistol_down,0,vest/razgruz_big-sheet1.png,images/razgruz_big-sheet1.png,65,65,30,30,0.5,0.5
vest,t119,razgruz_big,pistol_left,0,vest/razgruz_big-sheet1.png,images/razgruz_big-sheet1.png,97,65,30,30,0.5,0.5
vest,t119,razgruz_big,pistol_right,0,vest/razgruz_big-sheet1.png,images/razgruz_big-sheet1.png,1,97,30,30,0.5,0.5
vest,t119,razgruz_big,twohand_down,0,vest/razgruz_big-sheet1.png,images/razgruz_big-sheet1.png,33,97,30,30,0.5,0.5
vest,t119,razgruz_big,twohand_up,0,vest/razgruz_big-sheet0.png,images/razgruz_big-sheet0.png,33,1,30,30,0.5,0.5
vest,t119,razgruz_big,twohand_left,0,vest/razgruz_big-sheet1.png,images/razgruz_big-sheet1.png,65,97,30,30,0.5,0.5
vest,t119,razgruz_big,twohand_right,0,vest/razgruz_big-sheet1.png,images/razgruz_big-sheet1.png,97,97,30,30,0.5,0.5
vest,t119,razgruz_big,using_item,0,vest/razgruz_big-sheet2.png,images/razgruz_big-sheet2.png,1,1,30,30,0.5,0.5
vest,t119,razgruz_big,using_item,1,vest/razgruz_big-sheet2.png,images/razgruz_big-sheet2.png,33,1,30,30,0.5,0.5
vest,t119,razgruz_big,using_item,2,vest/razgruz_big-sheet2.png,images/razgruz_big-sheet2.png,1,33,30,30,0.5,0.5
vest,t119,razgruz_big,using_item,3,vest/razgruz_big-sheet2.png,images/razgruz_big-sheet2.png,33,1,30,30,0.5,0.5
vest,t79,razgruz,idle_down,0,vest/razgruz-sheet0.png,images/razgruz-sheet0.png,1,1,30,30,0.5,0.5
vest,t79,razgruz,idle_up,0,vest/razgruz-sheet0.png,images/razgruz-sheet0.png,33,1,30,30,0.5,0.5
vest,t79,razgruz,idle_right,0,vest/razgruz-sheet0.png,images/razgruz-sheet0.png,65,1,30,30,0.5,0.5
vest,t79,razgruz,idle_left,0,vest/razgruz-sheet0.png,images/razgruz-sheet0.png,97,1,30,30,0.5,0.5
vest,t79,razgruz,run_down,0,vest/razgruz-sheet0.png,images/razgruz-sheet0.png,1,33,30,30,0.5,0.5
vest,t79,razgruz,run_down,1,vest/razgruz-sheet0.png,images/razgruz-sheet0.png,33,33,30,30,0.5,0.5
vest,t79,razgruz,run_down,2,vest/razgruz-sheet0.png,images/razgruz-sheet0.png,65,33,30,30,0.5,0.5
vest,t79,razgruz,run_down,3,vest/razgruz-sheet0.png,images/razgruz-sheet0.png,97,33,30,30,0.5,0.5
vest,t79,razgruz,run_up,0,vest/razgruz-sheet0.png,images/razgruz-sheet0.png,1,65,30,30,0.5,0.5
vest,t79,razgruz,run_up,1,vest/razgruz-sheet0.png,images/razgruz-sheet0.png,33,65,30,30,0.5,0.5
vest,t79,razgruz,run_up,2,vest/razgruz-sheet0.png,images/razgruz-sheet0.png,65,65,30,30,0.5,0.5
vest,t79,razgruz,run_up,3,vest/razgruz-sheet0.png,images/razgruz-sheet0.png,97,65,30,30,0.5,0.5
vest,t79,razgruz,run_right,0,vest/razgruz-sheet0.png,images/razgruz-sheet0.png,1,97,30,30,0.5,0.5
vest,t79,razgruz,run_right,1,vest/razgruz-sheet0.png,images/razgruz-sheet0.png,33,97,30,30,0.5,0.5
vest,t79,razgruz,run_right,2,vest/razgruz-sheet0.png,images/razgruz-sheet0.png,65,97,30,30,0.5,0.5
vest,t79,razgruz,run_right,3,vest/razgruz-sheet0.png,images/razgruz-sheet0.png,97,97,30,30,0.5,0.5
vest,t79,razgruz,run_left,0,vest/razgruz-sheet1.png,images/razgruz-sheet1.png,1,1,30,30,0.5,0.5
vest,t79,razgruz,run_left,1,vest/razgruz-sheet1.png,images/razgruz-sheet1.png,33,1,30,30,0.5,0.5
vest,t79,razgruz,run_left,2,vest/razgruz-sheet1.png,images/razgruz-sheet1.png,65,1,30,30,0.5,0.5
vest,t79,razgruz,run_left,3,vest/razgruz-sheet1.png,images/razgruz-sheet1.png,97,1,30,30,0.5,0.5
vest,t79,razgruz,axe_up,0,vest/razgruz-sheet1.png,images/razgruz-sheet1.png,1,33,30,30,0.5,0.5
vest,t79,razgruz,axe_down,0,vest/razgruz-sheet1.png,images/razgruz-sheet1.png,33,33,30,30,0.5,0.5
vest,t79,razgruz,axe_down,1,vest/razgruz-sheet1.png,images/razgruz-sheet1.png,65,33,30,30,0.5,0.5
vest,t79,razgruz,axe_down,2,vest/razgruz-sheet1.png,images/razgruz-sheet1.png,33,33,30,30,0.5,0.5
vest,t79,razgruz,axe_left,0,vest/razgruz-sheet1.png,images/razgruz-sheet1.png,97,33,30,30,0.5,0.5
vest,t79,razgruz,axe_left,1,vest/razgruz-sheet1.png,images/razgruz-sheet1.png,1,65,30,30,0.5,0.5
vest,t79,razgruz,axe_left,2,vest/razgruz-sheet1.png,images/razgruz-sheet1.png,97,33,30,30,0.5,0.5
vest,t79,razgruz,axe_right,0,vest/razgruz-sheet1.png,images/razgruz-sheet1.png,33,65,30,30,0.5,0.5
vest,t79,razgruz,axe_right,1,vest/razgruz-sheet1.png,images/razgruz-sheet1.png,65,65,30,30,0.5,0.5
vest,t79,razgruz,axe_right,2,vest/razgruz-sheet1.png,images/razgruz-sheet1.png,33,65,30,30,0.5,0.5
vest,t79,razgruz,pistol_up,0,vest/razgruz-sheet1.png,images/razgruz-sheet1.png,97,65,30,30,0.5,0.5
vest,t79,razgruz,pistol_down,0,vest/razgruz-sheet1.png,images/razgruz-sheet1.png,1,97,30,30,0.5,0.5
vest,t79,razgruz,pistol_left,0,vest/razgruz-sheet1.png,images/razgruz-sheet1.png,33,97,30,30,0.5,0.5
vest,t79,razgruz,pistol_right,0,vest/razgruz-sheet1.png,images/razgruz-sheet1.png,65,97,30,30,0.5,0.5
vest,t79,razgruz,twohand_down,0,vest/razgruz-sheet1.png,images/razgruz-sheet1.png,97,97,30,30,0.5,0.5
vest,t79,razgruz,twohand_up,0,vest/razgruz-sheet1.png,images/razgruz-sheet1.png,97,65,30,30,0.5,0.5
vest,t79,razgruz,twohand_left,0,vest/razgruz-sheet2.png,images/razgruz-sheet2.png,1,1,30,30,0.5,0.5
vest,t79,razgruz,twohand_right,0,vest/razgruz-sheet2.png,images/razgruz-sheet2.png,33,1,30,30,0.5,0.5
vest,t79,razgruz,using_item,0,vest/razgruz-sheet2.png,images/razgruz-sheet2.png,65,1,30,30,0.5,0.5
vest,t79,razgruz,using_item,1,vest/razgruz-sheet2.png,images/razgruz-sheet2.png,97,1,30,30,0.5,0.5
vest,t79,razgruz,using_item,2,vest/razgruz-sheet2.png,images/razgruz-sheet2.png,1,33,30,30,0.5,0.5
vest,t79,razgruz,using_item,3,vest/razgruz-sheet2.png,images/razgruz-sheet2.png,33,33,30,30,0.5,0.5
vest,t88,razgruz_big,idle_down,0,vest/razgruz_big-sheet0.png,images/razgruz_big-sheet0.png,1,1,30,30,0.5,0.5
vest,t88,razgruz_big,idle_up,0,vest/razgruz_big-sheet0.png,images/razgruz_big-sheet0.png,33,1,30,30,0.5,0.5
vest,t88,razgruz_big,idle_right,0,vest/razgruz_big-sheet0.png,images/razgruz_big-sheet0.png,65,1,30,30,0.5,0.5
vest,t88,razgruz_big,idle_left,0,vest/razgruz_big-sheet0.png,images/razgruz_big-sheet0.png,97,1,30,30,0.5,0.5
vest,t88,razgruz_big,run_down,0,vest/razgruz_big-sheet0.png,images/razgruz_big-sheet0.png,1,33,30,30,0.5,0.5
vest,t88,razgruz_big,run_down,1,vest/razgruz_big-sheet0.png,images/razgruz_big-sheet0.png,33,33,30,30,0.5,0.5
vest,t88,razgruz_big,run_down,2,vest/razgruz_big-sheet0.png,images/razgruz_big-sheet0.png,65,33,30,30,0.5,0.5
vest,t88,razgruz_big,run_down,3,vest/razgruz_big-sheet0.png,images/razgruz_big-sheet0.png,97,33,30,30,0.5,0.5
vest,t88,razgruz_big,run_up,0,vest/razgruz_big-sheet0.png,images/razgruz_big-sheet0.png,1,65,30,30,0.5,0.5
vest,t88,razgruz_big,run_up,1,vest/razgruz_big-sheet0.png,images/razgruz_big-sheet0.png,33,65,30,30,0.5,0.5
vest,t88,razgruz_big,run_up,2,vest/razgruz_big-sheet0.png,images/razgruz_big-sheet0.png,65,65,30,30,0.5,0.5
vest,t88,razgruz_big,run_up,3,vest/razgruz_big-sheet0.png,images/razgruz_big-sheet0.png,97,65,30,30,0.5,0.5
vest,t88,razgruz_big,run_right,0,vest/razgruz_big-sheet0.png,images/razgruz_big-sheet0.png,1,97,30,30,0.5,0.5
vest,t88,razgruz_big,run_right,1,vest/razgruz_big-sheet0.png,images/razgruz_big-sheet0.png,33,97,30,30,0.5,0.5
vest,t88,razgruz_big,run_right,2,vest/razgruz_big-sheet0.png,images/razgruz_big-sheet0.png,65,97,30,30,0.5,0.5
vest,t88,razgruz_big,run_right,3,vest/razgruz_big-sheet0.png,images/razgruz_big-sheet0.png,97,97,30,30,0.5,0.5
vest,t88,razgruz_big,run_left,0,vest/razgruz_big-sheet1.png,images/razgruz_big-sheet1.png,1,1,30,30,0.5,0.5
vest,t88,razgruz_big,run_left,1,vest/razgruz_big-sheet1.png,images/razgruz_big-sheet1.png,33,1,30,30,0.5,0.5
vest,t88,razgruz_big,run_left,2,vest/razgruz_big-sheet1.png,images/razgruz_big-sheet1.png,65,1,30,30,0.5,0.5
vest,t88,razgruz_big,run_left,3,vest/razgruz_big-sheet1.png,images/razgruz_big-sheet1.png,97,1,30,30,0.5,0.5
vest,t88,razgruz_big,axe_up,0,vest/razgruz_big-sheet0.png,images/razgruz_big-sheet0.png,33,1,30,30,0.5,0.5
vest,t88,razgruz_big,axe_down,0,vest/razgruz_big-sheet1.png,images/razgruz_big-sheet1.png,1,33,30,30,0.5,0.5
vest,t88,razgruz_big,axe_down,1,vest/razgruz_big-sheet1.png,images/razgruz_big-sheet1.png,33,33,30,30,0.5,0.5
vest,t88,razgruz_big,axe_down,2,vest/razgruz_big-sheet1.png,images/razgruz_big-sheet1.png,1,33,30,30,0.5,0.5
vest,t88,razgruz_big,axe_left,0,vest/razgruz_big-sheet1.png,images/razgruz_big-sheet1.png,65,33,30,30,0.5,0.5
vest,t88,razgruz_big,axe_left,1,vest/razgruz_big-sheet1.png,images/razgruz_big-sheet1.png,97,33,30,30,0.5,0.5
vest,t88,razgruz_big,axe_left,2,vest/razgruz_big-sheet1.png,images/razgruz_big-sheet1.png,65,33,30,30,0.5,0.5
vest,t88,razgruz_big,axe_right,0,vest/razgruz_big-sheet1.png,images/razgruz_big-sheet1.png,1,65,30,30,0.5,0.5
vest,t88,razgruz_big,axe_right,1,vest/razgruz_big-sheet1.png,images/razgruz_big-sheet1.png,33,65,30,30,0.5,0.5
vest,t88,razgruz_big,axe_right,2,vest/razgruz_big-sheet1.png,images/razgruz_big-sheet1.png,1,65,30,30,0.5,0.5
vest,t88,razgruz_big,pistol_up,0,vest/razgruz_big-sheet0.png,images/razgruz_big-sheet0.png,33,1,30,30,0.5,0.5
vest,t88,razgruz_big,pistol_down,0,vest/razgruz_big-sheet1.png,images/razgruz_big-sheet1.png,65,65,30,30,0.5,0.5
vest,t88,razgruz_big,pistol_left,0,vest/razgruz_big-sheet1.png,images/razgruz_big-sheet1.png,97,65,30,30,0.5,0.5
vest,t88,razgruz_big,pistol_right,0,vest/razgruz_big-sheet1.png,images/razgruz_big-sheet1.png,1,97,30,30,0.5,0.5
vest,t88,razgruz_big,twohand_down,0,vest/razgruz_big-sheet1.png,images/razgruz_big-sheet1.png,33,97,30,30,0.5,0.5
vest,t88,razgruz_big,twohand_up,0,vest/razgruz_big-sheet0.png,images/razgruz_big-sheet0.png,33,1,30,30,0.5,0.5
vest,t88,razgruz_big,twohand_left,0,vest/razgruz_big-sheet1.png,images/razgruz_big-sheet1.png,65,97,30,30,0.5,0.5
vest,t88,razgruz_big,twohand_right,0,vest/razgruz_big-sheet1.png,images/razgruz_big-sheet1.png,97,97,30,30,0.5,0.5
vest,t88,razgruz_big,using_item,0,vest/razgruz_big-sheet2.png,images/razgruz_big-sheet2.png,1,1,30,30,0.5,0.5
vest,t88,razgruz_big,using_item,1,vest/razgruz_big-sheet2.png,images/razgruz_big-sheet2.png,33,1,30,30,0.5,0.5
vest,t88,razgruz_big,using_item,2,vest/razgruz_big-sheet2.png,images/razgruz_big-sheet2.png,1,33,30,30,0.5,0.5
vest,t88,razgruz_big,using_item,3,vest/razgruz_big-sheet2.png,images/razgruz_big-sheet2.png,33,1,30,30,0.5,0.5
vest,t134,razgruz_big,idle_down,0,vest/razgruz_big-sheet0.png,images/razgruz_big-sheet0.png,1,1,30,30,0.5,0.5
vest,t134,razgruz_big,idle_up,0,vest/razgruz_big-sheet0.png,images/razgruz_big-sheet0.png,33,1,30,30,0.5,0.5
vest,t134,razgruz_big,idle_right,0,vest/razgruz_big-sheet0.png,images/razgruz_big-sheet0.png,65,1,30,30,0.5,0.5
vest,t134,razgruz_big,idle_left,0,vest/razgruz_big-sheet0.png,images/razgruz_big-sheet0.png,97,1,30,30,0.5,0.5
vest,t134,razgruz_big,run_down,0,vest/razgruz_big-sheet0.png,images/razgruz_big-sheet0.png,1,33,30,30,0.5,0.5
vest,t134,razgruz_big,run_down,1,vest/razgruz_big-sheet0.png,images/razgruz_big-sheet0.png,33,33,30,30,0.5,0.5
vest,t134,razgruz_big,run_down,2,vest/razgruz_big-sheet0.png,images/razgruz_big-sheet0.png,65,33,30,30,0.5,0.5
vest,t134,razgruz_big,run_down,3,vest/razgruz_big-sheet0.png,images/razgruz_big-sheet0.png,97,33,30,30,0.5,0.5
vest,t134,razgruz_big,run_up,0,vest/razgruz_big-sheet0.png,images/razgruz_big-sheet0.png,1,65,30,30,0.5,0.5
vest,t134,razgruz_big,run_up,1,vest/razgruz_big-sheet0.png,images/razgruz_big-sheet0.png,33,65,30,30,0.5,0.5
vest,t134,razgruz_big,run_up,2,vest/razgruz_big-sheet0.png,images/razgruz_big-sheet0.png,65,65,30,30,0.5,0.5
vest,t134,razgruz_big,run_up,3,vest/razgruz_big-sheet0.png,images/razgruz_big-sheet0.png,97,65,30,30,0.5,0.5
vest,t134,razgruz_big,run_right,0,vest/razgruz_big-sheet0.png,images/razgruz_big-sheet0.png,1,97,30,30,0.5,0.5
vest,t134,razgruz_big,run_right,1,vest/razgruz_big-sheet0.png,images/razgruz_big-sheet0.png,33,97,30,30,0.5,0.5
vest,t134,razgruz_big,run_right,2,vest/razgruz_big-sheet0.png,images/razgruz_big-sheet0.png,65,97,30,30,0.5,0.5
vest,t134,razgruz_big,run_right,3,vest/razgruz_big-sheet0.png,images/razgruz_big-sheet0.png,97,97,30,30,0.5,0.5
vest,t134,razgruz_big,run_left,0,vest/razgruz_big-sheet1.png,images/razgruz_big-sheet1.png,1,1,30,30,0.5,0.5
vest,t134,razgruz_big,run_left,1,vest/razgruz_big-sheet1.png,images/razgruz_big-sheet1.png,33,1,30,30,0.5,0.5
vest,t134,razgruz_big,run_left,2,vest/razgruz_big-sheet1.png,images/razgruz_big-sheet1.png,65,1,30,30,0.5,0.5
vest,t134,razgruz_big,run_left,3,vest/razgruz_big-sheet1.png,images/razgruz_big-sheet1.png,97,1,30,30,0.5,0.5
vest,t134,razgruz_big,axe_up,0,vest/razgruz_big-sheet0.png,images/razgruz_big-sheet0.png,33,1,30,30,0.5,0.5
vest,t134,razgruz_big,axe_down,0,vest/razgruz_big-sheet1.png,images/razgruz_big-sheet1.png,1,33,30,30,0.5,0.5
vest,t134,razgruz_big,axe_down,1,vest/razgruz_big-sheet1.png,images/razgruz_big-sheet1.png,33,33,30,30,0.5,0.5
vest,t134,razgruz_big,axe_down,2,vest/razgruz_big-sheet1.png,images/razgruz_big-sheet1.png,1,33,30,30,0.5,0.5
vest,t134,razgruz_big,axe_left,0,vest/razgruz_big-sheet1.png,images/razgruz_big-sheet1.png,65,33,30,30,0.5,0.5
vest,t134,razgruz_big,axe_left,1,vest/razgruz_big-sheet1.png,images/razgruz_big-sheet1.png,97,33,30,30,0.5,0.5
vest,t134,razgruz_big,axe_left,2,vest/razgruz_big-sheet1.png,images/razgruz_big-sheet1.png,65,33,30,30,0.5,0.5
vest,t134,razgruz_big,axe_right,0,vest/razgruz_big-sheet1.png,images/razgruz_big-sheet1.png,1,65,30,30,0.5,0.5
vest,t134,razgruz_big,axe_right,1,vest/razgruz_big-sheet1.png,images/razgruz_big-sheet1.png,33,65,30,30,0.5,0.5
vest,t134,razgruz_big,axe_right,2,vest/razgruz_big-sheet1.png,images/razgruz_big-sheet1.png,1,65,30,30,0.5,0.5
vest,t134,razgruz_big,pistol_up,0,vest/razgruz_big-sheet0.png,images/razgruz_big-sheet0.png,33,1,30,30,0.5,0.5
vest,t134,razgruz_big,pistol_down,0,vest/razgruz_big-sheet1.png,images/razgruz_big-sheet1.png,65,65,30,30,0.5,0.5
vest,t134,razgruz_big,pistol_left,0,vest/razgruz_big-sheet1.png,images/razgruz_big-sheet1.png,97,65,30,30,0.5,0.5
vest,t134,razgruz_big,pistol_right,0,vest/razgruz_big-sheet1.png,images/razgruz_big-sheet1.png,1,97,30,30,0.5,0.5
vest,t134,razgruz_big,twohand_down,0,vest/razgruz_big-sheet1.png,images/razgruz_big-sheet1.png,33,97,30,30,0.5,0.5
vest,t134,razgruz_big,twohand_up,0,vest/razgruz_big-sheet0.png,images/razgruz_big-sheet0.png,33,1,30,30,0.5,0.5
vest,t134,razgruz_big,twohand_left,0,vest/razgruz_big-sheet1.png,images/razgruz_big-sheet1.png,65,97,30,30,0.5,0.5
vest,t134,razgruz_big,twohand_right,0,vest/razgruz_big-sheet1.png,images/razgruz_big-sheet1.png,97,97,30,30,0.5,0.5
vest,t134,razgruz_big,using_item,0,vest/razgruz_big-sheet2.png,images/razgruz_big-sheet2.png,1,1,30,30,0.5,0.5
vest,t134,razgruz_big,using_item,1,vest/razgruz_big-sheet2.png,images/razgruz_big-sheet2.png,33,1,30,30,0.5,0.5
vest,t134,razgruz_big,using_item,2,vest/razgruz_big-sheet2.png,images/razgruz_big-sheet2.png,1,33,30,30,0.5,0.5
vest,t134,razgruz_big,using_item,3,vest/razgruz_big-sheet2.png,images/razgruz_big-sheet2.png,33,1,30,30,0.5,0.5
vest,t65,vest_bulletproof,idle_down,0,vest/vest_bulletproof-sheet0.png,images/vest_bulletproof-sheet0.png,1,1,30,30,0.5,0.5
vest,t65,vest_bulletproof,idle_up,0,vest/vest_bulletproof-sheet0.png,images/vest_bulletproof-sheet0.png,33,1,30,30,0.5,0.5
vest,t65,vest_bulletproof,idle_right,0,vest/vest_bulletproof-sheet0.png,images/vest_bulletproof-sheet0.png,65,1,30,30,0.5,0.5
vest,t65,vest_bulletproof,idle_left,0,vest/vest_bulletproof-sheet0.png,images/vest_bulletproof-sheet0.png,97,1,30,30,0.5,0.5
vest,t65,vest_bulletproof,run_down,0,vest/vest_bulletproof-sheet0.png,images/vest_bulletproof-sheet0.png,1,33,30,30,0.5,0.5
vest,t65,vest_bulletproof,run_down,1,vest/vest_bulletproof-sheet0.png,images/vest_bulletproof-sheet0.png,33,33,30,30,0.5,0.5
vest,t65,vest_bulletproof,run_down,2,vest/vest_bulletproof-sheet0.png,images/vest_bulletproof-sheet0.png,65,33,30,30,0.5,0.5
vest,t65,vest_bulletproof,run_down,3,vest/vest_bulletproof-sheet0.png,images/vest_bulletproof-sheet0.png,97,33,30,30,0.5,0.5
vest,t65,vest_bulletproof,run_up,0,vest/vest_bulletproof-sheet0.png,images/vest_bulletproof-sheet0.png,1,65,30,30,0.5,0.5
vest,t65,vest_bulletproof,run_up,1,vest/vest_bulletproof-sheet0.png,images/vest_bulletproof-sheet0.png,33,65,30,30,0.5,0.5
vest,t65,vest_bulletproof,run_up,2,vest/vest_bulletproof-sheet0.png,images/vest_bulletproof-sheet0.png,65,65,30,30,0.5,0.5
vest,t65,vest_bulletproof,run_up,3,vest/vest_bulletproof-sheet0.png,images/vest_bulletproof-sheet0.png,97,65,30,30,0.5,0.5
vest,t65,vest_bulletproof,run_right,0,vest/vest_bulletproof-sheet0.png,images/vest_bulletproof-sheet0.png,1,97,30,30,0.5,0.5
vest,t65,vest_bulletproof,run_right,1,vest/vest_bulletproof-sheet0.png,images/vest_bulletproof-sheet0.png,33,97,30,30,0.5,0.5
vest,t65,vest_bulletproof,run_right,2,vest/vest_bulletproof-sheet0.png,images/vest_bulletproof-sheet0.png,65,97,30,30,0.5,0.5
vest,t65,vest_bulletproof,run_right,3,vest/vest_bulletproof-sheet0.png,images/vest_bulletproof-sheet0.png,97,97,30,30,0.5,0.5
vest,t65,vest_bulletproof,run_left,0,vest/vest_bulletproof-sheet1.png,images/vest_bulletproof-sheet1.png,1,1,30,30,0.5,0.5
vest,t65,vest_bulletproof,run_left,1,vest/vest_bulletproof-sheet1.png,images/vest_bulletproof-sheet1.png,33,1,30,30,0.5,0.5
vest,t65,vest_bulletproof,run_left,2,vest/vest_bulletproof-sheet1.png,images/vest_bulletproof-sheet1.png,65,1,30,30,0.5,0.5
vest,t65,vest_bulletproof,run_left,3,vest/vest_bulletproof-sheet1.png,images/vest_bulletproof-sheet1.png,97,1,30,30,0.5,0.5
vest,t65,vest_bulletproof,axe_up,0,vest/vest_bulletproof-sheet1.png,images/vest_bulletproof-sheet1.png,1,33,30,30,0.5,0.5
vest,t65,vest_bulletproof,axe_down,0,vest/vest_bulletproof-sheet1.png,images/vest_bulletproof-sheet1.png,33,33,30,30,0.5,0.5
vest,t65,vest_bulletproof,axe_down,1,vest/vest_bulletproof-sheet1.png,images/vest_bulletproof-sheet1.png,65,33,30,30,0.5,0.5
vest,t65,vest_bulletproof,axe_down,2,vest/vest_bulletproof-sheet1.png,images/vest_bulletproof-sheet1.png,33,33,30,30,0.5,0.5
vest,t65,vest_bulletproof,axe_left,0,vest/vest_bulletproof-sheet1.png,images/vest_bulletproof-sheet1.png,97,33,30,30,0.5,0.5
vest,t65,vest_bulletproof,axe_left,1,vest/vest_bulletproof-sheet1.png,images/vest_bulletproof-sheet1.png,1,65,30,30,0.5,0.5
vest,t65,vest_bulletproof,axe_left,2,vest/vest_bulletproof-sheet1.png,images/vest_bulletproof-sheet1.png,97,33,30,30,0.5,0.5
vest,t65,vest_bulletproof,axe_right,0,vest/vest_bulletproof-sheet1.png,images/vest_bulletproof-sheet1.png,33,65,30,30,0.5,0.5
vest,t65,vest_bulletproof,axe_right,1,vest/vest_bulletproof-sheet1.png,images/vest_bulletproof-sheet1.png,65,65,30,30,0.5,0.5
vest,t65,vest_bulletproof,axe_right,2,vest/vest_bulletproof-sheet1.png,images/vest_bulletproof-sheet1.png,33,65,30,30,0.5,0.5
vest,t65,vest_bulletproof,pistol_up,0,vest/vest_bulletproof-sheet1.png,images/vest_bulletproof-sheet1.png,97,65,30,30,0.5,0.5
vest,t65,vest_bulletproof,pistol_down,0,vest/vest_bulletproof-sheet1.png,images/vest_bulletproof-sheet1.png,1,97,30,30,0.5,0.5
vest,t65,vest_bulletproof,pistol_left,0,vest/vest_bulletproof-sheet1.png,images/vest_bulletproof-sheet1.png,33,97,30,30,0.5,0.5
vest,t65,vest_bulletproof,pistol_right,0,vest/vest_bulletproof-sheet1.png,images/vest_bulletproof-sheet1.png,65,97,30,30,0.5,0.5
vest,t65,vest_bulletproof,twohand_down,0,vest/vest_bulletproof-sheet1.png,images/vest_bulletproof-sheet1.png,97,97,30,30,0.5,0.5
vest,t65,vest_bulletproof,twohand_up,0,vest/vest_bulletproof-sheet2.png,images/vest_bulletproof-sheet2.png,1,1,30,30,0.5,0.5
vest,t65,vest_bulletproof,twohand_left,0,vest/vest_bulletproof-sheet2.png,images/vest_bulletproof-sheet2.png,33,1,30,30,0.5,0.5
vest,t65,vest_bulletproof,twohand_right,0,vest/vest_bulletproof-sheet2.png,images/vest_bulletproof-sheet2.png,65,1,30,30,0.5,0.5
vest,t65,vest_bulletproof,using_item,0,vest/vest_bulletproof-sheet2.png,images/vest_bulletproof-sheet2.png,97,1,30,30,0.5,0.5
vest,t65,vest_bulletproof,using_item,1,vest/vest_bulletproof-sheet2.png,images/vest_bulletproof-sheet2.png,1,33,30,30,0.5,0.5
vest,t65,vest_bulletproof,using_item,2,vest/vest_bulletproof-sheet2.png,images/vest_bulletproof-sheet2.png,33,33,30,30,0.5,0.5
vest,t65,vest_bulletproof,using_item,3,vest/vest_bulletproof-sheet2.png,images/vest_bulletproof-sheet2.png,1,33,30,30,0.5,0.5
vest,t89,vest_press,idle_down,0,vest/vest_press-sheet0.png,images/vest_press-sheet0.png,1,1,30,30,0.5,0.5
vest,t89,vest_press,idle_up,0,vest/vest_press-sheet0.png,images/vest_press-sheet0.png,33,1,30,30,0.5,0.5
vest,t89,vest_press,idle_right,0,vest/vest_press-sheet0.png,images/vest_press-sheet0.png,65,1,30,30,0.5,0.5
vest,t89,vest_press,idle_left,0,vest/vest_press-sheet0.png,images/vest_press-sheet0.png,97,1,30,30,0.5,0.5
vest,t89,vest_press,run_down,0,vest/vest_press-sheet0.png,images/vest_press-sheet0.png,1,33,30,30,0.5,0.5
vest,t89,vest_press,run_down,1,vest/vest_press-sheet0.png,images/vest_press-sheet0.png,33,33,30,30,0.5,0.5
vest,t89,vest_press,run_down,2,vest/vest_press-sheet0.png,images/vest_press-sheet0.png,65,33,30,30,0.5,0.5
vest,t89,vest_press,run_down,3,vest/vest_press-sheet0.png,images/vest_press-sheet0.png,97,33,30,30,0.5,0.5
vest,t89,vest_press,run_up,0,vest/vest_press-sheet0.png,images/vest_press-sheet0.png,1,65,30,30,0.5,0.5
vest,t89,vest_press,run_up,1,vest/vest_press-sheet0.png,images/vest_press-sheet0.png,33,65,30,30,0.5,0.5
vest,t89,vest_press,run_up,2,vest/vest_press-sheet0.png,images/vest_press-sheet0.png,65,65,30,30,0.5,0.5
vest,t89,vest_press,run_up,3,vest/vest_press-sheet0.png,images/vest_press-sheet0.png,97,65,30,30,0.5,0.5
vest,t89,vest_press,run_right,0,vest/vest_press-sheet0.png,images/vest_press-sheet0.png,1,97,30,30,0.5,0.5
vest,t89,vest_press,run_right,1,vest/vest_press-sheet0.png,images/vest_press-sheet0.png,33,97,30,30,0.5,0.5
vest,t89,vest_press,run_right,2,vest/vest_press-sheet0.png,images/vest_press-sheet0.png,65,97,30,30,0.5,0.5
vest,t89,vest_press,run_right,3,vest/vest_press-sheet0.png,images/vest_press-sheet0.png,97,97,30,30,0.5,0.5
vest,t89,vest_press,run_left,0,vest/vest_press-sheet1.png,images/vest_press-sheet1.png,1,1,30,30,0.5,0.5
vest,t89,vest_press,run_left,1,vest/vest_press-sheet1.png,images/vest_press-sheet1.png,33,1,30,30,0.5,0.5
vest,t89,vest_press,run_left,2,vest/vest_press-sheet1.png,images/vest_press-sheet1.png,65,1,30,30,0.5,0.5
vest,t89,vest_press,run_left,3,vest/vest_press-sheet1.png,images/vest_press-sheet1.png,97,1,30,30,0.5,0.5
vest,t89,vest_press,axe_up,0,vest/vest_press-sheet1.png,images/vest_press-sheet1.png,1,33,30,30,0.5,0.5
vest,t89,vest_press,axe_down,0,vest/vest_press-sheet1.png,images/vest_press-sheet1.png,33,33,30,30,0.5,0.5
vest,t89,vest_press,axe_down,1,vest/vest_press-sheet1.png,images/vest_press-sheet1.png,65,33,30,30,0.5,0.5
vest,t89,vest_press,axe_down,2,vest/vest_press-sheet1.png,images/vest_press-sheet1.png,33,33,30,30,0.5,0.5
vest,t89,vest_press,axe_left,0,vest/vest_press-sheet1.png,images/vest_press-sheet1.png,97,33,30,30,0.5,0.5
vest,t89,vest_press,axe_left,1,vest/vest_press-sheet1.png,images/vest_press-sheet1.png,1,65,30,30,0.5,0.5
vest,t89,vest_press,axe_left,2,vest/vest_press-sheet1.png,images/vest_press-sheet1.png,97,33,30,30,0.5,0.5
vest,t89,vest_press,axe_right,0,vest/vest_press-sheet1.png,images/vest_press-sheet1.png,33,65,30,30,0.5,0.5
vest,t89,vest_press,axe_right,1,vest/vest_press-sheet1.png,images/vest_press-sheet1.png,65,65,30,30,0.5,0.5
vest,t89,vest_press,axe_right,2,vest/vest_press-sheet1.png,images/vest_press-sheet1.png,33,65,30,30,0.5,0.5
vest,t89,vest_press,pistol_up,0,vest/vest_press-sheet1.png,images/vest_press-sheet1.png,97,65,30,30,0.5,0.5
vest,t89,vest_press,pistol_down,0,vest/vest_press-sheet1.png,images/vest_press-sheet1.png,1,97,30,30,0.5,0.5
vest,t89,vest_press,pistol_left,0,vest/vest_press-sheet1.png,images/vest_press-sheet1.png,33,97,30,30,0.5,0.5
vest,t89,vest_press,pistol_right,0,vest/vest_press-sheet1.png,images/vest_press-sheet1.png,65,97,30,30,0.5,0.5
vest,t89,vest_press,twohand_down,0,vest/vest_press-sheet1.png,images/vest_press-sheet1.png,97,97,30,30,0.5,0.5
vest,t89,vest_press,twohand_up,0,vest/vest_press-sheet2.png,images/vest_press-sheet2.png,1,1,30,30,0.5,0.5
vest,t89,vest_press,twohand_left,0,vest/vest_press-sheet2.png,images/vest_press-sheet2.png,33,1,30,30,0.5,0.5
vest,t89,vest_press,twohand_right,0,vest/vest_press-sheet2.png,images/vest_press-sheet2.png,65,1,30,30,0.5,0.5
vest,t89,vest_press,using_item,0,vest/vest_press-sheet2.png,images/vest_press-sheet2.png,97,1,30,30,0.5,0.5
vest,t89,vest_press,using_item,1,vest/vest_press-sheet2.png,images/vest_press-sheet2.png,1,33,30,30,0.5,0.5
vest,t89,vest_press,using_item,2,vest/vest_press-sheet2.png,images/vest_press-sheet2.png,33,33,30,30,0.5,0.5
vest,t89,vest_press,using_item,3,vest/vest_press-sheet2.png,images/vest_press-sheet2.png,1,33,30,30,0.5,0.5
vest,t1069,m_vest,idle_down,0,vest/m_vest-sheet0.png,images/m_vest-sheet0.png,1,1,30,30,0.5,0.5
vest,t1069,m_vest,idle_up,0,vest/m_vest-sheet0.png,images/m_vest-sheet0.png,33,1,30,30,0.5,0.5
vest,t1069,m_vest,idle_right,0,vest/m_vest-sheet0.png,images/m_vest-sheet0.png,65,1,30,30,0.5,0.5
vest,t1069,m_vest,idle_left,0,vest/m_vest-sheet0.png,images/m_vest-sheet0.png,97,1,30,30,0.5,0.5
vest,t1069,m_vest,run_down,0,vest/m_vest-sheet0.png,images/m_vest-sheet0.png,1,33,30,30,0.5,0.5
vest,t1069,m_vest,run_down,1,vest/m_vest-sheet0.png,images/m_vest-sheet0.png,33,33,30,30,0.5,0.5
vest,t1069,m_vest,run_down,2,vest/m_vest-sheet0.png,images/m_vest-sheet0.png,65,33,30,30,0.5,0.5
vest,t1069,m_vest,run_down,3,vest/m_vest-sheet0.png,images/m_vest-sheet0.png,97,33,30,30,0.5,0.5
vest,t1069,m_vest,run_up,0,vest/m_vest-sheet0.png,images/m_vest-sheet0.png,1,65,30,30,0.5,0.5
vest,t1069,m_vest,run_up,1,vest/m_vest-sheet0.png,images/m_vest-sheet0.png,33,65,30,30,0.5,0.5
vest,t1069,m_vest,run_up,2,vest/m_vest-sheet0.png,images/m_vest-sheet0.png,65,65,30,30,0.5,0.5
vest,t1069,m_vest,run_up,3,vest/m_vest-sheet0.png,images/m_vest-sheet0.png,97,65,30,30,0.5,0.5
vest,t1069,m_vest,run_right,0,vest/m_vest-sheet0.png,images/m_vest-sheet0.png,1,97,30,30,0.5,0.5
vest,t1069,m_vest,run_right,1,vest/m_vest-sheet0.png,images/m_vest-sheet0.png,33,97,30,30,0.5,0.5
vest,t1069,m_vest,run_right,2,vest/m_vest-sheet0.png,images/m_vest-sheet0.png,65,97,30,30,0.5,0.5
vest,t1069,m_vest,run_right,3,vest/m_vest-sheet0.png,images/m_vest-sheet0.png,97,97,30,30,0.5,0.5
vest,t1069,m_vest,run_left,0,vest/m_vest-sheet1.png,images/m_vest-sheet1.png,1,1,30,30,0.5,0.5
vest,t1069,m_vest,run_left,1,vest/m_vest-sheet1.png,images/m_vest-sheet1.png,33,1,30,30,0.5,0.5
vest,t1069,m_vest,run_left,2,vest/m_vest-sheet1.png,images/m_vest-sheet1.png,65,1,30,30,0.5,0.5
vest,t1069,m_vest,run_left,3,vest/m_vest-sheet1.png,images/m_vest-sheet1.png,97,1,30,30,0.5,0.5
vest,t1069,m_vest,axe_up,0,vest/m_vest-sheet1.png,images/m_vest-sheet1.png,1,33,30,30,0.5,0.5
vest,t1069,m_vest,axe_down,0,vest/m_vest-sheet1.png,images/m_vest-sheet1.png,33,33,30,30,0.5,0.5
vest,t1069,m_vest,axe_down,1,vest/m_vest-sheet1.png,images/m_vest-sheet1.png,65,33,30,30,0.5,0.5
vest,t1069,m_vest,axe_down,2,vest/m_vest-sheet1.png,images/m_vest-sheet1.png,33,33,30,30,0.5,0.5
vest,t1069,m_vest,axe_left,0,vest/m_vest-sheet1.png,images/m_vest-sheet1.png,97,33,30,30,0.5,0.5
vest,t1069,m_vest,axe_left,1,vest/m_vest-sheet1.png,images/m_vest-sheet1.png,1,65,30,30,0.5,0.5
vest,t1069,m_vest,axe_left,2,vest/m_vest-sheet1.png,images/m_vest-sheet1.png,97,33,30,30,0.5,0.5
vest,t1069,m_vest,axe_right,0,vest/m_vest-sheet1.png,images/m_vest-sheet1.png,33,65,30,30,0.5,0.5
vest,t1069,m_vest,axe_right,1,vest/m_vest-sheet1.png,images/m_vest-sheet1.png,65,65,30,30,0.5,0.5
vest,t1069,m_vest,axe_right,2,vest/m_vest-sheet1.png,images/m_vest-sheet1.png,33,65,30,30,0.5,0.5
vest,t1069,m_vest,pistol_up,0,vest/m_vest-sheet1.png,images/m_vest-sheet1.png,97,65,30,30,0.5,0.5
vest,t1069,m_vest,pistol_down,0,vest/m_vest-sheet1.png,images/m_vest-sheet1.png,1,97,30,30,0.5,0.5
vest,t1069,m_vest,pistol_left,0,vest/m_vest-sheet1.png,images/m_vest-sheet1.png,33,97,30,30,0.5,0.5
vest,t1069,m_vest,pistol_right,0,vest/m_vest-sheet1.png,images/m_vest-sheet1.png,65,97,30,30,0.5,0.5
vest,t1069,m_vest,twohand_down,0,vest/m_vest-sheet1.png,images/m_vest-sheet1.png,97,97,30,30,0.5,0.5
vest,t1069,m_vest,twohand_up,0,vest/m_vest-sheet2.png,images/m_vest-sheet2.png,1,1,30,30,0.5,0.5
vest,t1069,m_vest,twohand_left,0,vest/m_vest-sheet2.png,images/m_vest-sheet2.png,33,1,30,30,0.5,0.5
vest,t1069,m_vest,twohand_right,0,vest/m_vest-sheet2.png,images/m_vest-sheet2.png,65,1,30,30,0.5,0.5
vest,t1069,m_vest,using_item,0,vest/m_vest-sheet2.png,images/m_vest-sheet2.png,97,1,30,30,0.5,0.5
vest,t1069,m_vest,using_item,1,vest/m_vest-sheet2.png,images/m_vest-sheet2.png,1,33,30,30,0.5,0.5
vest,t1069,m_vest,using_item,2,vest/m_vest-sheet2.png,images/m_vest-sheet2.png,33,33,30,30,0.5,0.5
vest,t1069,m_vest,using_item,3,vest/m_vest-sheet2.png,images/m_vest-sheet2.png,1,33,30,30,0.5,0.5
vest,t1114,jilifu,idle_down,0,vest/jilifu-sheet0.png,images/jilifu-sheet0.png,1,1,30,30,0.5,0.5
vest,t1114,jilifu,idle_up,0,vest/jilifu-sheet0.png,images/jilifu-sheet0.png,33,1,30,30,0.5,0.5
vest,t1114,jilifu,idle_right,0,vest/jilifu-sheet0.png,images/jilifu-sheet0.png,65,1,30,30,0.5,0.5
vest,t1114,jilifu,idle_left,0,vest/jilifu-sheet0.png,images/jilifu-sheet0.png,97,1,30,30,0.5,0.5
vest,t1114,jilifu,run_down,0,vest/jilifu-sheet0.png,images/jilifu-sheet0.png,1,33,30,30,0.5,0.5
vest,t1114,jilifu,run_down,1,vest/jilifu-sheet0.png,images/jilifu-sheet0.png,33,33,30,30,0.5,0.5
vest,t1114,jilifu,run_down,2,vest/jilifu-sheet0.png,images/jilifu-sheet0.png,65,33,30,30,0.5,0.5
vest,t1114,jilifu,run_down,3,vest/jilifu-sheet0.png,images/jilifu-sheet0.png,97,33,30,30,0.5,0.5
vest,t1114,jilifu,run_up,0,vest/jilifu-sheet0.png,images/jilifu-sheet0.png,1,65,30,30,0.5,0.5
vest,t1114,jilifu,run_up,1,vest/jilifu-sheet0.png,images/jilifu-sheet0.png,33,65,30,30,0.5,0.5
vest,t1114,jilifu,run_up,2,vest/jilifu-sheet0.png,images/jilifu-sheet0.png,65,65,30,30,0.5,0.5
vest,t1114,jilifu,run_up,3,vest/jilifu-sheet0.png,images/jilifu-sheet0.png,97,65,30,30,0.5,0.5
vest,t1114,jilifu,run_right,0,vest/jilifu-sheet0.png,images/jilifu-sheet0.png,1,97,30,30,0.5,0.5
vest,t1114,jilifu,run_right,1,vest/jilifu-sheet0.png,images/jilifu-sheet0.png,33,97,30,30,0.5,0.5
vest,t1114,jilifu,run_right,2,vest/jilifu-sheet0.png,images/jilifu-sheet0.png,65,97,30,30,0.5,0.5
vest,t1114,jilifu,run_right,3,vest/jilifu-sheet0.png,images/jilifu-sheet0.png,97,97,30,30,0.5,0.5
vest,t1114,jilifu,run_left,0,vest/jilifu-sheet1.png,images/jilifu-sheet1.png,1,1,30,30,0.5,0.5
vest,t1114,jilifu,run_left,1,vest/jilifu-sheet1.png,images/jilifu-sheet1.png,33,1,30,30,0.5,0.5
vest,t1114,jilifu,run_left,2,vest/jilifu-sheet1.png,images/jilifu-sheet1.png,65,1,30,30,0.5,0.5
vest,t1114,jilifu,run_left,3,vest/jilifu-sheet1.png,images/jilifu-sheet1.png,97,1,30,30,0.5,0.5
vest,t1114,jilifu,axe_up,0,vest/jilifu-sheet1.png,images/jilifu-sheet1.png,1,33,30,30,0.5,0.5
vest,t1114,jilifu,axe_down,0,vest/jilifu-sheet1.png,images/jilifu-sheet1.png,33,33,30,30,0.5,0.5
vest,t1114,jilifu,axe_down,1,vest/jilifu-sheet1.png,images/jilifu-sheet1.png,65,33,30,30,0.5,0.5
vest,t1114,jilifu,axe_down,2,vest/jilifu-sheet1.png,images/jilifu-sheet1.png,33,33,30,30,0.5,0.5
vest,t1114,jilifu,axe_left,0,vest/jilifu-sheet1.png,images/jilifu-sheet1.png,97,33,30,30,0.5,0.5
vest,t1114,jilifu,axe_left,1,vest/jilifu-sheet1.png,images/jilifu-sheet1.png,1,65,30,30,0.5,0.5
vest,t1114,jilifu,axe_left,2,vest/jilifu-sheet1.png,images/jilifu-sheet1.png,97,33,30,30,0.5,0.5
vest,t1114,jilifu,axe_right,0,vest/jilifu-sheet1.png,images/jilifu-sheet1.png,33,65,30,30,0.5,0.5
vest,t1114,jilifu,axe_right,1,vest/jilifu-sheet1.png,images/jilifu-sheet1.png,65,65,30,30,0.5,0.5
vest,t1114,jilifu,axe_right,2,vest/jilifu-sheet1.png,images/jilifu-sheet1.png,33,65,30,30,0.5,0.5
vest,t1114,jilifu,pistol_up,0,vest/jilifu-sheet1.png,images/jilifu-sheet1.png,97,65,30,30,0.5,0.5
vest,t1114,jilifu,pistol_down,0,vest/jilifu-sheet1.png,images/jilifu-sheet1.png,1,97,30,30,0.5,0.5
vest,t1114,jilifu,pistol_left,0,vest/jilifu-sheet1.png,images/jilifu-sheet1.png,33,97,30,30,0.5,0.5
vest,t1114,jilifu,pistol_right,0,vest/jilifu-sheet1.png,images/jilifu-sheet1.png,65,97,30,30,0.5,0.5
vest,t1114,jilifu,twohand_down,0,vest/jilifu-sheet1.png,images/jilifu-sheet1.png,97,97,30,30,0.5,0.5
vest,t1114,jilifu,twohand_up,0,vest/jilifu-sheet2.png,images/jilifu-sheet2.png,1,1,30,30,0.5,0.5
vest,t1114,jilifu,twohand_left,0,vest/jilifu-sheet2.png,images/jilifu-sheet2.png,33,1,30,30,0.5,0.5
vest,t1114,jilifu,twohand_right,0,vest/jilifu-sheet2.png,images/jilifu-sheet2.png,65,1,30,30,0.5,0.5
vest,t1114,jilifu,using_item,0,vest/jilifu-sheet2.png,images/jilifu-sheet2.png,97,1,30,30,0.5,0.5
vest,t1114,jilifu,using_item,1,vest/jilifu-sheet2.png,images/jilifu-sheet2.png,1,33,30,30,0.5,0.5
vest,t1114,jilifu,using_item,2,vest/jilifu-sheet2.png,images/jilifu-sheet2.png,33,33,30,30,0.5,0.5
vest,t1114,jilifu,using_item,3,vest/jilifu-sheet2.png,images/jilifu-sheet2.png,1,33,30,30,0.5,0.5
vest,t1115,a_fanghuafu,idle_down,0,vest/a_fanghuafu-sheet0.png,images/a_fanghuafu-sheet0.png,1,1,30,30,0.5,0.5
vest,t1115,a_fanghuafu,idle_up,0,vest/a_fanghuafu-sheet0.png,images/a_fanghuafu-sheet0.png,33,1,30,30,0.5,0.5
vest,t1115,a_fanghuafu,idle_right,0,vest/a_fanghuafu-sheet0.png,images/a_fanghuafu-sheet0.png,65,1,30,30,0.5,0.5
vest,t1115,a_fanghuafu,idle_left,0,vest/a_fanghuafu-sheet0.png,images/a_fanghuafu-sheet0.png,97,1,30,30,0.5,0.5
vest,t1115,a_fanghuafu,run_down,0,vest/a_fanghuafu-sheet0.png,images/a_fanghuafu-sheet0.png,1,33,30,30,0.5,0.5
vest,t1115,a_fanghuafu,run_down,1,vest/a_fanghuafu-sheet0.png,images/a_fanghuafu-sheet0.png,33,33,30,30,0.5,0.5
vest,t1115,a_fanghuafu,run_down,2,vest/a_fanghuafu-sheet0.png,images/a_fanghuafu-sheet0.png,65,33,30,30,0.5,0.5
vest,t1115,a_fanghuafu,run_down,3,vest/a_fanghuafu-sheet0.png,images/a_fanghuafu-sheet0.png,97,33,30,30,0.5,0.5
vest,t1115,a_fanghuafu,run_up,0,vest/a_fanghuafu-sheet0.png,images/a_fanghuafu-sheet0.png,1,65,30,30,0.5,0.5
vest,t1115,a_fanghuafu,run_up,1,vest/a_fanghuafu-sheet0.png,images/a_fanghuafu-sheet0.png,33,65,30,30,0.5,0.5
vest,t1115,a_fanghuafu,run_up,2,vest/a_fanghuafu-sheet0.png,images/a_fanghuafu-sheet0.png,65,65,30,30,0.5,0.5
vest,t1115,a_fanghuafu,run_up,3,vest/a_fanghuafu-sheet0.png,images/a_fanghuafu-sheet0.png,97,65,30,30,0.5,0.5
vest,t1115,a_fanghuafu,run_right,0,vest/a_fanghuafu-sheet0.png,images/a_fanghuafu-sheet0.png,1,97,30,30,0.5,0.5
vest,t1115,a_fanghuafu,run_right,1,vest/a_fanghuafu-sheet0.png,images/a_fanghuafu-sheet0.png,33,97,30,30,0.5,0.5
vest,t1115,a_fanghuafu,run_right,2,vest/a_fanghuafu-sheet0.png,images/a_fanghuafu-sheet0.png,65,97,30,30,0.5,0.5
vest,t1115,a_fanghuafu,run_right,3,vest/a_fanghuafu-sheet0.png,images/a_fanghuafu-sheet0.png,97,97,30,30,0.5,0.5
vest,t1115,a_fanghuafu,run_left,0,vest/a_fanghuafu-sheet1.png,images/a_fanghuafu-sheet1.png,1,1,30,30,0.5,0.5
vest,t1115,a_fanghuafu,run_left,1,vest/a_fanghuafu-sheet1.png,images/a_fanghuafu-sheet1.png,33,1,30,30,0.5,0.5
vest,t1115,a_fanghuafu,run_left,2,vest/a_fanghuafu-sheet1.png,images/a_fanghuafu-sheet1.png,65,1,30,30,0.5,0.5
vest,t1115,a_fanghuafu,run_left,3,vest/a_fanghuafu-sheet1.png,images/a_fanghuafu-sheet1.png,97,1,30,30,0.5,0.5
vest,t1115,a_fanghuafu,axe_up,0,vest/a_fanghuafu-sheet1.png,images/a_fanghuafu-sheet1.png,1,33,30,30,0.5,0.5
vest,t1115,a_fanghuafu,axe_up,1,vest/a_fanghuafu-sheet1.png,images/a_fanghuafu-sheet1.png,33,33,30,30,0.5,0.5
vest,t1115,a_fanghuafu,axe_up,2,vest/a_fanghuafu-sheet1.png,images/a_fanghuafu-sheet1.png,1,33,30,30,0.5,0.5
vest,t1115,a_fanghuafu,axe_down,0,vest/a_fanghuafu-sheet1.png,images/a_fanghuafu-sheet1.png,65,33,30,30,0.5,0.5
vest,t1115,a_fanghuafu,axe_down,1,vest/a_fanghuafu-sheet1.png,images/a_fanghuafu-sheet1.png,97,33,30,30,0.5,0.5
vest,t1115,a_fanghuafu,axe_down,2,vest/a_fanghuafu-sheet1.png,images/a_fanghuafu-sheet1.png,65,33,30,30,0.5,0.5
vest,t1115,a_fanghuafu,axe_left,0,vest/a_fanghuafu-sheet1.png,images/a_fanghuafu-sheet1.png,1,65,30,30,0.5,0.5
vest,t1115,a_fanghuafu,axe_left,1,vest/a_fanghuafu-sheet1.png,images/a_fanghuafu-sheet1.png,33,65,30,30,0.5,0.5
vest,t1115,a_fanghuafu,axe_left,2,vest/a_fanghuafu-sheet1.png,images/a_fanghuafu-sheet1.png,1,65,30,30,0.5,0.5
vest,t1115,a_fanghuafu,axe_right,0,vest/a_fanghuafu-sheet1.png,images/a_fanghuafu-sheet1.png,65,65,30,30,0.5,0.5
vest,t1115,a_fanghuafu,axe_right,1,vest/a_fanghuafu-sheet1.png,images/a_fanghuafu-sheet1.png,97,65,30,30,0.5,0.5
vest,t1115,a_fanghuafu,axe_right,2,vest/a_fanghuafu-sheet1.png,images/a_fanghuafu-sheet1.png,65,65,30,30,0.5,0.5
vest,t1115,a_fanghuafu,pistol_up,0,vest/a_fanghuafu-sheet1.png,images/a_fanghuafu-sheet1.png,1,97,30,30,0.5,0.5
vest,t1115,a_fanghuafu,pistol_down,0,vest/a_fanghuafu-sheet1.png,images/a_fanghuafu-sheet1.png,33,97,30,30,0.5,0.5
vest,t1115,a_fanghuafu,pistol_left,0,vest/a_fanghuafu-sheet1.png,images/a_fanghuafu-sheet1.png,65,97,30,30,0.5,0.5
vest,t1115,a_fanghuafu,pistol_right,0,vest/a_fanghuafu-sheet1.png,images/a_fanghuafu-sheet1.png,97,97,30,30,0.5,0.5
vest,t1115,a_fanghuafu,twohand_down,0,vest/a_fanghuafu-sheet2.png,images/a_fanghuafu-sheet2.png,1,1,30,30,0.5,0.5
vest,t1115,a_fanghuafu,twohand_up,0,vest/a_fanghuafu-sheet2.png,images/a_fanghuafu-sheet2.png,33,1,30,30,0.5,0.5
vest,t1115,a_fanghuafu,twohand_left,0,vest/a_fanghuafu-sheet2.png,images/a_fanghuafu-sheet2.png,65,1,30,30,0.5,0.5
vest,t1115,a_fanghuafu,twohand_right,0,vest/a_fanghuafu-sheet2.png,images/a_fanghuafu-sheet2.png,97,1,30,30,0.5,0.5
vest,t1115,a_fanghuafu,using_item,0,vest/a_fanghuafu-sheet2.png,images/a_fanghuafu-sheet2.png,1,33,30,30,0.5,0.5
vest,t1115,a_fanghuafu,using_item,1,vest/a_fanghuafu-sheet2.png,images/a_fanghuafu-sheet2.png,33,33,30,30,0.5,0.5
vest,t1115,a_fanghuafu,using_item,2,vest/a_fanghuafu-sheet2.png,images/a_fanghuafu-sheet2.png,65,33,30,30,0.5,0.5
vest,t1115,a_fanghuafu,using_item,3,vest/a_fanghuafu-sheet2.png,images/a_fanghuafu-sheet2.png,33,33,30,30,0.5,0.5
vest,t1125,fanghuafu,idle_down,0,vest/fanghuafu-sheet0.png,images/fanghuafu-sheet0.png,1,1,30,30,0.5,0.5
vest,t1125,fanghuafu,idle_up,0,vest/fanghuafu-sheet0.png,images/fanghuafu-sheet0.png,33,1,30,30,0.5,0.5
vest,t1125,fanghuafu,idle_right,0,vest/fanghuafu-sheet0.png,images/fanghuafu-sheet0.png,65,1,30,30,0.5,0.5
vest,t1125,fanghuafu,idle_left,0,vest/fanghuafu-sheet0.png,images/fanghuafu-sheet0.png,97,1,30,30,0.5,0.5
vest,t1125,fanghuafu,run_down,0,vest/fanghuafu-sheet0.png,images/fanghuafu-sheet0.png,1,33,30,30,0.5,0.5
vest,t1125,fanghuafu,run_down,1,vest/fanghuafu-sheet0.png,images/fanghuafu-sheet0.png,33,33,30,30,0.5,0.5
vest,t1125,fanghuafu,run_down,2,vest/fanghuafu-sheet0.png,images/fanghuafu-sheet0.png,65,33,30,30,0.5,0.5
vest,t1125,fanghuafu,run_down,3,vest/fanghuafu-sheet0.png,images/fanghuafu-sheet0.png,97,33,30,30,0.5,0.5
vest,t1125,fanghuafu,run_up,0,vest/fanghuafu-sheet0.png,images/fanghuafu-sheet0.png,1,65,30,30,0.5,0.5
vest,t1125,fanghuafu,run_up,1,vest/fanghuafu-sheet0.png,images/fanghuafu-sheet0.png,33,65,30,30,0.5,0.5
vest,t1125,fanghuafu,run_up,2,vest/fanghuafu-sheet0.png,images/fanghuafu-sheet0.png,65,65,30,30,0.5,0.5
vest,t1125,fanghuafu,run_up,3,vest/fanghuafu-sheet0.png,images/fanghuafu-sheet0.png,97,65,30,30,0.5,0.5
vest,t1125,fanghuafu,run_right,0,vest/fanghuafu-sheet0.png,images/fanghuafu-sheet0.png,1,97,30,30,0.5,0.5
vest,t1125,fanghuafu,run_right,1,vest/fanghuafu-sheet0.png,images/fanghuafu-sheet0.png,33,97,30,30,0.5,0.5
vest,t1125,fanghuafu,run_right,2,vest/fanghuafu-sheet0.png,images/fanghuafu-sheet0.png,65,97,30,30,0.5,0.5
vest,t1125,fanghuafu,run_right,3,vest/fanghuafu-sheet0.png,images/fanghuafu-sheet0.png,97,97,30,30,0.5,0.5
vest,t1125,fanghuafu,run_left,0,vest/fanghuafu-sheet1.png,images/fanghuafu-sheet1.png,1,1,30,30,0.5,0.5
vest,t1125,fanghuafu,run_left,1,vest/fanghuafu-sheet1.png,images/fanghuafu-sheet1.png,33,1,30,30,0.5,0.5
vest,t1125,fanghuafu,run_left,2,vest/fanghuafu-sheet1.png,images/fanghuafu-sheet1.png,65,1,30,30,0.5,0.5
vest,t1125,fanghuafu,run_left,3,vest/fanghuafu-sheet1.png,images/fanghuafu-sheet1.png,97,1,30,30,0.5,0.5
vest,t1125,fanghuafu,axe_up,0,vest/fanghuafu-sheet1.png,images/fanghuafu-sheet1.png,1,33,30,30,0.5,0.5
vest,t1125,fanghuafu,axe_up,1,vest/fanghuafu-sheet1.png,images/fanghuafu-sheet1.png,33,33,30,30,0.5,0.5
vest,t1125,fanghuafu,axe_up,2,vest/fanghuafu-sheet1.png,images/fanghuafu-sheet1.png,1,33,30,30,0.5,0.5
vest,t1125,fanghuafu,axe_down,0,vest/fanghuafu-sheet1.png,images/fanghuafu-sheet1.png,65,33,30,30,0.5,0.5
vest,t1125,fanghuafu,axe_down,1,vest/fanghuafu-sheet1.png,images/fanghuafu-sheet1.png,97,33,30,30,0.5,0.5
vest,t1125,fanghuafu,axe_down,2,vest/fanghuafu-sheet1.png,images/fanghuafu-sheet1.png,65,33,30,30,0.5,0.5
vest,t1125,fanghuafu,axe_left,0,vest/fanghuafu-sheet1.png,images/fanghuafu-sheet1.png,1,65,30,30,0.5,0.5
vest,t1125,fanghuafu,axe_left,1,vest/fanghuafu-sheet1.png,images/fanghuafu-sheet1.png,33,65,30,30,0.5,0.5
vest,t1125,fanghuafu,axe_left,2,vest/fanghuafu-sheet1.png,images/fanghuafu-sheet1.png,1,65,30,30,0.5,0.5
vest,t1125,fanghuafu,axe_right,0,vest/fanghuafu-sheet1.png,images/fanghuafu-sheet1.png,65,65,30,30,0.5,0.5
vest,t1125,fanghuafu,axe_right,1,vest/fanghuafu-sheet1.png,images/fanghuafu-sheet1.png,97,65,30,30,0.5,0.5
vest,t1125,fanghuafu,axe_right,2,vest/fanghuafu-sheet1.png,images/fanghuafu-sheet1.png,65,65,30,30,0.5,0.5
vest,t1125,fanghuafu,pistol_up,0,vest/fanghuafu-sheet1.png,images/fanghuafu-sheet1.png,1,97,30,30,0.5,0.5
vest,t1125,fanghuafu,pistol_down,0,vest/fanghuafu-sheet1.png,images/fanghuafu-sheet1.png,33,97,30,30,0.5,0.5
vest,t1125,fanghuafu,pistol_left,0,vest/fanghuafu-sheet1.png,images/fanghuafu-sheet1.png,65,97,30,30,0.5,0.5
vest,t1125,fanghuafu,pistol_right,0,vest/fanghuafu-sheet1.png,images/fanghuafu-sheet1.png,97,97,30,30,0.5,0.5
vest,t1125,fanghuafu,twohand_down,0,vest/fanghuafu-sheet2.png,images/fanghuafu-sheet2.png,1,1,30,30,0.5,0.5
vest,t1125,fanghuafu,twohand_up,0,vest/fanghuafu-sheet2.png,images/fanghuafu-sheet2.png,33,1,30,30,0.5,0.5
vest,t1125,fanghuafu,twohand_left,0,vest/fanghuafu-sheet2.png,images/fanghuafu-sheet2.png,65,1,30,30,0.5,0.5
vest,t1125,fanghuafu,twohand_right,0,vest/fanghuafu-sheet2.png,images/fanghuafu-sheet2.png,97,1,30,30,0.5,0.5
vest,t1125,fanghuafu,using_item,0,vest/fanghuafu-sheet2.png,images/fanghuafu-sheet2.png,1,33,30,30,0.5,0.5
vest,t1125,fanghuafu,using_item,1,vest/fanghuafu-sheet2.png,images/fanghuafu-sheet2.png,33,33,30,30,0.5,0.5
vest,t1125,fanghuafu,using_item,2,vest/fanghuafu-sheet2.png,images/fanghuafu-sheet2.png,65,33,30,30,0.5,0.5
vest,t1125,fanghuafu,using_item,3,vest/fanghuafu-sheet2.png,images/fanghuafu-sheet2.png,33,33,30,30,0.5,0.5
vest,t1147,b_fanghuafu,idle_down,0,vest/b_fanghuafu-sheet0.png,images/b_fanghuafu-sheet0.png,1,1,30,30,0.5,0.5
vest,t1147,b_fanghuafu,idle_up,0,vest/b_fanghuafu-sheet0.png,images/b_fanghuafu-sheet0.png,33,1,30,30,0.5,0.5
vest,t1147,b_fanghuafu,idle_right,0,vest/b_fanghuafu-sheet0.png,images/b_fanghuafu-sheet0.png,65,1,30,30,0.5,0.5
vest,t1147,b_fanghuafu,idle_left,0,vest/b_fanghuafu-sheet0.png,images/b_fanghuafu-sheet0.png,97,1,30,30,0.5,0.5
vest,t1147,b_fanghuafu,run_down,0,vest/b_fanghuafu-sheet0.png,images/b_fanghuafu-sheet0.png,1,33,30,30,0.5,0.5
vest,t1147,b_fanghuafu,run_down,1,vest/b_fanghuafu-sheet0.png,images/b_fanghuafu-sheet0.png,33,33,30,30,0.5,0.5
vest,t1147,b_fanghuafu,run_down,2,vest/b_fanghuafu-sheet0.png,images/b_fanghuafu-sheet0.png,65,33,30,30,0.5,0.5
vest,t1147,b_fanghuafu,run_down,3,vest/b_fanghuafu-sheet0.png,images/b_fanghuafu-sheet0.png,97,33,30,30,0.5,0.5
vest,t1147,b_fanghuafu,run_up,0,vest/b_fanghuafu-sheet0.png,images/b_fanghuafu-sheet0.png,1,65,30,30,0.5,0.5
vest,t1147,b_fanghuafu,run_up,1,vest/b_fanghuafu-sheet0.png,images/b_fanghuafu-sheet0.png,33,65,30,30,0.5,0.5
vest,t1147,b_fanghuafu,run_up,2,vest/b_fanghuafu-sheet0.png,images/b_fanghuafu-sheet0.png,65,65,30,30,0.5,0.5
vest,t1147,b_fanghuafu,run_up,3,vest/b_fanghuafu-sheet0.png,images/b_fanghuafu-sheet0.png,97,65,30,30,0.5,0.5
vest,t1147,b_fanghuafu,run_right,0,vest/b_fanghuafu-sheet0.png,images/b_fanghuafu-sheet0.png,1,97,30,30,0.5,0.5
vest,t1147,b_fanghuafu,run_right,1,vest/b_fanghuafu-sheet0.png,images/b_fanghuafu-sheet0.png,33,97,30,30,0.5,0.5
vest,t1147,b_fanghuafu,run_right,2,vest/b_fanghuafu-sheet0.png,images/b_fanghuafu-sheet0.png,65,97,30,30,0.5,0.5
vest,t1147,b_fanghuafu,run_right,3,vest/b_fanghuafu-sheet0.png,images/b_fanghuafu-sheet0.png,97,97,30,30,0.5,0.5
vest,t1147,b_fanghuafu,run_left,0,vest/b_fanghuafu-sheet1.png,images/b_fanghuafu-sheet1.png,1,1,30,30,0.5,0.5
vest,t1147,b_fanghuafu,run_left,1,vest/b_fanghuafu-sheet1.png,images/b_fanghuafu-sheet1.png,33,1,30,30,0.5,0.5
vest,t1147,b_fanghuafu,run_left,2,vest/b_fanghuafu-sheet1.png,images/b_fanghuafu-sheet1.png,65,1,30,30,0.5,0.5
vest,t1147,b_fanghuafu,run_left,3,vest/b_fanghuafu-sheet1.png,images/b_fanghuafu-sheet1.png,97,1,30,30,0.5,0.5
vest,t1147,b_fanghuafu,axe_up,0,vest/b_fanghuafu-sheet1.png,images/b_fanghuafu-sheet1.png,1,33,30,30,0.5,0.5
vest,t1147,b_fanghuafu,axe_up,1,vest/b_fanghuafu-sheet1.png,images/b_fanghuafu-sheet1.png,33,33,30,30,0.5,0.5
vest,t1147,b_fanghuafu,axe_up,2,vest/b_fanghuafu-sheet1.png,images/b_fanghuafu-sheet1.png,1,33,30,30,0.5,0.5
vest,t1147,b_fanghuafu,axe_down,0,vest/b_fanghuafu-sheet1.png,images/b_fanghuafu-sheet1.png,65,33,30,30,0.5,0.5
vest,t1147,b_fanghuafu,axe_down,1,vest/b_fanghuafu-sheet1.png,images/b_fanghuafu-sheet1.png,97,33,30,30,0.5,0.5
vest,t1147,b_fanghuafu,axe_down,2,vest/b_fanghuafu-sheet1.png,images/b_fanghuafu-sheet1.png,65,33,30,30,0.5,0.5
vest,t1147,b_fanghuafu,axe_left,0,vest/b_fanghuafu-sheet1.png,images/b_fanghuafu-sheet1.png,1,65,30,30,0.5,0.5
vest,t1147,b_fanghuafu,axe_left,1,vest/b_fanghuafu-sheet1.png,images/b_fanghuafu-sheet1.png,33,65,30,30,0.5,0.5
vest,t1147,b_fanghuafu,axe_left,2,vest/b_fanghuafu-sheet1.png,images/b_fanghuafu-sheet1.png,1,65,30,30,0.5,0.5
vest,t1147,b_fanghuafu,axe_right,0,vest/b_fanghuafu-sheet1.png,images/b_fanghuafu-sheet1.png,65,65,30,30,0.5,0.5
vest,t1147,b_fanghuafu,axe_right,1,vest/b_fanghuafu-sheet1.png,images/b_fanghuafu-sheet1.png,97,65,30,30,0.5,0.5
vest,t1147,b_fanghuafu,axe_right,2,vest/b_fanghuafu-sheet1.png,images/b_fanghuafu-sheet1.png,65,65,30,30,0.5,0.5
vest,t1147,b_fanghuafu,pistol_up,0,vest/b_fanghuafu-sheet1.png,images/b_fanghuafu-sheet1.png,1,97,30,30,0.5,0.5
vest,t1147,b_fanghuafu,pistol_down,0,vest/b_fanghuafu-sheet1.png,images/b_fanghuafu-sheet1.png,33,97,30,30,0.5,0.5
vest,t1147,b_fanghuafu,pistol_left,0,vest/b_fanghuafu-sheet1.png,images/b_fanghuafu-sheet1.png,65,97,30,30,0.5,0.5
vest,t1147,b_fanghuafu,pistol_right,0,vest/b_fanghuafu-sheet1.png,images/b_fanghuafu-sheet1.png,97,97,30,30,0.5,0.5
vest,t1147,b_fanghuafu,twohand_down,0,vest/b_fanghuafu-sheet2.png,images/b_fanghuafu-sheet2.png,1,1,30,30,0.5,0.5
vest,t1147,b_fanghuafu,twohand_up,0,vest/b_fanghuafu-sheet2.png,images/b_fanghuafu-sheet2.png,33,1,30,30,0.5,0.5
vest,t1147,b_fanghuafu,twohand_left,0,vest/b_fanghuafu-sheet2.png,images/b_fanghuafu-sheet2.png,65,1,30,30,0.5,0.5
vest,t1147,b_fanghuafu,twohand_right,0,vest/b_fanghuafu-sheet2.png,images/b_fanghuafu-sheet2.png,97,1,30,30,0.5,0.5
vest,t1147,b_fanghuafu,using_item,0,vest/b_fanghuafu-sheet2.png,images/b_fanghuafu-sheet2.png,1,33,30,30,0.5,0.5
vest,t1147,b_fanghuafu,using_item,1,vest/b_fanghuafu-sheet2.png,images/b_fanghuafu-sheet2.png,33,33,30,30,0.5,0.5
vest,t1147,b_fanghuafu,using_item,2,vest/b_fanghuafu-sheet2.png,images/b_fanghuafu-sheet2.png,65,33,30,30,0.5,0.5
vest,t1147,b_fanghuafu,using_item,3,vest/b_fanghuafu-sheet2.png,images/b_fanghuafu-sheet2.png,33,33,30,30,0.5,0.5
vest,t1146,c_fanghuafu,idle_down,0,vest/c_fanghuafu-sheet0.png,images/c_fanghuafu-sheet0.png,1,1,30,30,0.5,0.5
vest,t1146,c_fanghuafu,idle_up,0,vest/c_fanghuafu-sheet0.png,images/c_fanghuafu-sheet0.png,33,1,30,30,0.5,0.5
vest,t1146,c_fanghuafu,idle_right,0,vest/c_fanghuafu-sheet0.png,images/c_fanghuafu-sheet0.png,65,1,30,30,0.5,0.5
vest,t1146,c_fanghuafu,idle_left,0,vest/c_fanghuafu-sheet0.png,images/c_fanghuafu-sheet0.png,97,1,30,30,0.5,0.5
vest,t1146,c_fanghuafu,run_down,0,vest/c_fanghuafu-sheet0.png,images/c_fanghuafu-sheet0.png,1,33,30,30,0.5,0.5
vest,t1146,c_fanghuafu,run_down,1,vest/c_fanghuafu-sheet0.png,images/c_fanghuafu-sheet0.png,33,33,30,30,0.5,0.5
vest,t1146,c_fanghuafu,run_down,2,vest/c_fanghuafu-sheet0.png,images/c_fanghuafu-sheet0.png,65,33,30,30,0.5,0.5
vest,t1146,c_fanghuafu,run_down,3,vest/c_fanghuafu-sheet0.png,images/c_fanghuafu-sheet0.png,97,33,30,30,0.5,0.5
vest,t1146,c_fanghuafu,run_up,0,vest/c_fanghuafu-sheet0.png,images/c_fanghuafu-sheet0.png,1,65,30,30,0.5,0.5
vest,t1146,c_fanghuafu,run_up,1,vest/c_fanghuafu-sheet0.png,images/c_fanghuafu-sheet0.png,33,65,30,30,0.5,0.5
vest,t1146,c_fanghuafu,run_up,2,vest/c_fanghuafu-sheet0.png,images/c_fanghuafu-sheet0.png,65,65,30,30,0.5,0.5
vest,t1146,c_fanghuafu,run_up,3,vest/c_fanghuafu-sheet0.png,images/c_fanghuafu-sheet0.png,97,65,30,30,0.5,0.5
vest,t1146,c_fanghuafu,run_right,0,vest/c_fanghuafu-sheet0.png,images/c_fanghuafu-sheet0.png,1,97,30,30,0.5,0.5
vest,t1146,c_fanghuafu,run_right,1,vest/c_fanghuafu-sheet0.png,images/c_fanghuafu-sheet0.png,33,97,30,30,0.5,0.5
vest,t1146,c_fanghuafu,run_right,2,vest/c_fanghuafu-sheet0.png,images/c_fanghuafu-sheet0.png,65,97,30,30,0.5,0.5
vest,t1146,c_fanghuafu,run_right,3,vest/c_fanghuafu-sheet0.png,images/c_fanghuafu-sheet0.png,97,97,30,30,0.5,0.5
vest,t1146,c_fanghuafu,run_left,0,vest/c_fanghuafu-sheet1.png,images/c_fanghuafu-sheet1.png,1,1,30,30,0.5,0.5
vest,t1146,c_fanghuafu,run_left,1,vest/c_fanghuafu-sheet1.png,images/c_fanghuafu-sheet1.png,33,1,30,30,0.5,0.5
vest,t1146,c_fanghuafu,run_left,2,vest/c_fanghuafu-sheet1.png,images/c_fanghuafu-sheet1.png,65,1,30,30,0.5,0.5
vest,t1146,c_fanghuafu,run_left,3,vest/c_fanghuafu-sheet1.png,images/c_fanghuafu-sheet1.png,97,1,30,30,0.5,0.5
vest,t1146,c_fanghuafu,axe_up,0,vest/c_fanghuafu-sheet1.png,images/c_fanghuafu-sheet1.png,1,33,30,30,0.5,0.5
vest,t1146,c_fanghuafu,axe_up,1,vest/c_fanghuafu-sheet1.png,images/c_fanghuafu-sheet1.png,33,33,30,30,0.5,0.5
vest,t1146,c_fanghuafu,axe_up,2,vest/c_fanghuafu-sheet1.png,images/c_fanghuafu-sheet1.png,1,33,30,30,0.5,0.5
vest,t1146,c_fanghuafu,axe_down,0,vest/c_fanghuafu-sheet1.png,images/c_fanghuafu-sheet1.png,65,33,30,30,0.5,0.5
vest,t1146,c_fanghuafu,axe_down,1,vest/c_fanghuafu-sheet1.png,images/c_fanghuafu-sheet1.png,97,33,30,30,0.5,0.5
vest,t1146,c_fanghuafu,axe_down,2,vest/c_fanghuafu-sheet1.png,images/c_fanghuafu-sheet1.png,65,33,30,30,0.5,0.5
vest,t1146,c_fanghuafu,axe_left,0,vest/c_fanghuafu-sheet1.png,images/c_fanghuafu-sheet1.png,1,65,30,30,0.5,0.5
vest,t1146,c_fanghuafu,axe_left,1,vest/c_fanghuafu-sheet1.png,images/c_fanghuafu-sheet1.png,33,65,30,30,0.5,0.5
vest,t1146,c_fanghuafu,axe_left,2,vest/c_fanghuafu-sheet1.png,images/c_fanghuafu-sheet1.png,1,65,30,30,0.5,0.5
vest,t1146,c_fanghuafu,axe_right,0,vest/c_fanghuafu-sheet1.png,images/c_fanghuafu-sheet1.png,65,65,30,30,0.5,0.5
vest,t1146,c_fanghuafu,axe_right,1,vest/c_fanghuafu-sheet1.png,images/c_fanghuafu-sheet1.png,97,65,30,30,0.5,0.5
vest,t1146,c_fanghuafu,axe_right,2,vest/c_fanghuafu-sheet1.png,images/c_fanghuafu-sheet1.png,65,65,30,30,0.5,0.5
vest,t1146,c_fanghuafu,pistol_up,0,vest/c_fanghuafu-sheet1.png,images/c_fanghuafu-sheet1.png,1,97,30,30,0.5,0.5
vest,t1146,c_fanghuafu,pistol_down,0,vest/c_fanghuafu-sheet1.png,images/c_fanghuafu-sheet1.png,33,97,30,30,0.5,0.5
vest,t1146,c_fanghuafu,pistol_left,0,vest/c_fanghuafu-sheet1.png,images/c_fanghuafu-sheet1.png,65,97,30,30,0.5,0.5
vest,t1146,c_fanghuafu,pistol_right,0,vest/c_fanghuafu-sheet1.png,images/c_fanghuafu-sheet1.png,97,97,30,30,0.5,0.5
vest,t1146,c_fanghuafu,twohand_down,0,vest/c_fanghuafu-sheet2.png,images/c_fanghuafu-sheet2.png,1,1,30,30,0.5,0.5
vest,t1146,c_fanghuafu,twohand_up,0,vest/c_fanghuafu-sheet2.png,images/c_fanghuafu-sheet2.png,33,1,30,30,0.5,0.5
vest,t1146,c_fanghuafu,twohand_left,0,vest/c_fanghuafu-sheet2.png,images/c_fanghuafu-sheet2.png,65,1,30,30,0.5,0.5
vest,t1146,c_fanghuafu,twohand_right,0,vest/c_fanghuafu-sheet2.png,images/c_fanghuafu-sheet2.png,97,1,30,30,0.5,0.5
vest,t1146,c_fanghuafu,using_item,0,vest/c_fanghuafu-sheet2.png,images/c_fanghuafu-sheet2.png,1,33,30,30,0.5,0.5
vest,t1146,c_fanghuafu,using_item,1,vest/c_fanghuafu-sheet2.png,images/c_fanghuafu-sheet2.png,33,33,30,30,0.5,0.5
vest,t1146,c_fanghuafu,using_item,2,vest/c_fanghuafu-sheet2.png,images/c_fanghuafu-sheet2.png,65,33,30,30,0.5,0.5
vest,t1146,c_fanghuafu,using_item,3,vest/c_fanghuafu-sheet2.png,images/c_fanghuafu-sheet2.png,33,33,30,30,0.5,0.5
vest,t1153,ra_fanghuafu,idle_down,0,vest/ra_fanghuafu-sheet0.png,images/ra_fanghuafu-sheet0.png,1,1,30,30,0.5,0.5
vest,t1153,ra_fanghuafu,idle_up,0,vest/ra_fanghuafu-sheet0.png,images/ra_fanghuafu-sheet0.png,33,1,30,30,0.5,0.5
vest,t1153,ra_fanghuafu,idle_right,0,vest/ra_fanghuafu-sheet0.png,images/ra_fanghuafu-sheet0.png,65,1,30,30,0.5,0.5
vest,t1153,ra_fanghuafu,idle_left,0,vest/ra_fanghuafu-sheet0.png,images/ra_fanghuafu-sheet0.png,97,1,30,30,0.5,0.5
vest,t1153,ra_fanghuafu,run_down,0,vest/ra_fanghuafu-sheet0.png,images/ra_fanghuafu-sheet0.png,1,33,30,30,0.5,0.5
vest,t1153,ra_fanghuafu,run_down,1,vest/ra_fanghuafu-sheet0.png,images/ra_fanghuafu-sheet0.png,33,33,30,30,0.5,0.5
vest,t1153,ra_fanghuafu,run_down,2,vest/ra_fanghuafu-sheet0.png,images/ra_fanghuafu-sheet0.png,65,33,30,30,0.5,0.5
vest,t1153,ra_fanghuafu,run_down,3,vest/ra_fanghuafu-sheet0.png,images/ra_fanghuafu-sheet0.png,97,33,30,30,0.5,0.5
vest,t1153,ra_fanghuafu,run_up,0,vest/ra_fanghuafu-sheet0.png,images/ra_fanghuafu-sheet0.png,1,65,30,30,0.5,0.5
vest,t1153,ra_fanghuafu,run_up,1,vest/ra_fanghuafu-sheet0.png,images/ra_fanghuafu-sheet0.png,33,65,30,30,0.5,0.5
vest,t1153,ra_fanghuafu,run_up,2,vest/ra_fanghuafu-sheet0.png,images/ra_fanghuafu-sheet0.png,65,65,30,30,0.5,0.5
vest,t1153,ra_fanghuafu,run_up,3,vest/ra_fanghuafu-sheet0.png,images/ra_fanghuafu-sheet0.png,97,65,30,30,0.5,0.5
vest,t1153,ra_fanghuafu,run_right,0,vest/ra_fanghuafu-sheet0.png,images/ra_fanghuafu-sheet0.png,1,97,30,30,0.5,0.5
vest,t1153,ra_fanghuafu,run_right,1,vest/ra_fanghuafu-sheet0.png,images/ra_fanghuafu-sheet0.png,33,97,30,30,0.5,0.5
vest,t1153,ra_fanghuafu,run_right,2,vest/ra_fanghuafu-sheet0.png,images/ra_fanghuafu-sheet0.png,65,97,30,30,0.5,0.5
vest,t1153,ra_fanghuafu,run_right,3,vest/ra_fanghuafu-sheet0.png,images/ra_fanghuafu-sheet0.png,97,97,30,30,0.5,0.5
vest,t1153,ra_fanghuafu,run_left,0,vest/ra_fanghuafu-sheet1.png,images/ra_fanghuafu-sheet1.png,1,1,30,30,0.5,0.5
vest,t1153,ra_fanghuafu,run_left,1,vest/ra_fanghuafu-sheet1.png,images/ra_fanghuafu-sheet1.png,33,1,30,30,0.5,0.5
vest,t1153,ra_fanghuafu,run_left,2,vest/ra_fanghuafu-sheet1.png,images/ra_fanghuafu-sheet1.png,65,1,30,30,0.5,0.5
vest,t1153,ra_fanghuafu,run_left,3,vest/ra_fanghuafu-sheet1.png,images/ra_fanghuafu-sheet1.png,97,1,30,30,0.5,0.5
vest,t1153,ra_fanghuafu,axe_up,0,vest/ra_fanghuafu-sheet1.png,images/ra_fanghuafu-sheet1.png,1,33,30,30,0.5,0.5
vest,t1153,ra_fanghuafu,axe_up,1,vest/ra_fanghuafu-sheet1.png,images/ra_fanghuafu-sheet1.png,33,33,30,30,0.5,0.5
vest,t1153,ra_fanghuafu,axe_up,2,vest/ra_fanghuafu-sheet1.png,images/ra_fanghuafu-sheet1.png,1,33,30,30,0.5,0.5
vest,t1153,ra_fanghuafu,axe_down,0,vest/ra_fanghuafu-sheet1.png,images/ra_fanghuafu-sheet1.png,65,33,30,30,0.5,0.5
vest,t1153,ra_fanghuafu,axe_down,1,vest/ra_fanghuafu-sheet1.png,images/ra_fanghuafu-sheet1.png,97,33,30,30,0.5,0.5
vest,t1153,ra_fanghuafu,axe_down,2,vest/ra_fanghuafu-sheet1.png,images/ra_fanghuafu-sheet1.png,65,33,30,30,0.5,0.5
vest,t1153,ra_fanghuafu,axe_left,0,vest/ra_fanghuafu-sheet1.png,images/ra_fanghuafu-sheet1.png,1,65,30,30,0.5,0.5
vest,t1153,ra_fanghuafu,axe_left,1,vest/ra_fanghuafu-sheet1.png,images/ra_fanghuafu-sheet1.png,33,65,30,30,0.5,0.5
vest,t1153,ra_fanghuafu,axe_left,2,vest/ra_fanghuafu-sheet1.png,images/ra_fanghuafu-sheet1.png,1,65,30,30,0.5,0.5
vest,t1153,ra_fanghuafu,axe_right,0,vest/ra_fanghuafu-sheet1.png,images/ra_fanghuafu-sheet1.png,65,65,30,30,0.5,0.5
vest,t1153,ra_fanghuafu,axe_right,1,vest/ra_fanghuafu-sheet1.png,images/ra_fanghuafu-sheet1.png,97,65,30,30,0.5,0.5
vest,t1153,ra_fanghuafu,axe_right,2,vest/ra_fanghuafu-sheet1.png,images/ra_fanghuafu-sheet1.png,65,65,30,30,0.5,0.5
vest,t1153,ra_fanghuafu,pistol_up,0,vest/ra_fanghuafu-sheet1.png,images/ra_fanghuafu-sheet1.png,1,97,30,30,0.5,0.5
vest,t1153,ra_fanghuafu,pistol_down,0,vest/ra_fanghuafu-sheet1.png,images/ra_fanghuafu-sheet1.png,33,97,30,30,0.5,0.5
vest,t1153,ra_fanghuafu,pistol_left,0,vest/ra_fanghuafu-sheet1.png,images/ra_fanghuafu-sheet1.png,65,97,30,30,0.5,0.5
vest,t1153,ra_fanghuafu,pistol_right,0,vest/ra_fanghuafu-sheet1.png,images/ra_fanghuafu-sheet1.png,97,97,30,30,0.5,0.5
vest,t1153,ra_fanghuafu,twohand_down,0,vest/ra_fanghuafu-sheet2.png,images/ra_fanghuafu-sheet2.png,1,1,30,30,0.5,0.5
vest,t1153,ra_fanghuafu,twohand_up,0,vest/ra_fanghuafu-sheet2.png,images/ra_fanghuafu-sheet2.png,33,1,30,30,0.5,0.5
vest,t1153,ra_fanghuafu,twohand_left,0,vest/ra_fanghuafu-sheet2.png,images/ra_fanghuafu-sheet2.png,65,1,30,30,0.5,0.5
vest,t1153,ra_fanghuafu,twohand_right,0,vest/ra_fanghuafu-sheet2.png,images/ra_fanghuafu-sheet2.png,97,1,30,30,0.5,0.5
vest,t1153,ra_fanghuafu,using_item,0,vest/ra_fanghuafu-sheet2.png,images/ra_fanghuafu-sheet2.png,1,33,30,30,0.5,0.5
vest,t1153,ra_fanghuafu,using_item,1,vest/ra_fanghuafu-sheet2.png,images/ra_fanghuafu-sheet2.png,33,33,30,30,0.5,0.5
vest,t1153,ra_fanghuafu,using_item,2,vest/ra_fanghuafu-sheet2.png,images/ra_fanghuafu-sheet2.png,65,33,30,30,0.5,0.5
vest,t1153,ra_fanghuafu,using_item,3,vest/ra_fanghuafu-sheet2.png,images/ra_fanghuafu-sheet2.png,33,33,30,30,0.5,0.5
vest,t1154,m_fanghuafu,idle_down,0,vest/m_fanghuafu-sheet0.png,images/m_fanghuafu-sheet0.png,1,1,30,30,0.5,0.5
vest,t1154,m_fanghuafu,idle_up,0,vest/m_fanghuafu-sheet0.png,images/m_fanghuafu-sheet0.png,33,1,30,30,0.5,0.5
vest,t1154,m_fanghuafu,idle_right,0,vest/m_fanghuafu-sheet0.png,images/m_fanghuafu-sheet0.png,65,1,30,30,0.5,0.5
vest,t1154,m_fanghuafu,idle_left,0,vest/m_fanghuafu-sheet0.png,images/m_fanghuafu-sheet0.png,97,1,30,30,0.5,0.5
vest,t1154,m_fanghuafu,run_down,0,vest/m_fanghuafu-sheet0.png,images/m_fanghuafu-sheet0.png,1,33,30,30,0.5,0.5
vest,t1154,m_fanghuafu,run_down,1,vest/m_fanghuafu-sheet0.png,images/m_fanghuafu-sheet0.png,33,33,30,30,0.5,0.5
vest,t1154,m_fanghuafu,run_down,2,vest/m_fanghuafu-sheet0.png,images/m_fanghuafu-sheet0.png,65,33,30,30,0.5,0.5
vest,t1154,m_fanghuafu,run_down,3,vest/m_fanghuafu-sheet0.png,images/m_fanghuafu-sheet0.png,97,33,30,30,0.5,0.5
vest,t1154,m_fanghuafu,run_up,0,vest/m_fanghuafu-sheet0.png,images/m_fanghuafu-sheet0.png,1,65,30,30,0.5,0.5
vest,t1154,m_fanghuafu,run_up,1,vest/m_fanghuafu-sheet0.png,images/m_fanghuafu-sheet0.png,33,65,30,30,0.5,0.5
vest,t1154,m_fanghuafu,run_up,2,vest/m_fanghuafu-sheet0.png,images/m_fanghuafu-sheet0.png,65,65,30,30,0.5,0.5
vest,t1154,m_fanghuafu,run_up,3,vest/m_fanghuafu-sheet0.png,images/m_fanghuafu-sheet0.png,97,65,30,30,0.5,0.5
vest,t1154,m_fanghuafu,run_right,0,vest/m_fanghuafu-sheet0.png,images/m_fanghuafu-sheet0.png,1,97,30,30,0.5,0.5
vest,t1154,m_fanghuafu,run_right,1,vest/m_fanghuafu-sheet0.png,images/m_fanghuafu-sheet0.png,33,97,30,30,0.5,0.5
vest,t1154,m_fanghuafu,run_right,2,vest/m_fanghuafu-sheet0.png,images/m_fanghuafu-sheet0.png,65,97,30,30,0.5,0.5
vest,t1154,m_fanghuafu,run_right,3,vest/m_fanghuafu-sheet0.png,images/m_fanghuafu-sheet0.png,97,97,30,30,0.5,0.5
vest,t1154,m_fanghuafu,run_left,0,vest/m_fanghuafu-sheet1.png,images/m_fanghuafu-sheet1.png,1,1,30,30,0.5,0.5
vest,t1154,m_fanghuafu,run_left,1,vest/m_fanghuafu-sheet1.png,images/m_fanghuafu-sheet1.png,33,1,30,30,0.5,0.5
vest,t1154,m_fanghuafu,run_left,2,vest/m_fanghuafu-sheet1.png,images/m_fanghuafu-sheet1.png,65,1,30,30,0.5,0.5
vest,t1154,m_fanghuafu,run_left,3,vest/m_fanghuafu-sheet1.png,images/m_fanghuafu-sheet1.png,97,1,30,30,0.5,0.5
vest,t1154,m_fanghuafu,axe_up,0,vest/m_fanghuafu-sheet1.png,images/m_fanghuafu-sheet1.png,1,33,30,30,0.5,0.5
vest,t1154,m_fanghuafu,axe_up,1,vest/m_fanghuafu-sheet1.png,images/m_fanghuafu-sheet1.png,33,33,30,30,0.5,0.5
vest,t1154,m_fanghuafu,axe_up,2,vest/m_fanghuafu-sheet1.png,images/m_fanghuafu-sheet1.png,1,33,30,30,0.5,0.5
vest,t1154,m_fanghuafu,axe_down,0,vest/m_fanghuafu-sheet1.png,images/m_fanghuafu-sheet1.png,65,33,30,30,0.5,0.5
vest,t1154,m_fanghuafu,axe_down,1,vest/m_fanghuafu-sheet1.png,images/m_fanghuafu-sheet1.png,97,33,30,30,0.5,0.5
vest,t1154,m_fanghuafu,axe_down,2,vest/m_fanghuafu-sheet1.png,images/m_fanghuafu-sheet1.png,65,33,30,30,0.5,0.5
vest,t1154,m_fanghuafu,axe_left,0,vest/m_fanghuafu-sheet1.png,images/m_fanghuafu-sheet1.png,1,65,30,30,0.5,0.5
vest,t1154,m_fanghuafu,axe_left,1,vest/m_fanghuafu-sheet1.png,images/m_fanghuafu-sheet1.png,33,65,30,30,0.5,0.5
vest,t1154,m_fanghuafu,axe_left,2,vest/m_fanghuafu-sheet1.png,images/m_fanghuafu-sheet1.png,1,65,30,30,0.5,0.5
vest,t1154,m_fanghuafu,axe_right,0,vest/m_fanghuafu-sheet1.png,images/m_fanghuafu-sheet1.png,65,65,30,30,0.5,0.5
vest,t1154,m_fanghuafu,axe_right,1,vest/m_fanghuafu-sheet1.png,images/m_fanghuafu-sheet1.png,97,65,30,30,0.5,0.5
vest,t1154,m_fanghuafu,axe_right,2,vest/m_fanghuafu-sheet1.png,images/m_fanghuafu-sheet1.png,65,65,30,30,0.5,0.5
vest,t1154,m_fanghuafu,pistol_up,0,vest/m_fanghuafu-sheet1.png,images/m_fanghuafu-sheet1.png,1,97,30,30,0.5,0.5
vest,t1154,m_fanghuafu,pistol_down,0,vest/m_fanghuafu-sheet1.png,images/m_fanghuafu-sheet1.png,33,97,30,30,0.5,0.5
vest,t1154,m_fanghuafu,pistol_left,0,vest/m_fanghuafu-sheet1.png,images/m_fanghuafu-sheet1.png,65,97,30,30,0.5,0.5
vest,t1154,m_fanghuafu,pistol_right,0,vest/m_fanghuafu-sheet1.png,images/m_fanghuafu-sheet1.png,97,97,30,30,0.5,0.5
vest,t1154,m_fanghuafu,twohand_down,0,vest/m_fanghuafu-sheet2.png,images/m_fanghuafu-sheet2.png,1,1,30,30,0.5,0.5
vest,t1154,m_fanghuafu,twohand_up,0,vest/m_fanghuafu-sheet2.png,images/m_fanghuafu-sheet2.png,33,1,30,30,0.5,0.5
vest,t1154,m_fanghuafu,twohand_left,0,vest/m_fanghuafu-sheet2.png,images/m_fanghuafu-sheet2.png,65,1,30,30,0.5,0.5
vest,t1154,m_fanghuafu,twohand_right,0,vest/m_fanghuafu-sheet2.png,images/m_fanghuafu-sheet2.png,97,1,30,30,0.5,0.5
vest,t1154,m_fanghuafu,using_item,0,vest/m_fanghuafu-sheet2.png,images/m_fanghuafu-sheet2.png,1,33,30,30,0.5,0.5
vest,t1154,m_fanghuafu,using_item,1,vest/m_fanghuafu-sheet2.png,images/m_fanghuafu-sheet2.png,33,33,30,30,0.5,0.5
vest,t1154,m_fanghuafu,using_item,2,vest/m_fanghuafu-sheet2.png,images/m_fanghuafu-sheet2.png,65,33,30,30,0.5,0.5
vest,t1154,m_fanghuafu,using_item,3,vest/m_fanghuafu-sheet2.png,images/m_fanghuafu-sheet2.png,33,33,30,30,0.5,0.5
vest,t1182,ji_fanghuafu,idle_down,0,vest/ji_fanghuafu-sheet0.png,images/ji_fanghuafu-sheet0.png,1,1,30,30,0.5,0.5
vest,t1182,ji_fanghuafu,idle_up,0,vest/ji_fanghuafu-sheet0.png,images/ji_fanghuafu-sheet0.png,33,1,30,30,0.5,0.5
vest,t1182,ji_fanghuafu,idle_right,0,vest/ji_fanghuafu-sheet0.png,images/ji_fanghuafu-sheet0.png,65,1,30,30,0.5,0.5
vest,t1182,ji_fanghuafu,idle_left,0,vest/ji_fanghuafu-sheet0.png,images/ji_fanghuafu-sheet0.png,97,1,30,30,0.5,0.5
vest,t1182,ji_fanghuafu,run_down,0,vest/ji_fanghuafu-sheet0.png,images/ji_fanghuafu-sheet0.png,1,33,30,30,0.5,0.5
vest,t1182,ji_fanghuafu,run_down,1,vest/ji_fanghuafu-sheet0.png,images/ji_fanghuafu-sheet0.png,33,33,30,30,0.5,0.5
vest,t1182,ji_fanghuafu,run_down,2,vest/ji_fanghuafu-sheet0.png,images/ji_fanghuafu-sheet0.png,65,33,30,30,0.5,0.5
vest,t1182,ji_fanghuafu,run_down,3,vest/ji_fanghuafu-sheet0.png,images/ji_fanghuafu-sheet0.png,97,33,30,30,0.5,0.5
vest,t1182,ji_fanghuafu,run_up,0,vest/ji_fanghuafu-sheet0.png,images/ji_fanghuafu-sheet0.png,1,65,30,30,0.5,0.5
vest,t1182,ji_fanghuafu,run_up,1,vest/ji_fanghuafu-sheet0.png,images/ji_fanghuafu-sheet0.png,33,65,30,30,0.5,0.5
vest,t1182,ji_fanghuafu,run_up,2,vest/ji_fanghuafu-sheet0.png,images/ji_fanghuafu-sheet0.png,65,65,30,30,0.5,0.5
vest,t1182,ji_fanghuafu,run_up,3,vest/ji_fanghuafu-sheet0.png,images/ji_fanghuafu-sheet0.png,97,65,30,30,0.5,0.5
vest,t1182,ji_fanghuafu,run_right,0,vest/ji_fanghuafu-sheet0.png,images/ji_fanghuafu-sheet0.png,1,97,30,30,0.5,0.5
vest,t1182,ji_fanghuafu,run_right,1,vest/ji_fanghuafu-sheet0.png,images/ji_fanghuafu-sheet0.png,33,97,30,30,0.5,0.5
vest,t1182,ji_fanghuafu,run_right,2,vest/ji_fanghuafu-sheet0.png,images/ji_fanghuafu-sheet0.png,65,97,30,30,0.5,0.5
vest,t1182,ji_fanghuafu,run_right,3,vest/ji_fanghuafu-sheet0.png,images/ji_fanghuafu-sheet0.png,97,97,30,30,0.5,0.5
vest,t1182,ji_fanghuafu,run_left,0,vest/ji_fanghuafu-sheet1.png,images/ji_fanghuafu-sheet1.png,1,1,30,30,0.5,0.5
vest,t1182,ji_fanghuafu,run_left,1,vest/ji_fanghuafu-sheet1.png,images/ji_fanghuafu-sheet1.png,33,1,30,30,0.5,0.5
vest,t1182,ji_fanghuafu,run_left,2,vest/ji_fanghuafu-sheet1.png,images/ji_fanghuafu-sheet1.png,65,1,30,30,0.5,0.5
vest,t1182,ji_fanghuafu,run_left,3,vest/ji_fanghuafu-sheet1.png,images/ji_fanghuafu-sheet1.png,97,1,30,30,0.5,0.5
vest,t1182,ji_fanghuafu,axe_up,0,vest/ji_fanghuafu-sheet1.png,images/ji_fanghuafu-sheet1.png,1,33,30,30,0.5,0.5
vest,t1182,ji_fanghuafu,axe_up,1,vest/ji_fanghuafu-sheet1.png,images/ji_fanghuafu-sheet1.png,33,33,30,30,0.5,0.5
vest,t1182,ji_fanghuafu,axe_up,2,vest/ji_fanghuafu-sheet1.png,images/ji_fanghuafu-sheet1.png,1,33,30,30,0.5,0.5
vest,t1182,ji_fanghuafu,axe_down,0,vest/ji_fanghuafu-sheet1.png,images/ji_fanghuafu-sheet1.png,65,33,30,30,0.5,0.5
vest,t1182,ji_fanghuafu,axe_down,1,vest/ji_fanghuafu-sheet1.png,images/ji_fanghuafu-sheet1.png,97,33,30,30,0.5,0.5
vest,t1182,ji_fanghuafu,axe_down,2,vest/ji_fanghuafu-sheet1.png,images/ji_fanghuafu-sheet1.png,65,33,30,30,0.5,0.5
vest,t1182,ji_fanghuafu,axe_left,0,vest/ji_fanghuafu-sheet1.png,images/ji_fanghuafu-sheet1.png,1,65,30,30,0.5,0.5
vest,t1182,ji_fanghuafu,axe_left,1,vest/ji_fanghuafu-sheet1.png,images/ji_fanghuafu-sheet1.png,33,65,30,30,0.5,0.5
vest,t1182,ji_fanghuafu,axe_left,2,vest/ji_fanghuafu-sheet1.png,images/ji_fanghuafu-sheet1.png,1,65,30,30,0.5,0.5
vest,t1182,ji_fanghuafu,axe_right,0,vest/ji_fanghuafu-sheet1.png,images/ji_fanghuafu-sheet1.png,65,65,30,30,0.5,0.5
vest,t1182,ji_fanghuafu,axe_right,1,vest/ji_fanghuafu-sheet1.png,images/ji_fanghuafu-sheet1.png,97,65,30,30,0.5,0.5
vest,t1182,ji_fanghuafu,axe_right,2,vest/ji_fanghuafu-sheet1.png,images/ji_fanghuafu-sheet1.png,65,65,30,30,0.5,0.5
vest,t1182,ji_fanghuafu,pistol_up,0,vest/ji_fanghuafu-sheet1.png,images/ji_fanghuafu-sheet1.png,1,97,30,30,0.5,0.5
vest,t1182,ji_fanghuafu,pistol_down,0,vest/ji_fanghuafu-sheet1.png,images/ji_fanghuafu-sheet1.png,33,97,30,30,0.5,0.5
vest,t1182,ji_fanghuafu,pistol_left,0,vest/ji_fanghuafu-sheet1.png,images/ji_fanghuafu-sheet1.png,65,97,30,30,0.5,0.5
vest,t1182,ji_fanghuafu,pistol_right,0,vest/ji_fanghuafu-sheet1.png,images/ji_fanghuafu-sheet1.png,97,97,30,30,0.5,0.5
vest,t1182,ji_fanghuafu,twohand_down,0,vest/ji_fanghuafu-sheet2.png,images/ji_fanghuafu-sheet2.png,1,1,30,30,0.5,0.5
vest,t1182,ji_fanghuafu,twohand_up,0,vest/ji_fanghuafu-sheet2.png,images/ji_fanghuafu-sheet2.png,33,1,30,30,0.5,0.5
vest,t1182,ji_fanghuafu,twohand_left,0,vest/ji_fanghuafu-sheet2.png,images/ji_fanghuafu-sheet2.png,65,1,30,30,0.5,0.5
vest,t1182,ji_fanghuafu,twohand_right,0,vest/ji_fanghuafu-sheet2.png,images/ji_fanghuafu-sheet2.png,97,1,30,30,0.5,0.5
vest,t1182,ji_fanghuafu,using_item,0,vest/ji_fanghuafu-sheet2.png,images/ji_fanghuafu-sheet2.png,1,33,30,30,0.5,0.5
vest,t1182,ji_fanghuafu,using_item,1,vest/ji_fanghuafu-sheet2.png,images/ji_fanghuafu-sheet2.png,33,33,30,30,0.5,0.5
vest,t1182,ji_fanghuafu,using_item,2,vest/ji_fanghuafu-sheet2.png,images/ji_fanghuafu-sheet2.png,65,33,30,30,0.5,0.5
vest,t1182,ji_fanghuafu,using_item,3,vest/ji_fanghuafu-sheet2.png,images/ji_fanghuafu-sheet2.png,33,33,30,30,0.5,0.5
backpack,t142,barsetka,idle_down,0,backpack/barsetka-sheet0.png,images/barsetka-sheet0.png,1,1,30,30,0.5,0.5
backpack,t142,barsetka,idle_up,0,backpack/barsetka-sheet0.png,images/barsetka-sheet0.png,33,1,30,30,0.5,0.5
backpack,t142,barsetka,idle_right,0,backpack/barsetka-sheet0.png,images/barsetka-sheet0.png,65,1,30,30,0.5,0.5
backpack,t142,barsetka,idle_left,0,backpack/barsetka-sheet0.png,images/barsetka-sheet0.png,97,1,30,30,0.5,0.5
backpack,t142,barsetka,run_down,0,backpack/barsetka-sheet0.png,images/barsetka-sheet0.png,1,33,30,30,0.5,0.5
backpack,t142,barsetka,run_down,1,backpack/barsetka-sheet0.png,images/barsetka-sheet0.png,33,33,30,30,0.5,0.5
backpack,t142,barsetka,run_down,2,backpack/barsetka-sheet0.png,images/barsetka-sheet0.png,65,33,30,30,0.5,0.5
backpack,t142,barsetka,run_down,3,backpack/barsetka-sheet0.png,images/barsetka-sheet0.png,97,33,30,30,0.5,0.5
backpack,t142,barsetka,run_up,0,backpack/barsetka-sheet0.png,images/barsetka-sheet0.png,1,65,30,30,0.5,0.5
backpack,t142,barsetka,run_up,1,backpack/barsetka-sheet0.png,images/barsetka-sheet0.png,33,65,30,30,0.5,0.5
backpack,t142,barsetka,run_up,2,backpack/barsetka-sheet0.png,images/barsetka-sheet0.png,65,65,30,30,0.5,0.5
backpack,t142,barsetka,run_up,3,backpack/barsetka-sheet0.png,images/barsetka-sheet0.png,97,65,30,30,0.5,0.5
backpack,t142,barsetka,run_right,0,backpack/barsetka-sheet0.png,images/barsetka-sheet0.png,1,97,30,30,0.5,0.5
backpack,t142,barsetka,run_right,1,backpack/barsetka-sheet0.png,images/barsetka-sheet0.png,33,97,30,30,0.5,0.5
backpack,t142,barsetka,run_right,2,backpack/barsetka-sheet0.png,images/barsetka-sheet0.png,65,97,30,30,0.5,0.5
backpack,t142,barsetka,run_right,3,backpack/barsetka-sheet0.png,images/barsetka-sheet0.png,97,97,30,30,0.5,0.5
backpack,t142,barsetka,run_left,0,backpack/barsetka-sheet1.png,images/barsetka-sheet1.png,1,1,30,30,0.5,0.5
backpack,t142,barsetka,run_left,1,backpack/barsetka-sheet1.png,images/barsetka-sheet1.png,33,1,30,30,0.5,0.5
backpack,t142,barsetka,run_left,2,backpack/barsetka-sheet1.png,images/barsetka-sheet1.png,65,1,30,30,0.5,0.5
backpack,t142,barsetka,run_left,3,backpack/barsetka-sheet1.png,images/barsetka-sheet1.png,97,1,30,30,0.5,0.5
backpack,t142,barsetka,axe_up,0,backpack/barsetka-sheet0.png,images/barsetka-sheet0.png,33,1,30,30,0.5,0.5
backpack,t142,barsetka,axe_down,0,backpack/barsetka-sheet1.png,images/barsetka-sheet1.png,1,33,30,30,0.5,0.5
backpack,t142,barsetka,axe_down,1,backpack/barsetka-sheet1.png,images/barsetka-sheet1.png,33,33,30,30,0.5,0.5
backpack,t142,barsetka,axe_down,2,backpack/barsetka-sheet1.png,images/barsetka-sheet1.png,1,33,30,30,0.5,0.5
backpack,t142,barsetka,axe_left,0,backpack/barsetka-sheet1.png,images/barsetka-sheet1.png,65,33,30,30,0.5,0.5
backpack,t142,barsetka,axe_right,0,backpack/gui_item_backpack-sheet0.png,images/gui_item_backpack-sheet0.png,1,1,30,30,0.5,0.5
backpack,t142,barsetka,pistol_up,0,backpack/barsetka-sheet0.png,images/barsetka-sheet0.png,33,1,30,30,0.5,0.5
backpack,t142,barsetka,pistol_down,0,backpack/barsetka-sheet1.png,images/barsetka-sheet1.png,97,33,30,30,0.5,0.5
backpack,t142,barsetka,pistol_left,0,backpack/barsetka-sheet1.png,images/barsetka-sheet1.png,1,65,30,30,0.5,0.5
backpack,t142,barsetka,pistol_right,0,backpack/gui_item_backpack-sheet0.png,images/gui_item_backpack-sheet0.png,1,1,30,30,0.5,0.5
backpack,t1192,kuabao,idle_down,0,backpack/kuabao-sheet0.png,images/kuabao-sheet0.png,1,1,30,30,0.5,0.5
backpack,t1192,kuabao,idle_up,0,backpack/kuabao-sheet0.png,images/kuabao-sheet0.png,33,1,30,30,0.5,0.5
backpack,t1192,kuabao,idle_right,0,backpack/kuabao-sheet0.png,images/kuabao-sheet0.png,65,1,30,30,0.5,0.5
backpack,t1192,kuabao,idle_left,0,backpack/kuabao-sheet0.png,images/kuabao-sheet0.png,97,1,30,30,0.5,0.5
backpack,t1192,kuabao,run_down,0,backpack/kuabao-sheet0.png,images/kuabao-sheet0.png,1,33,30,30,0.5,0.5
backpack,t1192,kuabao,run_down,1,backpack/kuabao-sheet0.png,images/kuabao-sheet0.png,33,33,30,30,0.5,0.5
backpack,t1192,kuabao,run_down,2,backpack/kuabao-sheet0.png,images/kuabao-sheet0.png,65,33,30,30,0.5,0.5
backpack,t1192,kuabao,run_down,3,backpack/kuabao-sheet0.png,images/kuabao-sheet0.png,97,33,30,30,0.5,0.5
backpack,t1192,kuabao,run_up,0,backpack/kuabao-sheet0.png,images/kuabao-sheet0.png,1,65,30,30,0.5,0.5
backpack,t1192,kuabao,run_up,1,backpack/kuabao-sheet0.png,images/kuabao-sheet0.png,33,65,30,30,0.5,0.5
backpack,t1192,kuabao,run_up,2,backpack/kuabao-sheet0.png,images/kuabao-sheet0.png,65,65,30,30,0.5,0.5
backpack,t1192,kuabao,run_up,3,backpack/kuabao-sheet0.png,images/kuabao-sheet0.png,97,65,30,30,0.5,0.5
backpack,t1192,kuabao,run_right,0,backpack/kuabao-sheet0.png,images/kuabao-sheet0.png,1,97,30,30,0.5,0.5
backpack,t1192,kuabao,run_right,1,backpack/kuabao-sheet0.png,images/kuabao-sheet0.png,33,97,30,30,0.5,0.5
backpack,t1192,kuabao,run_right,2,backpack/kuabao-sheet0.png,images/kuabao-sheet0.png,65,97,30,30,0.5,0.5
backpack,t1192,kuabao,run_right,3,backpack/kuabao-sheet0.png,images/kuabao-sheet0.png,97,97,30,30,0.5,0.5
backpack,t1192,kuabao,run_left,0,backpack/kuabao-sheet1.png,images/kuabao-sheet1.png,1,1,30,30,0.5,0.5
backpack,t1192,kuabao,run_left,1,backpack/kuabao-sheet1.png,images/kuabao-sheet1.png,33,1,30,30,0.5,0.5
backpack,t1192,kuabao,run_left,2,backpack/kuabao-sheet1.png,images/kuabao-sheet1.png,65,1,30,30,0.5,0.5
backpack,t1192,kuabao,run_left,3,backpack/kuabao-sheet1.png,images/kuabao-sheet1.png,97,1,30,30,0.5,0.5
backpack,t1192,kuabao,axe_up,0,backpack/kuabao-sheet0.png,images/kuabao-sheet0.png,33,1,30,30,0.5,0.5
backpack,t1192,kuabao,axe_down,0,backpack/kuabao-sheet1.png,images/kuabao-sheet1.png,1,33,30,30,0.5,0.5
backpack,t1192,kuabao,axe_down,1,backpack/kuabao-sheet1.png,images/kuabao-sheet1.png,33,33,30,30,0.5,0.5
backpack,t1192,kuabao,axe_down,2,backpack/kuabao-sheet1.png,images/kuabao-sheet1.png,1,33,30,30,0.5,0.5
backpack,t1192,kuabao,axe_left,0,backpack/kuabao-sheet1.png,images/kuabao-sheet1.png,65,33,30,30,0.5,0.5
backpack,t1192,kuabao,axe_right,0,backpack/gui_item_backpack-sheet0.png,images/gui_item_backpack-sheet0.png,1,1,30,30,0.5,0.5
backpack,t1192,kuabao,pistol_up,0,backpack/kuabao-sheet0.png,images/kuabao-sheet0.png,33,1,30,30,0.5,0.5
backpack,t1192,kuabao,pistol_down,0,backpack/kuabao-sheet1.png,images/kuabao-sheet1.png,97,33,30,30,0.5,0.5
backpack,t1192,kuabao,pistol_left,0,backpack/kuabao-sheet1.png,images/kuabao-sheet1.png,1,65,30,30,0.5,0.5
backpack,t1192,kuabao,pistol_right,0,backpack/gui_item_backpack-sheet0.png,images/gui_item_backpack-sheet0.png,1,1,30,30,0.5,0.5
backpack,t1215,kuabao_red,idle_down,0,backpack/kuabao_red-sheet0.png,images/kuabao_red-sheet0.png,1,1,30,30,0.5,0.5
backpack,t1215,kuabao_red,idle_up,0,backpack/kuabao_red-sheet0.png,images/kuabao_red-sheet0.png,33,1,30,30,0.5,0.5
backpack,t1215,kuabao_red,idle_right,0,backpack/kuabao_red-sheet0.png,images/kuabao_red-sheet0.png,65,1,30,30,0.5,0.5
backpack,t1215,kuabao_red,idle_left,0,backpack/kuabao_red-sheet0.png,images/kuabao_red-sheet0.png,97,1,30,30,0.5,0.5
backpack,t1215,kuabao_red,run_down,0,backpack/kuabao_red-sheet0.png,images/kuabao_red-sheet0.png,1,33,30,30,0.5,0.5
backpack,t1215,kuabao_red,run_down,1,backpack/kuabao_red-sheet0.png,images/kuabao_red-sheet0.png,33,33,30,30,0.5,0.5
backpack,t1215,kuabao_red,run_down,2,backpack/kuabao_red-sheet0.png,images/kuabao_red-sheet0.png,65,33,30,30,0.5,0.5
backpack,t1215,kuabao_red,run_down,3,backpack/kuabao_red-sheet0.png,images/kuabao_red-sheet0.png,97,33,30,30,0.5,0.5
backpack,t1215,kuabao_red,run_up,0,backpack/kuabao_red-sheet0.png,images/kuabao_red-sheet0.png,1,65,30,30,0.5,0.5
backpack,t1215,kuabao_red,run_up,1,backpack/kuabao_red-sheet0.png,images/kuabao_red-sheet0.png,33,65,30,30,0.5,0.5
backpack,t1215,kuabao_red,run_up,2,backpack/kuabao_red-sheet0.png,images/kuabao_red-sheet0.png,65,65,30,30,0.5,0.5
backpack,t1215,kuabao_red,run_up,3,backpack/kuabao_red-sheet0.png,images/kuabao_red-sheet0.png,97,65,30,30,0.5,0.5
backpack,t1215,kuabao_red,run_right,0,backpack/kuabao_red-sheet0.png,images/kuabao_red-sheet0.png,1,97,30,30,0.5,0.5
backpack,t1215,kuabao_red,run_right,1,backpack/kuabao_red-sheet0.png,images/kuabao_red-sheet0.png,33,97,30,30,0.5,0.5
backpack,t1215,kuabao_red,run_right,2,backpack/kuabao_red-sheet0.png,images/kuabao_red-sheet0.png,65,97,30,30,0.5,0.5
backpack,t1215,kuabao_red,run_right,3,backpack/kuabao_red-sheet0.png,images/kuabao_red-sheet0.png,97,97,30,30,0.5,0.5
backpack,t1215,kuabao_red,run_left,0,backpack/kuabao_red-sheet1.png,images/kuabao_red-sheet1.png,1,1,30,30,0.5,0.5
backpack,t1215,kuabao_red,run_left,1,backpack/kuabao_red-sheet1.png,images/kuabao_red-sheet1.png,33,1,30,30,0.5,0.5
backpack,t1215,kuabao_red,run_left,2,backpack/kuabao_red-sheet1.png,images/kuabao_red-sheet1.png,65,1,30,30,0.5,0.5
backpack,t1215,kuabao_red,run_left,3,backpack/kuabao_red-sheet1.png,images/kuabao_red-sheet1.png,97,1,30,30,0.5,0.5
backpack,t1215,kuabao_red,axe_up,0,backpack/kuabao_red-sheet0.png,images/kuabao_red-sheet0.png,33,1,30,30,0.5,0.5
backpack,t1215,kuabao_red,axe_down,0,backpack/kuabao_red-sheet1.png,images/kuabao_red-sheet1.png,1,33,30,30,0.5,0.5
backpack,t1215,kuabao_red,axe_down,1,backpack/kuabao_red-sheet1.png,images/kuabao_red-sheet1.png,33,33,30,30,0.5,0.5
backpack,t1215,kuabao_red,axe_down,2,backpack/kuabao_red-sheet1.png,images/kuabao_red-sheet1.png,1,33,30,30,0.5,0.5
backpack,t1215,kuabao_red,axe_left,0,backpack/kuabao_red-sheet1.png,images/kuabao_red-sheet1.png,65,33,30,30,0.5,0.5
backpack,t1215,kuabao_red,axe_right,0,backpack/gui_item_backpack-sheet0.png,images/gui_item_backpack-sheet0.png,1,1,30,30,0.5,0.5
backpack,t1215,kuabao_red,pistol_up,0,backpack/kuabao_red-sheet0.png,images/kuabao_red-sheet0.png,33,1,30,30,0.5,0.5
backpack,t1215,kuabao_red,pistol_down,0,backpack/kuabao_red-sheet1.png,images/kuabao_red-sheet1.png,97,33,30,30,0.5,0.5
backpack,t1215,kuabao_red,pistol_left,0,backpack/kuabao_red-sheet1.png,images/kuabao_red-sheet1.png,1,65,30,30,0.5,0.5
backpack,t1215,kuabao_red,pistol_right,0,backpack/gui_item_backpack-sheet0.png,images/gui_item_backpack-sheet0.png,1,1,30,30,0.5,0.5
backpack,t1281,kuabao_red,idle_down,0,backpack/kuabao_red-sheet0.png,images/kuabao_red-sheet0.png,1,1,1,1,0.5,0.5
backpack,t1281,kuabao_red,idle_up,0,backpack/kuabao_red-sheet0.png,images/kuabao_red-sheet0.png,33,1,1,1,0.5,0.5
backpack,t1281,kuabao_red,idle_right,0,backpack/kuabao_red-sheet0.png,images/kuabao_red-sheet0.png,65,1,1,1,0.5,0.5
backpack,t1281,kuabao_red,idle_left,0,backpack/kuabao_red-sheet0.png,images/kuabao_red-sheet0.png,97,1,1,1,0.5,0.5
backpack,t1281,kuabao_red,run_down,0,backpack/kuabao_red-sheet0.png,images/kuabao_red-sheet0.png,1,33,1,1,0.5,0.5
backpack,t1281,kuabao_red,run_down,1,backpack/kuabao_red-sheet0.png,images/kuabao_red-sheet0.png,33,33,1,1,0.5,0.5
backpack,t1281,kuabao_red,run_down,2,backpack/kuabao_red-sheet0.png,images/kuabao_red-sheet0.png,65,33,1,1,0.5,0.5
backpack,t1281,kuabao_red,run_down,3,backpack/kuabao_red-sheet0.png,images/kuabao_red-sheet0.png,97,33,1,1,0.5,0.5
backpack,t1281,kuabao_red,run_up,0,backpack/kuabao_red-sheet0.png,images/kuabao_red-sheet0.png,1,65,1,1,0.5,0.5
backpack,t1281,kuabao_red,run_up,1,backpack/kuabao_red-sheet0.png,images/kuabao_red-sheet0.png,33,65,1,1,0.5,0.5
backpack,t1281,kuabao_red,run_up,2,backpack/kuabao_red-sheet0.png,images/kuabao_red-sheet0.png,65,65,1,1,0.5,0.5
backpack,t1281,kuabao_red,run_up,3,backpack/kuabao_red-sheet0.png,images/kuabao_red-sheet0.png,97,65,1,1,0.5,0.5
backpack,t1281,kuabao_red,run_right,0,backpack/kuabao_red-sheet0.png,images/kuabao_red-sheet0.png,1,97,1,1,0.5,0.5
backpack,t1281,kuabao_red,run_right,1,backpack/kuabao_red-sheet0.png,images/kuabao_red-sheet0.png,33,97,1,1,0.5,0.5
backpack,t1281,kuabao_red,run_right,2,backpack/kuabao_red-sheet0.png,images/kuabao_red-sheet0.png,65,97,1,1,0.5,0.5
backpack,t1281,kuabao_red,run_right,3,backpack/kuabao_red-sheet0.png,images/kuabao_red-sheet0.png,97,97,1,1,0.5,0.5
backpack,t1281,kuabao_red,run_left,0,backpack/kuabao_red-sheet1.png,images/kuabao_red-sheet1.png,1,1,1,1,0.5,0.5
backpack,t1281,kuabao_red,run_left,1,backpack/kuabao_red-sheet1.png,images/kuabao_red-sheet1.png,33,1,1,1,0.5,0.5
backpack,t1281,kuabao_red,run_left,2,backpack/kuabao_red-sheet1.png,images/kuabao_red-sheet1.png,65,1,1,1,0.5,0.5
backpack,t1281,kuabao_red,run_left,3,backpack/kuabao_red-sheet1.png,images/kuabao_red-sheet1.png,97,1,1,1,0.5,0.5
backpack,t1281,kuabao_red,axe_up,0,backpack/kuabao_red-sheet0.png,images/kuabao_red-sheet0.png,33,1,1,1,0.5,0.5
backpack,t1281,kuabao_red,axe_down,0,backpack/kuabao_red-sheet1.png,images/kuabao_red-sheet1.png,1,33,1,1,0.5,0.5
backpack,t1281,kuabao_red,axe_down,1,backpack/kuabao_red-sheet1.png,images/kuabao_red-sheet1.png,33,33,1,1,0.5,0.5
backpack,t1281,kuabao_red,axe_down,2,backpack/kuabao_red-sheet1.png,images/kuabao_red-sheet1.png,1,33,1,1,0.5,0.5
backpack,t1281,kuabao_red,axe_left,0,backpack/kuabao_red-sheet1.png,images/kuabao_red-sheet1.png,65,33,1,1,0.5,0.5
backpack,t1281,kuabao_red,axe_right,0,backpack/gui_item_backpack-sheet0.png,images/gui_item_backpack-sheet0.png,1,1,1,1,0.5,0.5
backpack,t1281,kuabao_red,pistol_up,0,backpack/kuabao_red-sheet0.png,images/kuabao_red-sheet0.png,33,1,1,1,0.5,0.5
backpack,t1281,kuabao_red,pistol_down,0,backpack/kuabao_red-sheet1.png,images/kuabao_red-sheet1.png,97,33,1,1,0.5,0.5
backpack,t1281,kuabao_red,pistol_left,0,backpack/kuabao_red-sheet1.png,images/kuabao_red-sheet1.png,1,65,1,1,0.5,0.5
backpack,t1281,kuabao_red,pistol_right,0,backpack/gui_item_backpack-sheet0.png,images/gui_item_backpack-sheet0.png,1,1,1,1,0.5,0.5
backpack,t108,civilian_tent,idle_down,0,backpack/civilian_tent-sheet0.png,images/civilian_tent-sheet0.png,1,1,30,30,0.5,0.5
backpack,t108,civilian_tent,idle_up,0,backpack/civilian_tent-sheet0.png,images/civilian_tent-sheet0.png,33,1,30,30,0.5,0.5
backpack,t108,civilian_tent,idle_right,0,backpack/civilian_tent-sheet0.png,images/civilian_tent-sheet0.png,65,1,30,30,0.5,0.5
backpack,t108,civilian_tent,idle_left,0,backpack/civilian_tent-sheet0.png,images/civilian_tent-sheet0.png,97,1,30,30,0.5,0.5
backpack,t108,civilian_tent,run_down,0,backpack/civilian_tent-sheet0.png,images/civilian_tent-sheet0.png,1,33,30,30,0.5,0.5
backpack,t108,civilian_tent,run_down,1,backpack/civilian_tent-sheet0.png,images/civilian_tent-sheet0.png,33,33,30,30,0.5,0.5
backpack,t108,civilian_tent,run_down,2,backpack/civilian_tent-sheet0.png,images/civilian_tent-sheet0.png,65,33,30,30,0.5,0.5
backpack,t108,civilian_tent,run_down,3,backpack/civilian_tent-sheet0.png,images/civilian_tent-sheet0.png,97,33,30,30,0.5,0.5
backpack,t108,civilian_tent,run_up,0,backpack/civilian_tent-sheet0.png,images/civilian_tent-sheet0.png,1,65,30,30,0.5,0.5
backpack,t108,civilian_tent,run_up,1,backpack/civilian_tent-sheet0.png,images/civilian_tent-sheet0.png,33,65,30,30,0.5,0.5
backpack,t108,civilian_tent,run_up,2,backpack/civilian_tent-sheet0.png,images/civilian_tent-sheet0.png,65,65,30,30,0.5,0.5
backpack,t108,civilian_tent,run_up,3,backpack/civilian_tent-sheet0.png,images/civilian_tent-sheet0.png,97,65,30,30,0.5,0.5
backpack,t108,civilian_tent,run_right,0,backpack/civilian_tent-sheet0.png,images/civilian_tent-sheet0.png,1,97,30,30,0.5,0.5
backpack,t108,civilian_tent,run_right,1,backpack/civilian_tent-sheet0.png,images/civilian_tent-sheet0.png,33,97,30,30,0.5,0.5
backpack,t108,civilian_tent,run_right,2,backpack/civilian_tent-sheet0.png,images/civilian_tent-sheet0.png,65,97,30,30,0.5,0.5
backpack,t108,civilian_tent,run_right,3,backpack/civilian_tent-sheet0.png,images/civilian_tent-sheet0.png,97,97,30,30,0.5,0.5
backpack,t108,civilian_tent,run_left,0,backpack/civilian_tent-sheet1.png,images/civilian_tent-sheet1.png,1,1,30,30,0.5,0.5
backpack,t108,civilian_tent,run_left,1,backpack/civilian_tent-sheet1.png,images/civilian_tent-sheet1.png,33,1,30,30,0.5,0.5
backpack,t108,civilian_tent,run_left,2,backpack/civilian_tent-sheet1.png,images/civilian_tent-sheet1.png,65,1,30,30,0.5,0.5
backpack,t108,civilian_tent,run_left,3,backpack/civilian_tent-sheet1.png,images/civilian_tent-sheet1.png,97,1,30,30,0.5,0.5
backpack,t108,civilian_tent,axe_up,0,backpack/civilian_tent-sheet0.png,images/civilian_tent-sheet0.png,33,1,30,30,0.5,0.5
backpack,t108,civilian_tent,axe_down,0,backpack/civilian_tent-sheet1.png,images/civilian_tent-sheet1.png,1,33,30,30,0.5,0.5
backpack,t108,civilian_tent,axe_down,1,backpack/civilian_tent-sheet1.png,images/civilian_tent-sheet1.png,33,33,30,30,0.5,0.5
backpack,t108,civilian_tent,axe_down,2,backpack/civilian_tent-sheet1.png,images/civilian_tent-sheet1.png,1,33,30,30,0.5,0.5
backpack,t108,civilian_tent,axe_left,0,backpack/civilian_tent-sheet1.png,images/civilian_tent-sheet1.png,65,33,30,30,0.5,0.5
backpack,t108,civilian_tent,axe_left,1,backpack/civilian_tent-sheet1.png,images/civilian_tent-sheet1.png,97,33,30,30,0.5,0.5
backpack,t108,civilian_tent,axe_left,2,backpack/civilian_tent-sheet1.png,images/civilian_tent-sheet1.png,65,33,30,30,0.5,0.5
backpack,t108,civilian_tent,axe_right,0,backpack/civilian_tent-sheet1.png,images/civilian_tent-sheet1.png,1,65,30,30,0.5,0.5
backpack,t108,civilian_tent,axe_right,1,backpack/civilian_tent-sheet1.png,images/civilian_tent-sheet1.png,33,65,30,30,0.5,0.5
backpack,t108,civilian_tent,axe_right,2,backpack/civilian_tent-sheet1.png,images/civilian_tent-sheet1.png,1,65,30,30,0.5,0.5
backpack,t108,civilian_tent,pistol_up,0,backpack/civilian_tent-sheet0.png,images/civilian_tent-sheet0.png,33,1,30,30,0.5,0.5
backpack,t108,civilian_tent,pistol_down,0,backpack/civilian_tent-sheet1.png,images/civilian_tent-sheet1.png,65,65,30,30,0.5,0.5
backpack,t108,civilian_tent,pistol_left,0,backpack/civilian_tent-sheet1.png,images/civilian_tent-sheet1.png,97,65,30,30,0.5,0.5
backpack,t108,civilian_tent,pistol_right,0,backpack/civilian_tent-sheet1.png,images/civilian_tent-sheet1.png,1,97,30,30,0.5,0.5
backpack,t50,hunter_backpack,idle_down,0,backpack/hunter_backpack-sheet0.png,images/hunter_backpack-sheet0.png,1,1,30,30,0.5,0.5
backpack,t50,hunter_backpack,idle_up,0,backpack/hunter_backpack-sheet0.png,images/hunter_backpack-sheet0.png,33,1,30,30,0.5,0.5
backpack,t50,hunter_backpack,idle_right,0,backpack/hunter_backpack-sheet0.png,images/hunter_backpack-sheet0.png,65,1,30,30,0.5,0.5
backpack,t50,hunter_backpack,idle_left,0,backpack/hunter_backpack-sheet0.png,images/hunter_backpack-sheet0.png,97,1,30,30,0.5,0.5
backpack,t50,hunter_backpack,run_down,0,backpack/hunter_backpack-sheet0.png,images/hunter_backpack-sheet0.png,1,33,30,30,0.5,0.5
backpack,t50,hunter_backpack,run_down,1,backpack/hunter_backpack-sheet0.png,images/hunter_backpack-sheet0.png,33,33,30,30,0.5,0.5
backpack,t50,hunter_backpack,run_down,2,backpack/hunter_backpack-sheet0.png,images/hunter_backpack-sheet0.png,65,33,30,30,0.5,0.5
backpack,t50,hunter_backpack,run_down,3,backpack/hunter_backpack-sheet0.png,images/hunter_backpack-sheet0.png,97,33,30,30,0.5,0.5
backpack,t50,hunter_backpack,run_up,0,backpack/hunter_backpack-sheet0.png,images/hunter_backpack-sheet0.png,1,65,30,30,0.5,0.5
backpack,t50,hunter_backpack,run_up,1,backpack/hunter_backpack-sheet0.png,images/hunter_backpack-sheet0.png,33,65,30,30,0.5,0.5
backpack,t50,hunter_backpack,run_up,2,backpack/hunter_backpack-sheet0.png,images/hunter_backpack-sheet0.png,65,65,30,30,0.5,0.5
backpack,t50,hunter_backpack,run_up,3,backpack/hunter_backpack-sheet0.png,images/hunter_backpack-sheet0.png,33,65,30,30,0.5,0.5
backpack,t50,hunter_backpack,run_right,0,backpack/hunter_backpack-sheet0.png,images/hunter_backpack-sheet0.png,97,65,30,30,0.5,0.5
backpack,t50,hunter_backpack,run_right,1,backpack/hunter_backpack-sheet0.png,images/hunter_backpack-sheet0.png,1,97,30,30,0.5,0.5
backpack,t50,hunter_backpack,run_right,2,backpack/hunter_backpack-sheet0.png,images/hunter_backpack-sheet0.png,33,97,30,30,0.5,0.5
backpack,t50,hunter_backpack,run_right,3,backpack/hunter_backpack-sheet0.png,images/hunter_backpack-sheet0.png,65,97,30,30,0.5,0.5
backpack,t50,hunter_backpack,run_left,0,backpack/hunter_backpack-sheet0.png,images/hunter_backpack-sheet0.png,97,97,30,30,0.5,0.5
backpack,t50,hunter_backpack,run_left,1,backpack/hunter_backpack-sheet1.png,images/hunter_backpack-sheet1.png,1,1,30,30,0.5,0.5
backpack,t50,hunter_backpack,run_left,2,backpack/hunter_backpack-sheet1.png,images/hunter_backpack-sheet1.png,33,1,30,30,0.5,0.5
backpack,t50,hunter_backpack,run_left,3,backpack/hunter_backpack-sheet1.png,images/hunter_backpack-sheet1.png,65,1,30,30,0.5,0.5
backpack,t50,hunter_backpack,axe_up,0,backpack/hunter_backpack-sheet1.png,images/hunter_backpack-sheet1.png,97,1,30,30,0.5,0.5
backpack,t50,hunter_backpack,axe_down,0,backpack/hunter_backpack-sheet1.png,images/hunter_backpack-sheet1.png,1,33,30,30,0.5,0.5
backpack,t50,hunter_backpack,axe_down,1,backpack/hunter_backpack-sheet1.png,images/hunter_backpack-sheet1.png,33,33,30,30,0.5,0.5
backpack,t50,hunter_backpack,axe_down,2,backpack/hunter_backpack-sheet1.png,images/hunter_backpack-sheet1.png,1,33,30,30,0.5,0.5
backpack,t50,hunter_backpack,axe_left,0,backpack/hunter_backpack-sheet1.png,images/hunter_backpack-sheet1.png,65,33,30,30,0.5,0.5
backpack,t50,hunter_backpack,axe_left,1,backpack/hunter_backpack-sheet1.png,images/hunter_backpack-sheet1.png,97,33,30,30,0.5,0.5
backpack,t50,hunter_backpack,axe_left,2,backpack/hunter_backpack-sheet1.png,images/hunter_backpack-sheet1.png,65,33,30,30,0.5,0.5
backpack,t50,hunter_backpack,axe_right,0,backpack/hunter_backpack-sheet1.png,images/hunter_backpack-sheet1.png,1,65,30,30,0.5,0.5
backpack,t50,hunter_backpack,axe_right,1,backpack/hunter_backpack-sheet1.png,images/hunter_backpack-sheet1.png,33,65,30,30,0.5,0.5
backpack,t50,hunter_backpack,axe_right,2,backpack/hunter_backpack-sheet1.png,images/hunter_backpack-sheet1.png,1,65,30,30,0.5,0.5
backpack,t50,hunter_backpack,pistol_up,0,backpack/hunter_backpack-sheet1.png,images/hunter_backpack-sheet1.png,97,1,30,30,0.5,0.5
backpack,t50,hunter_backpack,pistol_down,0,backpack/hunter_backpack-sheet1.png,images/hunter_backpack-sheet1.png,65,65,30,30,0.5,0.5
backpack,t50,hunter_backpack,pistol_left,0,backpack/hunter_backpack-sheet1.png,images/hunter_backpack-sheet1.png,97,65,30,30,0.5,0.5
backpack,t50,hunter_backpack,pistol_right,0,backpack/hunter_backpack-sheet1.png,images/hunter_backpack-sheet1.png,1,97,30,30,0.5,0.5
backpack,t104,improvised_backpack,idle_down,0,backpack/improvised_backpack-sheet0.png,images/improvised_backpack-sheet0.png,1,1,30,30,0.5,0.5
backpack,t104,improvised_backpack,idle_up,0,backpack/improvised_backpack-sheet0.png,images/improvised_backpack-sheet0.png,33,1,30,30,0.5,0.5
backpack,t104,improvised_backpack,idle_right,0,backpack/improvised_backpack-sheet0.png,images/improvised_backpack-sheet0.png,65,1,30,30,0.5,0.5
backpack,t104,improvised_backpack,idle_left,0,backpack/improvised_backpack-sheet0.png,images/improvised_backpack-sheet0.png,97,1,30,30,0.5,0.5
backpack,t104,improvised_backpack,run_down,0,backpack/improvised_backpack-sheet0.png,images/improvised_backpack-sheet0.png,1,33,30,30,0.5,0.5
backpack,t104,improvised_backpack,run_down,1,backpack/improvised_backpack-sheet0.png,images/improvised_backpack-sheet0.png,33,33,30,30,0.5,0.5
backpack,t104,improvised_backpack,run_down,2,backpack/improvised_backpack-sheet0.png,images/improvised_backpack-sheet0.png,65,33,30,30,0.5,0.5
backpack,t104,improvised_backpack,run_down,3,backpack/improvised_backpack-sheet0.png,images/improvised_backpack-sheet0.png,97,33,30,30,0.5,0.5
backpack,t104,improvised_backpack,run_up,0,backpack/improvised_backpack-sheet0.png,images/improvised_backpack-sheet0.png,1,65,30,30,0.5,0.5
backpack,t104,improvised_backpack,run_up,1,backpack/improvised_backpack-sheet0.png,images/improvised_backpack-sheet0.png,33,65,30,30,0.5,0.5
backpack,t104,improvised_backpack,run_up,2,backpack/improvised_backpack-sheet0.png,images/improvised_backpack-sheet0.png,65,65,30,30,0.5,0.5
backpack,t104,improvised_backpack,run_up,3,backpack/improvised_backpack-sheet0.png,images/improvised_backpack-sheet0.png,65,65,30,30,0.5,0.5
backpack,t104,improvised_backpack,run_right,0,backpack/improvised_backpack-sheet0.png,images/improvised_backpack-sheet0.png,97,65,30,30,0.5,0.5
backpack,t104,improvised_backpack,run_right,1,backpack/improvised_backpack-sheet0.png,images/improvised_backpack-sheet0.png,1,97,30,30,0.5,0.5
backpack,t104,improvised_backpack,run_right,2,backpack/improvised_backpack-sheet0.png,images/improvised_backpack-sheet0.png,33,97,30,30,0.5,0.5
backpack,t104,improvised_backpack,run_right,3,backpack/improvised_backpack-sheet0.png,images/improvised_backpack-sheet0.png,65,97,30,30,0.5,0.5
backpack,t104,improvised_backpack,run_left,0,backpack/improvised_backpack-sheet0.png,images/improvised_backpack-sheet0.png,97,97,30,30,0.5,0.5
backpack,t104,improvised_backpack,run_left,1,backpack/improvised_backpack-sheet1.png,images/improvised_backpack-sheet1.png,1,1,30,30,0.5,0.5
backpack,t104,improvised_backpack,run_left,2,backpack/improvised_backpack-sheet1.png,images/improvised_backpack-sheet1.png,33,1,30,30,0.5,0.5
backpack,t104,improvised_backpack,run_left,3,backpack/improvised_backpack-sheet1.png,images/improvised_backpack-sheet1.png,65,1,30,30,0.5,0.5
backpack,t104,improvised_backpack,axe_up,0,backpack/improvised_backpack-sheet0.png,images/improvised_backpack-sheet0.png,33,1,30,30,0.5,0.5
backpack,t104,improvised_backpack,axe_down,0,backpack/improvised_backpack-sheet1.png,images/improvised_backpack-sheet1.png,97,1,30,30,0.5,0.5
backpack,t104,improvised_backpack,axe_down,1,backpack/improvised_backpack-sheet1.png,images/improvised_backpack-sheet1.png,1,33,30,30,0.5,0.5
backpack,t104,improvised_backpack,axe_down,2,backpack/improvised_backpack-sheet1.png,images/improvised_backpack-sheet1.png,97,1,30,30,0.5,0.5
backpack,t104,improvised_backpack,axe_left,0,backpack/improvised_backpack-sheet1.png,images/improvised_backpack-sheet1.png,33,33,30,30,0.5,0.5
backpack,t104,improvised_backpack,axe_left,1,backpack/improvised_backpack-sheet1.png,images/improvised_backpack-sheet1.png,65,33,30,30,0.5,0.5
backpack,t104,improvised_backpack,axe_left,2,backpack/improvised_backpack-sheet1.png,images/improvised_backpack-sheet1.png,33,33,30,30,0.5,0.5
backpack,t104,improvised_backpack,axe_right,0,backpack/improvised_backpack-sheet1.png,images/improvised_backpack-sheet1.png,97,33,30,30,0.5,0.5
backpack,t104,improvised_backpack,axe_right,1,backpack/improvised_backpack-sheet1.png,images/improvised_backpack-sheet1.png,1,65,30,30,0.5,0.5
backpack,t104,improvised_backpack,axe_right,2,backpack/improvised_backpack-sheet1.png,images/improvised_backpack-sheet1.png,97,33,30,30,0.5,0.5
backpack,t104,improvised_backpack,pistol_up,0,backpack/improvised_backpack-sheet0.png,images/improvised_backpack-sheet0.png,33,1,30,30,0.5,0.5
backpack,t104,improvised_backpack,pistol_down,0,backpack/improvised_backpack-sheet1.png,images/improvised_backpack-sheet1.png,33,65,30,30,0.5,0.5
backpack,t104,improvised_backpack,pistol_left,0,backpack/improvised_backpack-sheet1.png,images/improvised_backpack-sheet1.png,65,65,30,30,0.5,0.5
backpack,t104,improvised_backpack,pistol_right,0,backpack/improvised_backpack-sheet1.png,images/improvised_backpack-sheet1.png,97,65,30,30,0.5,0.5
backpack,t103,improvised_bag,idle_down,0,backpack/improvised_bag-sheet0.png,images/improvised_bag-sheet0.png,1,1,30,30,0.5,0.5
backpack,t103,improvised_bag,idle_up,0,backpack/improvised_bag-sheet0.png,images/improvised_bag-sheet0.png,33,1,30,30,0.5,0.5
backpack,t103,improvised_bag,idle_right,0,backpack/improvised_bag-sheet0.png,images/improvised_bag-sheet0.png,65,1,30,30,0.5,0.5
backpack,t103,improvised_bag,idle_left,0,backpack/improvised_bag-sheet0.png,images/improvised_bag-sheet0.png,97,1,30,30,0.5,0.5
backpack,t103,improvised_bag,run_down,0,backpack/improvised_bag-sheet0.png,images/improvised_bag-sheet0.png,1,33,30,30,0.5,0.5
backpack,t103,improvised_bag,run_down,1,backpack/improvised_bag-sheet0.png,images/improvised_bag-sheet0.png,33,33,30,30,0.5,0.5
backpack,t103,improvised_bag,run_down,2,backpack/improvised_bag-sheet0.png,images/improvised_bag-sheet0.png,65,33,30,30,0.5,0.5
backpack,t103,improvised_bag,run_down,3,backpack/improvised_bag-sheet0.png,images/improvised_bag-sheet0.png,97,33,30,30,0.5,0.5
backpack,t103,improvised_bag,run_up,0,backpack/improvised_bag-sheet0.png,images/improvised_bag-sheet0.png,1,65,30,30,0.5,0.5
backpack,t103,improvised_bag,run_up,1,backpack/improvised_bag-sheet0.png,images/improvised_bag-sheet0.png,33,65,30,30,0.5,0.5
backpack,t103,improvised_bag,run_up,2,backpack/improvised_bag-sheet0.png,images/improvised_bag-sheet0.png,65,65,30,30,0.5,0.5
backpack,t103,improvised_bag,run_up,3,backpack/improvised_bag-sheet0.png,images/improvised_bag-sheet0.png,97,65,30,30,0.5,0.5
backpack,t103,improvised_bag,run_right,0,backpack/improvised_bag-sheet0.png,images/improvised_bag-sheet0.png,1,97,30,30,0.5,0.5
backpack,t103,improvised_bag,run_right,1,backpack/improvised_bag-sheet0.png,images/improvised_bag-sheet0.png,33,97,30,30,0.5,0.5
backpack,t103,improvised_bag,run_right,2,backpack/improvised_bag-sheet0.png,images/improvised_bag-sheet0.png,65,97,30,30,0.5,0.5
backpack,t103,improvised_bag,run_right,3,backpack/improvised_bag-sheet0.png,images/improvised_bag-sheet0.png,97,97,30,30,0.5,0.5
backpack,t103,improvised_bag,run_left,0,backpack/improvised_bag-sheet1.png,images/improvised_bag-sheet1.png,1,1,30,30,0.5,0.5
backpack,t103,improvised_bag,run_left,1,backpack/improvised_bag-sheet1.png,images/improvised_bag-sheet1.png,33,1,30,30,0.5,0.5
backpack,t103,improvised_bag,run_left,2,backpack/improvised_bag-sheet1.png,images/improvised_bag-sheet1.png,65,1,30,30,0.5,0.5
backpack,t103,improvised_bag,run_left,3,backpack/improvised_bag-sheet1.png,images/improvised_bag-sheet1.png,97,1,30,30,0.5,0.5
backpack,t103,improvised_bag,axe_up,0,backpack/improvised_bag-sheet0.png,images/improvised_bag-sheet0.png,33,1,30,30,0.5,0.5
backpack,t103,improvised_bag,axe_down,0,backpack/improvised_bag-sheet1.png,images/improvised_bag-sheet1.png,1,33,30,30,0.5,0.5
backpack,t103,improvised_bag,axe_down,1,backpack/improvised_bag-sheet1.png,images/improvised_bag-sheet1.png,33,33,30,30,0.5,0.5
backpack,t103,improvised_bag,axe_down,2,backpack/improvised_bag-sheet1.png,images/improvised_bag-sheet1.png,1,33,30,30,0.5,0.5
backpack,t103,improvised_bag,axe_left,0,backpack/improvised_bag-sheet1.png,images/improvised_bag-sheet1.png,65,33,30,30,0.5,0.5
backpack,t103,improvised_bag,axe_left,1,backpack/improvised_bag-sheet1.png,images/improvised_bag-sheet1.png,97,33,30,30,0.5,0.5
backpack,t103,improvised_bag,axe_left,2,backpack/improvised_bag-sheet1.png,images/improvised_bag-sheet1.png,65,33,30,30,0.5,0.5
backpack,t103,improvised_bag,axe_right,0,backpack/gui_item_backpack-sheet0.png,images/gui_item_backpack-sheet0.png,1,1,30,30,0.5,0.5
backpack,t103,improvised_bag,pistol_up,0,backpack/improvised_bag-sheet0.png,images/improvised_bag-sheet0.png,33,1,30,30,0.5,0.5
backpack,t103,improvised_bag,pistol_down,0,backpack/improvised_bag-sheet1.png,images/improvised_bag-sheet1.png,1,65,30,30,0.5,0.5
backpack,t103,improvised_bag,pistol_left,0,backpack/improvised_bag-sheet1.png,images/improvised_bag-sheet1.png,33,65,30,30,0.5,0.5
backpack,t103,improvised_bag,pistol_right,0,backpack/gui_item_backpack-sheet0.png,images/gui_item_backpack-sheet0.png,1,1,30,30,0.5,0.5
backpack,t43,mountain_backpack,idle_down,0,backpack/mountain_backpack-sheet0.png,images/mountain_backpack-sheet0.png,1,1,30,30,0.5,0.5
backpack,t43,mountain_backpack,idle_up,0,backpack/mountain_backpack-sheet0.png,images/mountain_backpack-sheet0.png,33,1,30,30,0.5,0.5
backpack,t43,mountain_backpack,idle_right,0,backpack/mountain_backpack-sheet0.png,images/mountain_backpack-sheet0.png,65,1,30,30,0.5,0.5
backpack,t43,mountain_backpack,idle_left,0,backpack/mountain_backpack-sheet0.png,images/mountain_backpack-sheet0.png,97,1,30,30,0.5,0.5
backpack,t43,mountain_backpack,run_down,0,backpack/mountain_backpack-sheet0.png,images/mountain_backpack-sheet0.png,1,33,30,30,0.5,0.5
backpack,t43,mountain_backpack,run_down,1,backpack/mountain_backpack-sheet0.png,images/mountain_backpack-sheet0.png,33,33,30,30,0.5,0.5
backpack,t43,mountain_backpack,run_down,2,backpack/mountain_backpack-sheet0.png,images/mountain_backpack-sheet0.png,65,33,30,30,0.5,0.5
backpack,t43,mountain_backpack,run_down,3,backpack/mountain_backpack-sheet0.png,images/mountain_backpack-sheet0.png,97,33,30,30,0.5,0.5
backpack,t43,mountain_backpack,run_up,0,backpack/mountain_backpack-sheet0.png,images/mountain_backpack-sheet0.png,1,65,30,30,0.5,0.5
backpack,t43,mountain_backpack,run_up,1,backpack/mountain_backpack-sheet0.png,images/mountain_backpack-sheet0.png,33,65,30,30,0.5,0.5
backpack,t43,mountain_backpack,run_up,2,backpack/mountain_backpack-sheet0.png,images/mountain_backpack-sheet0.png,65,65,30,30,0.5,0.5
backpack,t43,mountain_backpack,run_up,3,backpack/mountain_backpack-sheet0.png,images/mountain_backpack-sheet0.png,33,65,30,30,0.5,0.5
backpack,t43,mountain_backpack,run_right,0,backpack/mountain_backpack-sheet0.png,images/mountain_backpack-sheet0.png,97,65,30,30,0.5,0.5
backpack,t43,mountain_backpack,run_right,1,backpack/mountain_backpack-sheet0.png,images/mountain_backpack-sheet0.png,1,97,30,30,0.5,0.5
backpack,t43,mountain_backpack,run_right,2,backpack/mountain_backpack-sheet0.png,images/mountain_backpack-sheet0.png,33,97,30,30,0.5,0.5
backpack,t43,mountain_backpack,run_right,3,backpack/mountain_backpack-sheet0.png,images/mountain_backpack-sheet0.png,65,97,30,30,0.5,0.5
backpack,t43,mountain_backpack,run_left,0,backpack/mountain_backpack-sheet0.png,images/mountain_backpack-sheet0.png,97,97,30,30,0.5,0.5
backpack,t43,mountain_backpack,run_left,1,backpack/mountain_backpack-sheet1.png,images/mountain_backpack-sheet1.png,1,1,30,30,0.5,0.5
backpack,t43,mountain_backpack,run_left,2,backpack/mountain_backpack-sheet1.png,images/mountain_backpack-sheet1.png,33,1,30,30,0.5,0.5
backpack,t43,mountain_backpack,run_left,3,backpack/mountain_backpack-sheet1.png,images/mountain_backpack-sheet1.png,65,1,30,30,0.5,0.5
backpack,t43,mountain_backpack,axe_up,0,backpack/mountain_backpack-sheet1.png,images/mountain_backpack-sheet1.png,97,1,30,30,0.5,0.5
backpack,t43,mountain_backpack,axe_down,0,backpack/mountain_backpack-sheet1.png,images/mountain_backpack-sheet1.png,1,33,30,30,0.5,0.5
backpack,t43,mountain_backpack,axe_down,1,backpack/mountain_backpack-sheet1.png,images/mountain_backpack-sheet1.png,33,33,30,30,0.5,0.5
backpack,t43,mountain_backpack,axe_down,2,backpack/mountain_backpack-sheet1.png,images/mountain_backpack-sheet1.png,1,33,30,30,0.5,0.5
backpack,t43,mountain_backpack,axe_left,0,backpack/mountain_backpack-sheet1.png,images/mountain_backpack-sheet1.png,65,33,30,30,0.5,0.5
backpack,t43,mountain_backpack,axe_left,1,backpack/mountain_backpack-sheet1.png,images/mountain_backpack-sheet1.png,97,33,30,30,0.5,0.5
backpack,t43,mountain_backpack,axe_left,2,backpack/mountain_backpack-sheet1.png,images/mountain_backpack-sheet1.png,65,33,30,30,0.5,0.5
backpack,t43,mountain_backpack,axe_right,0,backpack/mountain_backpack-sheet1.png,images/mountain_backpack-sheet1.png,1,65,30,30,0.5,0.5
backpack,t43,mountain_backpack,axe_right,1,backpack/mountain_backpack-sheet1.png,images/mountain_backpack-sheet1.png,33,65,30,30,0.5,0.5
backpack,t43,mountain_backpack,axe_right,2,backpack/mountain_backpack-sheet1.png,images/mountain_backpack-sheet1.png,1,65,30,30,0.5,0.5
backpack,t43,mountain_backpack,pistol_up,0,backpack/mountain_backpack-sheet1.png,images/mountain_backpack-sheet1.png,65,65,30,30,0.5,0.5
backpack,t43,mountain_backpack,pistol_down,0,backpack/mountain_backpack-sheet1.png,images/mountain_backpack-sheet1.png,97,65,30,30,0.5,0.5
backpack,t43,mountain_backpack,pistol_left,0,backpack/mountain_backpack-sheet1.png,images/mountain_backpack-sheet1.png,1,97,30,30,0.5,0.5
backpack,t43,mountain_backpack,pistol_right,0,backpack/mountain_backpack-sheet1.png,images/mountain_backpack-sheet1.png,33,97,30,30,0.5,0.5
backpack,t1390,fire_backpack,idle_down,0,backpack/fire_backpack-sheet0.png,images/fire_backpack-sheet0.png,1,1,30,30,0.5,0.5
backpack,t1390,fire_backpack,idle_up,0,backpack/fire_backpack-sheet0.png,images/fire_backpack-sheet0.png,33,1,30,30,0.5,0.5
backpack,t1390,fire_backpack,idle_right,0,backpack/fire_backpack-sheet0.png,images/fire_backpack-sheet0.png,65,1,30,30,0.5,0.5
backpack,t1390,fire_backpack,idle_left,0,backpack/fire_backpack-sheet0.png,images/fire_backpack-sheet0.png,97,1,30,30,0.5,0.5
backpack,t1390,fire_backpack,run_down,0,backpack/fire_backpack-sheet0.png,images/fire_backpack-sheet0.png,1,33,30,30,0.5,0.5
backpack,t1390,fire_backpack,run_down,1,backpack/fire_backpack-sheet0.png,images/fire_backpack-sheet0.png,33,33,30,30,0.5,0.5
backpack,t1390,fire_backpack,run_down,2,backpack/fire_backpack-sheet0.png,images/fire_backpack-sheet0.png,65,33,30,30,0.5,0.5
backpack,t1390,fire_backpack,run_down,3,backpack/fire_backpack-sheet0.png,images/fire_backpack-sheet0.png,97,33,30,30,0.5,0.5
backpack,t1390,fire_backpack,run_up,0,backpack/fire_backpack-sheet0.png,images/fire_backpack-sheet0.png,1,65,30,30,0.5,0.5
backpack,t1390,fire_backpack,run_up,1,backpack/fire_backpack-sheet0.png,images/fire_backpack-sheet0.png,33,65,30,30,0.5,0.5
backpack,t1390,fire_backpack,run_up,2,backpack/fire_backpack-sheet0.png,images/fire_backpack-sheet0.png,65,65,30,30,0.5,0.5
backpack,t1390,fire_backpack,run_up,3,backpack/fire_backpack-sheet0.png,images/fire_backpack-sheet0.png,33,65,30,30,0.5,0.5
backpack,t1390,fire_backpack,run_right,0,backpack/fire_backpack-sheet0.png,images/fire_backpack-sheet0.png,97,65,30,30,0.5,0.5
backpack,t1390,fire_backpack,run_right,1,backpack/fire_backpack-sheet0.png,images/fire_backpack-sheet0.png,1,97,30,30,0.5,0.5
backpack,t1390,fire_backpack,run_right,2,backpack/fire_backpack-sheet0.png,images/fire_backpack-sheet0.png,33,97,30,30,0.5,0.5
backpack,t1390,fire_backpack,run_right,3,backpack/fire_backpack-sheet0.png,images/fire_backpack-sheet0.png,65,97,30,30,0.5,0.5
backpack,t1390,fire_backpack,run_left,0,backpack/fire_backpack-sheet0.png,images/fire_backpack-sheet0.png,97,97,30,30,0.5,0.5
backpack,t1390,fire_backpack,run_left,1,backpack/fire_backpack-sheet1.png,images/fire_backpack-sheet1.png,1,1,30,30,0.5,0.5
backpack,t1390,fire_backpack,run_left,2,backpack/fire_backpack-sheet1.png,images/fire_backpack-sheet1.png,33,1,30,30,0.5,0.5
backpack,t1390,fire_backpack,run_left,3,backpack/fire_backpack-sheet1.png,images/fire_backpack-sheet1.png,65,1,30,30,0.5,0.5
backpack,t1390,fire_backpack,axe_up,0,backpack/fire_backpack-sheet1.png,images/fire_backpack-sheet1.png,97,1,30,30,0.5,0.5
backpack,t1390,fire_backpack,axe_down,0,backpack/fire_backpack-sheet1.png,images/fire_backpack-sheet1.png,1,33,30,30,0.5,0.5
backpack,t1390,fire_backpack,axe_down,1,backpack/fire_backpack-sheet1.png,images/fire_backpack-sheet1.png,33,33,30,30,0.5,0.5
backpack,t1390,fire_backpack,axe_down,2,backpack/fire_backpack-sheet1.png,images/fire_backpack-sheet1.png,1,33,30,30,0.5,0.5
backpack,t1390,fire_backpack,axe_left,0,backpack/fire_backpack-sheet1.png,images/fire_backpack-sheet1.png,65,33,30,30,0.5,0.5
backpack,t1390,fire_backpack,axe_left,1,backpack/fire_backpack-sheet1.png,images/fire_backpack-sheet1.png,97,33,30,30,0.5,0.5
backpack,t1390,fire_backpack,axe_left,2,backpack/fire_backpack-sheet1.png,images/fire_backpack-sheet1.png,65,33,30,30,0.5,0.5
backpack,t1390,fire_backpack,axe_right,0,backpack/fire_backpack-sheet1.png,images/fire_backpack-sheet1.png,1,65,30,30,0.5,0.5
backpack,t1390,fire_backpack,axe_right,1,backpack/fire_backpack-sheet1.png,images/fire_backpack-sheet1.png,33,65,30,30,0.5,0.5
backpack,t1390,fire_backpack,axe_right,2,backpack/fire_backpack-sheet1.png,images/fire_backpack-sheet1.png,1,65,30,30,0.5,0.5
backpack,t1390,fire_backpack,pistol_up,0,backpack/fire_backpack-sheet1.png,images/fire_backpack-sheet1.png,65,65,30,30,0.5,0.5
backpack,t1390,fire_backpack,pistol_down,0,backpack/fire_backpack-sheet1.png,images/fire_backpack-sheet1.png,97,65,30,30,0.5,0.5
backpack,t1390,fire_backpack,pistol_left,0,backpack/fire_backpack-sheet1.png,images/fire_backpack-sheet1.png,1,97,30,30,0.5,0.5
backpack,t1390,fire_backpack,pistol_right,0,backpack/fire_backpack-sheet1.png,images/fire_backpack-sheet1.png,33,97,30,30,0.5,0.5
backpack,t96,school_backpack,idle_down,0,backpack/school_backpack-sheet0.png,images/school_backpack-sheet0.png,1,1,30,30,0.5,0.5
backpack,t96,school_backpack,idle_up,0,backpack/school_backpack-sheet0.png,images/school_backpack-sheet0.png,33,1,30,30,0.5,0.5
backpack,t96,school_backpack,idle_right,0,backpack/school_backpack-sheet0.png,images/school_backpack-sheet0.png,65,1,30,30,0.5,0.5
backpack,t96,school_backpack,idle_left,0,backpack/school_backpack-sheet0.png,images/school_backpack-sheet0.png,97,1,30,30,0.5,0.5
backpack,t96,school_backpack,run_down,0,backpack/school_backpack-sheet0.png,images/school_backpack-sheet0.png,1,33,30,30,0.5,0.5
backpack,t96,school_backpack,run_down,1,backpack/school_backpack-sheet0.png,images/school_backpack-sheet0.png,33,33,30,30,0.5,0.5
backpack,t96,school_backpack,run_down,2,backpack/school_backpack-sheet0.png,images/school_backpack-sheet0.png,65,33,30,30,0.5,0.5
backpack,t96,school_backpack,run_down,3,backpack/school_backpack-sheet0.png,images/school_backpack-sheet0.png,97,33,30,30,0.5,0.5
backpack,t96,school_backpack,run_up,0,backpack/school_backpack-sheet0.png,images/school_backpack-sheet0.png,1,65,30,30,0.5,0.5
backpack,t96,school_backpack,run_up,1,backpack/school_backpack-sheet0.png,images/school_backpack-sheet0.png,33,65,30,30,0.5,0.5
backpack,t96,school_backpack,run_up,2,backpack/school_backpack-sheet0.png,images/school_backpack-sheet0.png,65,65,30,30,0.5,0.5
backpack,t96,school_backpack,run_up,3,backpack/school_backpack-sheet0.png,images/school_backpack-sheet0.png,97,65,30,30,0.5,0.5
backpack,t96,school_backpack,run_right,0,backpack/school_backpack-sheet0.png,images/school_backpack-sheet0.png,1,97,30,30,0.5,0.5
backpack,t96,school_backpack,run_right,1,backpack/school_backpack-sheet0.png,images/school_backpack-sheet0.png,33,97,30,30,0.5,0.5
backpack,t96,school_backpack,run_right,2,backpack/school_backpack-sheet0.png,images/school_backpack-sheet0.png,65,97,30,30,0.5,0.5
backpack,t96,school_backpack,run_right,3,backpack/school_backpack-sheet0.png,images/school_backpack-sheet0.png,97,97,30,30,0.5,0.5
backpack,t96,school_backpack,run_left,0,backpack/school_backpack-sheet1.png,images/school_backpack-sheet1.png,1,1,30,30,0.5,0.5
backpack,t96,school_backpack,run_left,1,backpack/school_backpack-sheet1.png,images/school_backpack-sheet1.png,33,1,30,30,0.5,0.5
backpack,t96,school_backpack,run_left,2,backpack/school_backpack-sheet1.png,images/school_backpack-sheet1.png,65,1,30,30,0.5,0.5
backpack,t96,school_backpack,run_left,3,backpack/school_backpack-sheet1.png,images/school_backpack-sheet1.png,97,1,30,30,0.5,0.5
backpack,t96,school_backpack,axe_up,0,backpack/school_backpack-sheet0.png,images/school_backpack-sheet0.png,97,65,30,30,0.5,0.5
backpack,t96,school_backpack,axe_down,0,backpack/school_backpack-sheet1.png,images/school_backpack-sheet1.png,1,33,30,30,0.5,0.5
backpack,t96,school_backpack,axe_down,1,backpack/school_backpack-sheet1.png,images/school_backpack-sheet1.png,33,33,30,30,0.5,0.5
backpack,t96,school_backpack,axe_down,2,backpack/school_backpack-sheet1.png,images/school_backpack-sheet1.png,1,33,30,30,0.5,0.5
backpack,t96,school_backpack,axe_left,0,backpack/school_backpack-sheet1.png,images/school_backpack-sheet1.png,65,33,30,30,0.5,0.5
backpack,t96,school_backpack,axe_left,1,backpack/school_backpack-sheet1.png,images/school_backpack-sheet1.png,97,33,30,30,0.5,0.5
backpack,t96,school_backpack,axe_left,2,backpack/school_backpack-sheet1.png,images/school_backpack-sheet1.png,65,33,30,30,0.5,0.5
backpack,t96,school_backpack,axe_right,0,backpack/school_backpack-sheet1.png,images/school_backpack-sheet1.png,1,65,30,30,0.5,0.5
backpack,t96,school_backpack,axe_right,1,backpack/school_backpack-sheet1.png,images/school_backpack-sheet1.png,33,65,30,30,0.5,0.5
backpack,t96,school_backpack,axe_right,2,backpack/school_backpack-sheet1.png,images/school_backpack-sheet1.png,1,65,30,30,0.5,0.5
backpack,t96,school_backpack,pistol_up,0,backpack/school_backpack-sheet0.png,images/school_backpack-sheet0.png,97,65,30,30,0.5,0.5
backpack,t96,school_backpack,pistol_down,0,backpack/school_backpack-sheet1.png,images/school_backpack-sheet1.png,65,65,30,30,0.5,0.5
backpack,t96,school_backpack,pistol_left,0,backpack/school_backpack-sheet1.png,images/school_backpack-sheet1.png,97,65,30,30,0.5,0.5
backpack,t96,school_backpack,pistol_right,0,backpack/school_backpack-sheet1.png,images/school_backpack-sheet1.png,1,97,30,30,0.5,0.5
backpack,t95,taloon_backpack,idle_down,0,backpack/taloon_backpack-sheet0.png,images/taloon_backpack-sheet0.png,1,1,30,30,0.5,0.5
backpack,t95,taloon_backpack,run_down,0,backpack/taloon_backpack-sheet0.png,images/taloon_backpack-sheet0.png,33,1,30,30,0.5,0.5
backpack,t95,taloon_backpack,run_down,1,backpack/taloon_backpack-sheet0.png,images/taloon_backpack-sheet0.png,65,1,30,30,0.5,0.5
backpack,t95,taloon_backpack,run_down,2,backpack/taloon_backpack-sheet0.png,images/taloon_backpack-sheet0.png,97,1,30,30,0.5,0.5
backpack,t95,taloon_backpack,run_down,3,backpack/taloon_backpack-sheet0.png,images/taloon_backpack-sheet0.png,1,33,30,30,0.5,0.5
backpack,t95,taloon_backpack,idle_up,0,backpack/taloon_backpack-sheet0.png,images/taloon_backpack-sheet0.png,33,33,30,30,0.5,0.5
backpack,t95,taloon_backpack,run_up,0,backpack/taloon_backpack-sheet0.png,images/taloon_backpack-sheet0.png,65,33,30,30,0.5,0.5
backpack,t95,taloon_backpack,run_up,1,backpack/taloon_backpack-sheet0.png,images/taloon_backpack-sheet0.png,97,33,30,30,0.5,0.5
backpack,t95,taloon_backpack,run_up,2,backpack/taloon_backpack-sheet0.png,images/taloon_backpack-sheet0.png,1,65,30,30,0.5,0.5
backpack,t95,taloon_backpack,run_up,3,backpack/taloon_backpack-sheet0.png,images/taloon_backpack-sheet0.png,97,33,30,30,0.5,0.5
backpack,t95,taloon_backpack,idle_right,0,backpack/taloon_backpack-sheet0.png,images/taloon_backpack-sheet0.png,33,65,30,30,0.5,0.5
backpack,t95,taloon_backpack,run_right,0,backpack/taloon_backpack-sheet0.png,images/taloon_backpack-sheet0.png,65,65,30,30,0.5,0.5
backpack,t95,taloon_backpack,run_right,1,backpack/taloon_backpack-sheet0.png,images/taloon_backpack-sheet0.png,97,65,30,30,0.5,0.5
backpack,t95,taloon_backpack,run_right,2,backpack/taloon_backpack-sheet0.png,images/taloon_backpack-sheet0.png,1,97,30,30,0.5,0.5
backpack,t95,taloon_backpack,run_right,3,backpack/taloon_backpack-sheet0.png,images/taloon_backpack-sheet0.png,33,97,30,30,0.5,0.5
backpack,t95,taloon_backpack,idle_left,0,backpack/taloon_backpack-sheet0.png,images/taloon_backpack-sheet0.png,65,97,30,30,0.5,0.5
backpack,t95,taloon_backpack,run_left,0,backpack/taloon_backpack-sheet0.png,images/taloon_backpack-sheet0.png,97,97,30,30,0.5,0.5
backpack,t95,taloon_backpack,run_left,1,backpack/taloon_backpack-sheet1.png,images/taloon_backpack-sheet1.png,1,1,30,30,0.5,0.5
backpack,t95,taloon_backpack,run_left,2,backpack/taloon_backpack-sheet1.png,images/taloon_backpack-sheet1.png,33,1,30,30,0.5,0.5
backpack,t95,taloon_backpack,run_left,3,backpack/taloon_backpack-sheet1.png,images/taloon_backpack-sheet1.png,65,1,30,30,0.5,0.5
backpack,t95,taloon_backpack,axe_up,0,backpack/taloon_backpack-sheet0.png,images/taloon_backpack-sheet0.png,33,33,30,30,0.5,0.5
backpack,t95,taloon_backpack,axe_down,0,backpack/taloon_backpack-sheet1.png,images/taloon_backpack-sheet1.png,97,1,30,30,0.5,0.5
backpack,t95,taloon_backpack,axe_down,1,backpack/taloon_backpack-sheet1.png,images/taloon_backpack-sheet1.png,1,33,30,30,0.5,0.5
backpack,t95,taloon_backpack,axe_down,2,backpack/taloon_backpack-sheet1.png,images/taloon_backpack-sheet1.png,97,1,30,30,0.5,0.5
backpack,t95,taloon_backpack,axe_left,0,backpack/taloon_backpack-sheet1.png,images/taloon_backpack-sheet1.png,33,33,30,30,0.5,0.5
backpack,t95,taloon_backpack,axe_left,1,backpack/taloon_backpack-sheet1.png,images/taloon_backpack-sheet1.png,65,33,30,30,0.5,0.5
backpack,t95,taloon_backpack,axe_left,2,backpack/taloon_backpack-sheet1.png,images/taloon_backpack-sheet1.png,33,33,30,30,0.5,0.5
backpack,t95,taloon_backpack,axe_right,0,backpack/taloon_backpack-sheet1.png,images/taloon_backpack-sheet1.png,97,33,30,30,0.5,0.5
backpack,t95,taloon_backpack,axe_right,1,backpack/taloon_backpack-sheet1.png,images/taloon_backpack-sheet1.png,1,65,30,30,0.5,0.5
backpack,t95,taloon_backpack,axe_right,2,backpack/taloon_backpack-sheet1.png,images/taloon_backpack-sheet1.png,97,33,30,30,0.5,0.5
backpack,t95,taloon_backpack,pistol_up,0,backpack/taloon_backpack-sheet1.png,images/taloon_backpack-sheet1.png,33,65,30,30,0.5,0.5
backpack,t95,taloon_backpack,pistol_down,0,backpack/taloon_backpack-sheet1.png,images/taloon_backpack-sheet1.png,1,33,30,30,0.5,0.5
backpack,t95,taloon_backpack,pistol_left,0,backpack/taloon_backpack-sheet1.png,images/taloon_backpack-sheet1.png,65,33,30,30,0.5,0.5
backpack,t95,taloon_backpack,pistol_right,0,backpack/taloon_backpack-sheet1.png,images/taloon_backpack-sheet1.png,1,65,30,30,0.5,0.5
backpack,t457,hunter_backpack,twohand_down,0,backpack/hunter_backpack-sheet0.png,images/hunter_backpack-sheet0.png,1,1,30,30,0.5,0.5
backpack,t457,hunter_backpack,twohand_up,0,backpack/tortilla_backpack-sheet0.png,images/tortilla_backpack-sheet0.png,1,1,30,30,0.5,0.5
backpack,t457,hunter_backpack,twohand_right,0,backpack/tortilla_backpack-sheet0.png,images/tortilla_backpack-sheet0.png,33,1,30,30,0.5,0.5
backpack,t457,hunter_backpack,twohand_left,0,backpack/tortilla_backpack-sheet0.png,images/tortilla_backpack-sheet0.png,65,1,30,30,0.5,0.5
backpack,t457,hunter_backpack,run_down,0,backpack/tortilla_backpack-sheet0.png,images/tortilla_backpack-sheet0.png,97,1,30,30,0.5,0.5
backpack,t457,hunter_backpack,run_down,1,backpack/tortilla_backpack-sheet0.png,images/tortilla_backpack-sheet0.png,1,33,30,30,0.5,0.5
backpack,t457,hunter_backpack,run_down,2,backpack/tortilla_backpack-sheet0.png,images/tortilla_backpack-sheet0.png,33,33,30,30,0.5,0.5
backpack,t457,hunter_backpack,run_down,3,backpack/tortilla_backpack-sheet0.png,images/tortilla_backpack-sheet0.png,65,33,30,30,0.5,0.5
backpack,t457,hunter_backpack,run_up,0,backpack/tortilla_backpack-sheet0.png,images/tortilla_backpack-sheet0.png,97,33,30,30,0.5,0.5
backpack,t457,hunter_backpack,run_up,1,backpack/tortilla_backpack-sheet0.png,images/tortilla_backpack-sheet0.png,1,65,30,30,0.5,0.5
backpack,t457,hunter_backpack,run_up,2,backpack/tortilla_backpack-sheet0.png,images/tortilla_backpack-sheet0.png,33,65,30,30,0.5,0.5
backpack,t457,hunter_backpack,run_up,3,backpack/tortilla_backpack-sheet0.png,images/tortilla_backpack-sheet0.png,1,65,30,30,0.5,0.5
backpack,t457,hunter_backpack,run_right,0,backpack/tortilla_backpack-sheet0.png,images/tortilla_backpack-sheet0.png,65,65,30,30,0.5,0.5
backpack,t457,hunter_backpack,run_right,1,backpack/tortilla_backpack-sheet0.png,images/tortilla_backpack-sheet0.png,97,65,30,30,0.5,0.5
backpack,t457,hunter_backpack,run_right,2,backpack/tortilla_backpack-sheet0.png,images/tortilla_backpack-sheet0.png,1,97,30,30,0.5,0.5
backpack,t457,hunter_backpack,run_right,3,backpack/tortilla_backpack-sheet0.png,images/tortilla_backpack-sheet0.png,33,97,30,30,0.5,0.5
backpack,t457,hunter_backpack,run_left,0,backpack/tortilla_backpack-sheet0.png,images/tortilla_backpack-sheet0.png,65,97,30,30,0.5,0.5
backpack,t457,hunter_backpack,run_left,1,backpack/tortilla_backpack-sheet0.png,images/tortilla_backpack-sheet0.png,97,97,30,30,0.5,0.5
backpack,t457,hunter_backpack,run_left,2,backpack/tortilla_backpack-sheet1.png,images/tortilla_backpack-sheet1.png,1,1,30,30,0.5,0.5
backpack,t457,hunter_backpack,run_left,3,backpack/tortilla_backpack-sheet1.png,images/tortilla_backpack-sheet1.png,33,1,30,30,0.5,0.5
backpack,t457,hunter_backpack,axe_up,0,backpack/tortilla_backpack-sheet1.png,images/tortilla_backpack-sheet1.png,65,1,30,30,0.5,0.5
backpack,t457,hunter_backpack,axe_down,0,backpack/tortilla_backpack-sheet1.png,images/tortilla_backpack-sheet1.png,97,1,30,30,0.5,0.5
backpack,t457,hunter_backpack,axe_down,1,backpack/tortilla_backpack-sheet1.png,images/tortilla_backpack-sheet1.png,1,33,30,30,0.5,0.5
backpack,t457,hunter_backpack,axe_down,2,backpack/tortilla_backpack-sheet1.png,images/tortilla_backpack-sheet1.png,97,1,30,30,0.5,0.5
backpack,t457,hunter_backpack,axe_left,0,backpack/tortilla_backpack-sheet1.png,images/tortilla_backpack-sheet1.png,33,33,30,30,0.5,0.5
backpack,t457,hunter_backpack,axe_left,1,backpack/tortilla_backpack-sheet1.png,images/tortilla_backpack-sheet1.png,65,33,30,30,0.5,0.5
backpack,t457,hunter_backpack,axe_left,2,backpack/tortilla_backpack-sheet1.png,images/tortilla_backpack-sheet1.png,33,33,30,30,0.5,0.5
backpack,t457,hunter_backpack,axe_right,0,backpack/tortilla_backpack-sheet1.png,images/tortilla_backpack-sheet1.png,97,33,30,30,0.5,0.5
backpack,t457,hunter_backpack,axe_right,1,backpack/tortilla_backpack-sheet1.png,images/tortilla_backpack-sheet1.png,1,65,30,30,0.5,0.5
backpack,t457,hunter_backpack,axe_right,2,backpack/tortilla_backpack-sheet1.png,images/tortilla_backpack-sheet1.png,97,33,30,30,0.5,0.5
backpack,t457,hunter_backpack,pistol_up,0,backpack/tortilla_backpack-sheet1.png,images/tortilla_backpack-sheet1.png,65,1,30,30,0.5,0.5
backpack,t457,hunter_backpack,pistol_down,0,backpack/tortilla_backpack-sheet1.png,images/tortilla_backpack-sheet1.png,33,65,30,30,0.5,0.5
backpack,t457,hunter_backpack,pistol_left,0,backpack/tortilla_backpack-sheet1.png,images/tortilla_backpack-sheet1.png,65,65,30,30,0.5,0.5
backpack,t457,hunter_backpack,pistol_right,0,backpack/tortilla_backpack-sheet1.png,images/tortilla_backpack-sheet1.png,97,65,30,30,0.5,0.5
backpack,t457,hunter_backpack,idle_down,0,backpack/tortilla_backpack-sheet1.png,images/tortilla_backpack-sheet1.png,1,97,30,30,0.5,0.5
backpack,t457,hunter_backpack,idle_up,0,backpack/tortilla_backpack-sheet1.png,images/tortilla_backpack-sheet1.png,65,1,30,30,0.5,0.5
backpack,t457,hunter_backpack,idle_right,0,backpack/tortilla_backpack-sheet1.png,images/tortilla_backpack-sheet1.png,33,97,30,30,0.5,0.5
backpack,t457,hunter_backpack,idle_left,0,backpack/tortilla_backpack-sheet0.png,images/tortilla_backpack-sheet0.png,65,1,30,30,0.5,0.5
mask,t74,balaklava,idle_down,0,mask/balaklava-sheet0.png,images/balaklava-sheet0.png,1,1,30,30,0.5,0.5
mask,t74,balaklava,idle_up,0,mask/balaklava-sheet0.png,images/balaklava-sheet0.png,33,1,30,30,0.5,0.5
mask,t74,balaklava,idle_right,0,mask/balaklava-sheet0.png,images/balaklava-sheet0.png,65,1,30,30,0.5,0.5
mask,t74,balaklava,idle_left,0,mask/balaklava-sheet0.png,images/balaklava-sheet0.png,97,1,30,30,0.5,0.5
mask,t74,balaklava,run_down,0,mask/balaklava-sheet0.png,images/balaklava-sheet0.png,1,33,30,30,0.5,0.5
mask,t74,balaklava,run_down,1,mask/balaklava-sheet0.png,images/balaklava-sheet0.png,1,33,30,30,0.5,0.5
mask,t74,balaklava,run_down,2,mask/balaklava-sheet0.png,images/balaklava-sheet0.png,33,33,30,30,0.5,0.5
mask,t74,balaklava,run_down,3,mask/balaklava-sheet0.png,images/balaklava-sheet0.png,65,33,30,30,0.5,0.5
mask,t74,balaklava,run_up,0,mask/balaklava-sheet0.png,images/balaklava-sheet0.png,97,33,30,30,0.5,0.5
mask,t74,balaklava,run_up,1,mask/balaklava-sheet0.png,images/balaklava-sheet0.png,1,65,30,30,0.5,0.5
mask,t74,balaklava,run_up,2,mask/balaklava-sheet0.png,images/balaklava-sheet0.png,97,33,30,30,0.5,0.5
mask,t74,balaklava,run_up,3,mask/balaklava-sheet0.png,images/balaklava-sheet0.png,33,65,30,30,0.5,0.5
mask,t74,balaklava,run_right,0,mask/balaklava-sheet0.png,images/balaklava-sheet0.png,65,65,30,30,0.5,0.5
mask,t74,balaklava,run_right,1,mask/balaklava-sheet0.png,images/balaklava-sheet0.png,97,65,30,30,0.5,0.5
mask,t74,balaklava,run_right,2,mask/balaklava-sheet0.png,images/balaklava-sheet0.png,97,65,30,30,0.5,0.5
mask,t74,balaklava,run_right,3,mask/balaklava-sheet0.png,images/balaklava-sheet0.png,1,97,30,30,0.5,0.5
mask,t74,balaklava,run_left,0,mask/balaklava-sheet0.png,images/balaklava-sheet0.png,33,97,30,30,0.5,0.5
mask,t74,balaklava,run_left,1,mask/balaklava-sheet0.png,images/balaklava-sheet0.png,65,97,30,30,0.5,0.5
mask,t74,balaklava,run_left,2,mask/balaklava-sheet0.png,images/balaklava-sheet0.png,65,97,30,30,0.5,0.5
mask,t74,balaklava,run_left,3,mask/balaklava-sheet0.png,images/balaklava-sheet0.png,97,97,30,30,0.5,0.5
mask,t74,balaklava,axe_up,0,mask/balaklava-sheet0.png,images/balaklava-sheet0.png,33,65,30,30,0.5,0.5
mask,t74,balaklava,axe_down,0,mask/balaklava-sheet1.png,images/balaklava-sheet1.png,1,1,30,30,0.5,0.5
mask,t74,balaklava,axe_down,1,mask/balaklava-sheet1.png,images/balaklava-sheet1.png,33,1,30,30,0.5,0.5
mask,t74,balaklava,axe_down,2,mask/balaklava-sheet1.png,images/balaklava-sheet1.png,1,1,30,30,0.5,0.5
mask,t74,balaklava,axe_left,0,mask/balaklava-sheet1.png,images/balaklava-sheet1.png,65,1,30,30,0.5,0.5
mask,t74,balaklava,axe_right,0,mask/balaklava-sheet1.png,images/balaklava-sheet1.png,97,1,30,30,0.5,0.5
mask,t74,balaklava,pistol_up,0,mask/balaklava-sheet0.png,images/balaklava-sheet0.png,33,1,30,30,0.5,0.5
mask,t74,balaklava,pistol_down,0,mask/balaklava-sheet1.png,images/balaklava-sheet1.png,1,33,30,30,0.5,0.5
mask,t74,balaklava,pistol_left,0,mask/balaklava-sheet0.png,images/balaklava-sheet0.png,97,1,30,30,0.5,0.5
mask,t74,balaklava,pistol_right,0,mask/balaklava-sheet0.png,images/balaklava-sheet0.png,65,1,30,30,0.5,0.5
mask,t74,balaklava,using_item,0,mask/balaklava-sheet1.png,images/balaklava-sheet1.png,33,33,30,30,0.5,0.5
mask,t462,bandana,twohand_down,0,mask/bandana-sheet0.png,images/bandana-sheet0.png,1,1,30,30,0.5,0.5
mask,t462,bandana,twohand_up,0,mask/bandana-sheet0.png,images/bandana-sheet0.png,33,1,30,30,0.5,0.5
mask,t462,bandana,twohand_right,0,mask/bandana-sheet0.png,images/bandana-sheet0.png,65,1,30,30,0.5,0.5
mask,t462,bandana,twohand_left,0,mask/bandana-sheet0.png,images/bandana-sheet0.png,97,1,30,30,0.5,0.5
mask,t462,bandana,idle_down,0,mask/bandana-sheet0.png,images/bandana-sheet0.png,1,1,30,30,0.5,0.5
mask,t462,bandana,idle_up,0,mask/bandana-sheet0.png,images/bandana-sheet0.png,33,1,30,30,0.5,0.5
mask,t462,bandana,idle_right,0,mask/bandana-sheet0.png,images/bandana-sheet0.png,65,1,30,30,0.5,0.5
mask,t462,bandana,idle_left,0,mask/bandana-sheet0.png,images/bandana-sheet0.png,97,1,30,30,0.5,0.5
mask,t462,bandana,run_down,0,mask/bandana-sheet0.png,images/bandana-sheet0.png,1,33,30,30,0.5,0.5
mask,t462,bandana,run_down,1,mask/bandana-sheet0.png,images/bandana-sheet0.png,1,33,30,30,0.5,0.5
mask,t462,bandana,run_down,2,mask/bandana-sheet0.png,images/bandana-sheet0.png,33,33,30,30,0.5,0.5
mask,t462,bandana,run_down,3,mask/bandana-sheet0.png,images/bandana-sheet0.png,65,33,30,30,0.5,0.5
mask,t462,bandana,run_up,0,mask/bandana-sheet0.png,images/bandana-sheet0.png,97,33,30,30,0.5,0.5
mask,t462,bandana,run_up,1,mask/bandana-sheet0.png,images/bandana-sheet0.png,1,65,30,30,0.5,0.5
mask,t462,bandana,run_up,2,mask/bandana-sheet0.png,images/bandana-sheet0.png,97,33,30,30,0.5,0.5
mask,t462,bandana,run_up,3,mask/bandana-sheet0.png,images/bandana-sheet0.png,33,65,30,30,0.5,0.5
mask,t462,bandana,run_right,0,mask/bandana-sheet0.png,images/bandana-sheet0.png,65,65,30,30,0.5,0.5
mask,t462,bandana,run_right,1,mask/bandana-sheet0.png,images/bandana-sheet0.png,97,65,30,30,0.5,0.5
mask,t462,bandana,run_right,2,mask/bandana-sheet0.png,images/bandana-sheet0.png,1,97,30,30,0.5,0.5
mask,t462,bandana,run_right,3,mask/bandana-sheet0.png,images/bandana-sheet0.png,33,97,30,30,0.5,0.5
mask,t462,bandana,run_left,0,mask/bandana-sheet0.png,images/bandana-sheet0.png,65,97,30,30,0.5,0.5
mask,t462,bandana,run_left,1,mask/bandana-sheet0.png,images/bandana-sheet0.png,97,97,30,30,0.5,0.5
mask,t462,bandana,run_left,2,mask/bandana-sheet1.png,images/bandana-sheet1.png,1,1,30,30,0.5,0.5
mask,t462,bandana,run_left,3,mask/bandana-sheet1.png,images/bandana-sheet1.png,33,1,30,30,0.5,0.5
mask,t462,bandana,axe_up,0,mask/bandana-sheet0.png,images/bandana-sheet0.png,1,1,30,30,0.5,0.5
mask,t462,bandana,axe_down,0,mask/bandana-sheet1.png,images/bandana-sheet1.png,65,1,30,30,0.5,0.5
mask,t462,bandana,axe_down,1,mask/bandana-sheet1.png,images/bandana-sheet1.png,97,1,30,30,0.5,0.5
mask,t462,bandana,axe_down,2,mask/bandana-sheet1.png,images/bandana-sheet1.png,65,1,30,30,0.5,0.5
mask,t462,bandana,axe_left,0,mask/bandana-sheet0.png,images/bandana-sheet0.png,97,1,30,30,0.5,0.5
mask,t462,bandana,axe_right,0,mask/bandana-sheet0.png,images/bandana-sheet0.png,65,1,30,30,0.5,0.5
mask,t462,bandana,pistol_up,0,mask/bandana-sheet0.png,images/bandana-sheet0.png,33,1,30,30,0.5,0.5
mask,t462,bandana,pistol_down,0,mask/bandana-sheet1.png,images/bandana-sheet1.png,1,33,30,30,0.5,0.5
mask,t462,bandana,pistol_left,0,mask/bandana-sheet0.png,images/bandana-sheet0.png,97,1,30,30,0.5,0.5
mask,t462,bandana,pistol_right,0,mask/bandana-sheet0.png,images/bandana-sheet0.png,65,1,30,30,0.5,0.5
mask,t462,bandana,using_item,0,mask/bandana-sheet1.png,images/bandana-sheet1.png,33,33,30,30,0.5,0.5
mask,t61,gasmask,idle_down,0,mask/gasmask-sheet0.png,images/gasmask-sheet0.png,1,1,30,30,0.5,0.5
mask,t61,gasmask,idle_up,0,mask/gasmask-sheet0.png,images/gasmask-sheet0.png,33,1,30,30,0.5,0.5
mask,t61,gasmask,idle_right,0,mask/gasmask-sheet0.png,images/gasmask-sheet0.png,65,1,30,30,0.5,0.5
mask,t61,gasmask,idle_left,0,mask/gasmask-sheet0.png,images/gasmask-sheet0.png,97,1,30,30,0.5,0.5
mask,t61,gasmask,run_down,0,mask/gasmask-sheet0.png,images/gasmask-sheet0.png,1,33,30,30,0.5,0.5
mask,t61,gasmask,run_down,1,mask/gasmask-sheet0.png,images/gasmask-sheet0.png,1,33,30,30,0.5,0.5
mask,t61,gasmask,run_down,2,mask/gasmask-sheet0.png,images/gasmask-sheet0.png,33,33,30,30,0.5,0.5
mask,t61,gasmask,run_down,3,mask/gasmask-sheet0.png,images/gasmask-sheet0.png,65,33,30,30,0.5,0.5
mask,t61,gasmask,run_up,0,mask/gasmask-sheet0.png,images/gasmask-sheet0.png,97,33,30,30,0.5,0.5
mask,t61,gasmask,run_up,1,mask/gasmask-sheet0.png,images/gasmask-sheet0.png,1,65,30,30,0.5,0.5
mask,t61,gasmask,run_up,2,mask/gasmask-sheet0.png,images/gasmask-sheet0.png,97,33,30,30,0.5,0.5
mask,t61,gasmask,run_up,3,mask/gasmask-sheet0.png,images/gasmask-sheet0.png,33,65,30,30,0.5,0.5
mask,t61,gasmask,run_right,0,mask/gasmask-sheet0.png,images/gasmask-sheet0.png,65,65,30,30,0.5,0.5
mask,t61,gasmask,run_right,1,mask/gasmask-sheet0.png,images/gasmask-sheet0.png,97,65,30,30,0.5,0.5
mask,t61,gasmask,run_right,2,mask/gasmask-sheet0.png,images/gasmask-sheet0.png,97,65,30,30,0.5,0.5
mask,t61,gasmask,run_right,3,mask/gasmask-sheet0.png,images/gasmask-sheet0.png,1,97,30,30,0.5,0.5
mask,t61,gasmask,run_left,0,mask/gasmask-sheet0.png,images/gasmask-sheet0.png,33,97,30,30,0.5,0.5
mask,t61,gasmask,run_left,1,mask/gasmask-sheet0.png,images/gasmask-sheet0.png,65,97,30,30,0.5,0.5
mask,t61,gasmask,run_left,2,mask/gasmask-sheet0.png,images/gasmask-sheet0.png,65,97,30,30,0.5,0.5
mask,t61,gasmask,run_left,3,mask/gasmask-sheet0.png,images/gasmask-sheet0.png,97,97,30,30,0.5,0.5
mask,t61,gasmask,axe_up,0,mask/gasmask-sheet0.png,images/gasmask-sheet0.png,33,65,30,30,0.5,0.5
mask,t61,gasmask,axe_down,0,mask/gasmask-sheet1.png,images/gasmask-sheet1.png,1,1,30,30,0.5,0.5
mask,t61,gasmask,axe_down,1,mask/gasmask-sheet1.png,images/gasmask-sheet1.png,33,1,30,30,0.5,0.5
mask,t61,gasmask,axe_down,2,mask/gasmask-sheet1.png,images/gasmask-sheet1.png,1,1,30,30,0.5,0.5
mask,t61,gasmask,axe_left,0,mask/gasmask-sheet1.png,images/gasmask-sheet1.png,65,1,30,30,0.5,0.5
mask,t61,gasmask,axe_right,0,mask/gasmask-sheet0.png,images/gasmask-sheet0.png,65,1,30,30,0.5,0.5
mask,t61,gasmask,pistol_up,0,mask/gasmask-sheet0.png,images/gasmask-sheet0.png,33,65,30,30,0.5,0.5
mask,t61,gasmask,pistol_down,0,mask/gasmask-sheet1.png,images/gasmask-sheet1.png,97,1,30,30,0.5,0.5
mask,t61,gasmask,pistol_left,0,mask/gasmask-sheet0.png,images/gasmask-sheet0.png,97,1,30,30,0.5,0.5
mask,t61,gasmask,pistol_right,0,mask/gasmask-sheet0.png,images/gasmask-sheet0.png,65,1,30,30,0.5,0.5
mask,t61,gasmask,using_item,0,mask/gasmask-sheet1.png,images/gasmask-sheet1.png,1,33,30,30,0.5,0.5
mask,t1088,gp5_helmet,idle_down,0,mask/gp5_helmet-sheet0.png,images/gp5_helmet-sheet0.png,1,1,30,30,0.5,0.5
mask,t1088,gp5_helmet,idle_up,0,mask/gp5_helmet-sheet0.png,images/gp5_helmet-sheet0.png,33,1,30,30,0.5,0.5
mask,t1088,gp5_helmet,idle_right,0,mask/gp5_helmet-sheet0.png,images/gp5_helmet-sheet0.png,65,1,30,30,0.5,0.5
mask,t1088,gp5_helmet,idle_left,0,mask/gp5_helmet-sheet0.png,images/gp5_helmet-sheet0.png,97,1,30,30,0.5,0.5
mask,t1088,gp5_helmet,run_down,0,mask/gp5_helmet-sheet0.png,images/gp5_helmet-sheet0.png,1,33,30,30,0.5,0.5
mask,t1088,gp5_helmet,run_down,1,mask/gp5_helmet-sheet0.png,images/gp5_helmet-sheet0.png,1,33,30,30,0.5,0.5
mask,t1088,gp5_helmet,run_down,2,mask/gp5_helmet-sheet0.png,images/gp5_helmet-sheet0.png,33,33,30,30,0.5,0.5
mask,t1088,gp5_helmet,run_down,3,mask/gp5_helmet-sheet0.png,images/gp5_helmet-sheet0.png,65,33,30,30,0.5,0.5
mask,t1088,gp5_helmet,run_up,0,mask/gp5_helmet-sheet0.png,images/gp5_helmet-sheet0.png,97,33,30,30,0.5,0.5
mask,t1088,gp5_helmet,run_up,1,mask/gp5_helmet-sheet0.png,images/gp5_helmet-sheet0.png,1,65,30,30,0.5,0.5
mask,t1088,gp5_helmet,run_up,2,mask/gp5_helmet-sheet0.png,images/gp5_helmet-sheet0.png,97,33,30,30,0.5,0.5
mask,t1088,gp5_helmet,run_up,3,mask/gp5_helmet-sheet0.png,images/gp5_helmet-sheet0.png,33,65,30,30,0.5,0.5
mask,t1088,gp5_helmet,run_right,0,mask/gp5_helmet-sheet0.png,images/gp5_helmet-sheet0.png,65,65,30,30,0.5,0.5
mask,t1088,gp5_helmet,run_right,1,mask/gp5_helmet-sheet0.png,images/gp5_helmet-sheet0.png,97,65,30,30,0.5,0.5
mask,t1088,gp5_helmet,run_right,2,mask/gp5_helmet-sheet0.png,images/gp5_helmet-sheet0.png,97,65,30,30,0.5,0.5
mask,t1088,gp5_helmet,run_right,3,mask/gp5_helmet-sheet0.png,images/gp5_helmet-sheet0.png,1,97,30,30,0.5,0.5
mask,t1088,gp5_helmet,run_left,0,mask/gp5_helmet-sheet0.png,images/gp5_helmet-sheet0.png,33,97,30,30,0.5,0.5
mask,t1088,gp5_helmet,run_left,1,mask/gp5_helmet-sheet0.png,images/gp5_helmet-sheet0.png,65,97,30,30,0.5,0.5
mask,t1088,gp5_helmet,run_left,2,mask/gp5_helmet-sheet0.png,images/gp5_helmet-sheet0.png,65,97,30,30,0.5,0.5
mask,t1088,gp5_helmet,run_left,3,mask/gp5_helmet-sheet0.png,images/gp5_helmet-sheet0.png,97,97,30,30,0.5,0.5
mask,t1088,gp5_helmet,axe_up,0,mask/gp5_helmet-sheet0.png,images/gp5_helmet-sheet0.png,33,1,30,30,0.5,0.5
mask,t1088,gp5_helmet,axe_down,0,mask/gp5_helmet-sheet1.png,images/gp5_helmet-sheet1.png,1,1,30,30,0.5,0.5
mask,t1088,gp5_helmet,axe_down,1,mask/gp5_helmet-sheet1.png,images/gp5_helmet-sheet1.png,33,1,30,30,0.5,0.5
mask,t1088,gp5_helmet,axe_down,2,mask/gp5_helmet-sheet1.png,images/gp5_helmet-sheet1.png,1,1,30,30,0.5,0.5
mask,t1088,gp5_helmet,axe_left,0,mask/gp5_helmet-sheet1.png,images/gp5_helmet-sheet1.png,65,1,30,30,0.5,0.5
mask,t1088,gp5_helmet,axe_right,0,mask/gp5_helmet-sheet0.png,images/gp5_helmet-sheet0.png,65,1,30,30,0.5,0.5
mask,t1088,gp5_helmet,pistol_up,0,mask/gp5_helmet-sheet0.png,images/gp5_helmet-sheet0.png,33,1,30,30,0.5,0.5
mask,t1088,gp5_helmet,pistol_down,0,mask/gp5_helmet-sheet1.png,images/gp5_helmet-sheet1.png,97,1,30,30,0.5,0.5
mask,t1088,gp5_helmet,pistol_left,0,mask/gp5_helmet-sheet0.png,images/gp5_helmet-sheet0.png,97,1,30,30,0.5,0.5
mask,t1088,gp5_helmet,pistol_right,0,mask/gp5_helmet-sheet0.png,images/gp5_helmet-sheet0.png,65,1,30,30,0.5,0.5
mask,t1088,gp5_helmet,using_item,0,mask/gp5_helmet-sheet1.png,images/gp5_helmet-sheet1.png,1,33,30,30,0.5,0.5
mask,t1089,joker_helmet,idle_down,0,mask/joker_helmet-sheet0.png,images/joker_helmet-sheet0.png,1,1,30,30,0.5,0.5
mask,t1089,joker_helmet,idle_up,0,mask/joker_helmet-sheet0.png,images/joker_helmet-sheet0.png,33,1,30,30,0.5,0.5
mask,t1089,joker_helmet,idle_right,0,mask/joker_helmet-sheet0.png,images/joker_helmet-sheet0.png,65,1,30,30,0.5,0.5
mask,t1089,joker_helmet,idle_left,0,mask/joker_helmet-sheet0.png,images/joker_helmet-sheet0.png,97,1,30,30,0.5,0.5
mask,t1089,joker_helmet,run_down,0,mask/joker_helmet-sheet0.png,images/joker_helmet-sheet0.png,1,33,30,30,0.5,0.5
mask,t1089,joker_helmet,run_down,1,mask/joker_helmet-sheet0.png,images/joker_helmet-sheet0.png,1,33,30,30,0.5,0.5
mask,t1089,joker_helmet,run_down,2,mask/joker_helmet-sheet0.png,images/joker_helmet-sheet0.png,33,33,30,30,0.5,0.5
mask,t1089,joker_helmet,run_down,3,mask/joker_helmet-sheet0.png,images/joker_helmet-sheet0.png,65,33,30,30,0.5,0.5
mask,t1089,joker_helmet,run_up,0,mask/joker_helmet-sheet0.png,images/joker_helmet-sheet0.png,97,33,30,30,0.5,0.5
mask,t1089,joker_helmet,run_up,1,mask/joker_helmet-sheet0.png,images/joker_helmet-sheet0.png,1,65,30,30,0.5,0.5
mask,t1089,joker_helmet,run_up,2,mask/joker_helmet-sheet0.png,images/joker_helmet-sheet0.png,97,33,30,30,0.5,0.5
mask,t1089,joker_helmet,run_up,3,mask/joker_helmet-sheet0.png,images/joker_helmet-sheet0.png,33,65,30,30,0.5,0.5
mask,t1089,joker_helmet,run_right,0,mask/joker_helmet-sheet0.png,images/joker_helmet-sheet0.png,65,65,30,30,0.5,0.5
mask,t1089,joker_helmet,run_right,1,mask/joker_helmet-sheet0.png,images/joker_helmet-sheet0.png,97,65,30,30,0.5,0.5
mask,t1089,joker_helmet,run_right,2,mask/joker_helmet-sheet0.png,images/joker_helmet-sheet0.png,97,65,30,30,0.5,0.5
mask,t1089,joker_helmet,run_right,3,mask/joker_helmet-sheet0.png,images/joker_helmet-sheet0.png,1,97,30,30,0.5,0.5
mask,t1089,joker_helmet,run_left,0,mask/joker_helmet-sheet0.png,images/joker_helmet-sheet0.png,33,97,30,30,0.5,0.5
mask,t1089,joker_helmet,run_left,1,mask/joker_helmet-sheet0.png,images/joker_helmet-sheet0.png,65,97,30,30,0.5,0.5
mask,t1089,joker_helmet,run_left,2,mask/joker_helmet-sheet0.png,images/joker_helmet-sheet0.png,65,97,30,30,0.5,0.5
mask,t1089,joker_helmet,run_left,3,mask/joker_helmet-sheet0.png,images/joker_helmet-sheet0.png,97,97,30,30,0.5,0.5
mask,t1089,joker_helmet,axe_up,0,mask/joker_helmet-sheet0.png,images/joker_helmet-sheet0.png,33,1,30,30,0.5,0.5
mask,t1089,joker_helmet,axe_down,0,mask/joker_helmet-sheet1.png,images/joker_helmet-sheet1.png,1,1,30,30,0.5,0.5
mask,t1089,joker_helmet,axe_down,1,mask/joker_helmet-sheet1.png,images/joker_helmet-sheet1.png,33,1,30,30,0.5,0.5
mask,t1089,joker_helmet,axe_down,2,mask/joker_helmet-sheet1.png,images/joker_helmet-sheet1.png,1,1,30,30,0.5,0.5
mask,t1089,joker_helmet,axe_left,0,mask/joker_helmet-sheet1.png,images/joker_helmet-sheet1.png,65,1,30,30,0.5,0.5
mask,t1089,joker_helmet,axe_right,0,mask/joker_helmet-sheet0.png,images/joker_helmet-sheet0.png,65,1,30,30,0.5,0.5
mask,t1089,joker_helmet,pistol_up,0,mask/joker_helmet-sheet0.png,images/joker_helmet-sheet0.png,33,1,30,30,0.5,0.5
mask,t1089,joker_helmet,pistol_down,0,mask/joker_helmet-sheet1.png,images/joker_helmet-sheet1.png,97,1,30,30,0.5,0.5
mask,t1089,joker_helmet,pistol_left,0,mask/joker_helmet-sheet0.png,images/joker_helmet-sheet0.png,97,1,30,30,0.5,0.5
mask,t1089,joker_helmet,pistol_right,0,mask/joker_helmet-sheet0.png,images/joker_helmet-sheet0.png,65,1,30,30,0.5,0.5
mask,t1089,joker_helmet,using_item,0,mask/joker_helmet-sheet1.png,images/joker_helmet-sheet1.png,1,33,30,30,0.5,0.5
mask,t97,welding_mask,idle_down,0,mask/welding_mask-sheet0.png,images/welding_mask-sheet0.png,1,1,30,30,0.5,0.5
mask,t97,welding_mask,idle_up,0,mask/welding_mask-sheet0.png,images/welding_mask-sheet0.png,33,1,30,30,0.5,0.5
mask,t97,welding_mask,idle_right,0,mask/welding_mask-sheet0.png,images/welding_mask-sheet0.png,65,1,30,30,0.5,0.5
mask,t97,welding_mask,idle_left,0,mask/welding_mask-sheet0.png,images/welding_mask-sheet0.png,97,1,30,30,0.5,0.5
mask,t97,welding_mask,run_down,0,mask/welding_mask-sheet0.png,images/welding_mask-sheet0.png,1,33,30,30,0.5,0.5
mask,t97,welding_mask,run_down,1,mask/welding_mask-sheet0.png,images/welding_mask-sheet0.png,1,33,30,30,0.5,0.5
mask,t97,welding_mask,run_down,2,mask/welding_mask-sheet0.png,images/welding_mask-sheet0.png,33,33,30,30,0.5,0.5
mask,t97,welding_mask,run_down,3,mask/welding_mask-sheet0.png,images/welding_mask-sheet0.png,65,33,30,30,0.5,0.5
mask,t97,welding_mask,run_up,0,mask/welding_mask-sheet0.png,images/welding_mask-sheet0.png,97,33,30,30,0.5,0.5
mask,t97,welding_mask,run_up,1,mask/welding_mask-sheet0.png,images/welding_mask-sheet0.png,1,65,30,30,0.5,0.5
mask,t97,welding_mask,run_up,2,mask/welding_mask-sheet0.png,images/welding_mask-sheet0.png,97,33,30,30,0.5,0.5
mask,t97,welding_mask,run_up,3,mask/welding_mask-sheet0.png,images/welding_mask-sheet0.png,33,65,30,30,0.5,0.5
mask,t97,welding_mask,run_right,0,mask/welding_mask-sheet0.png,images/welding_mask-sheet0.png,65,65,30,30,0.5,0.5
mask,t97,welding_mask,run_right,1,mask/welding_mask-sheet0.png,images/welding_mask-sheet0.png,97,65,30,30,0.5,0.5
mask,t97,welding_mask,run_right,2,mask/welding_mask-sheet0.png,images/welding_mask-sheet0.png,97,65,30,30,0.5,0.5
mask,t97,welding_mask,run_right,3,mask/welding_mask-sheet0.png,images/welding_mask-sheet0.png,1,97,30,30,0.5,0.5
mask,t97,welding_mask,run_left,0,mask/welding_mask-sheet0.png,images/welding_mask-sheet0.png,33,97,30,30,0.5,0.5
mask,t97,welding_mask,run_left,1,mask/welding_mask-sheet0.png,images/welding_mask-sheet0.png,65,97,30,30,0.5,0.5
mask,t97,welding_mask,run_left,2,mask/welding_mask-sheet0.png,images/welding_mask-sheet0.png,33,97,30,30,0.5,0.5
mask,t97,welding_mask,run_left,3,mask/welding_mask-sheet0.png,images/welding_mask-sheet0.png,97,97,30,30,0.5,0.5
mask,t97,welding_mask,axe_up,0,mask/welding_mask-sheet0.png,images/welding_mask-sheet0.png,33,65,30,30,0.5,0.5
mask,t97,welding_mask,axe_down,0,mask/welding_mask-sheet1.png,images/welding_mask-sheet1.png,1,1,30,30,0.5,0.5
mask,t97,welding_mask,axe_down,1,mask/welding_mask-sheet1.png,images/welding_mask-sheet1.png,33,1,30,30,0.5,0.5
mask,t97,welding_mask,axe_down,2,mask/welding_mask-sheet1.png,images/welding_mask-sheet1.png,1,1,30,30,0.5,0.5
mask,t97,welding_mask,axe_left,0,mask/welding_mask-sheet1.png,images/welding_mask-sheet1.png,65,1,30,30,0.5,0.5
mask,t97,welding_mask,axe_right,0,mask/welding_mask-sheet1.png,images/welding_mask-sheet1.png,97,1,30,30,0.5,0.5
mask,t97,welding_mask,pistol_up,0,mask/welding_mask-sheet0.png,images/welding_mask-sheet0.png,33,1,30,30,0.5,0.5
mask,t97,welding_mask,pistol_down,0,mask/welding_mask-sheet1.png,images/welding_mask-sheet1.png,1,33,30,30,0.5,0.5
mask,t97,welding_mask,pistol_left,0,mask/welding_mask-sheet0.png,images/welding_mask-sheet0.png,97,1,30,30,0.5,0.5
mask,t97,welding_mask,pistol_right,0,mask/welding_mask-sheet0.png,images/welding_mask-sheet0.png,65,1,30,30,0.5,0.5
mask,t97,welding_mask,using_item,0,mask/welding_mask-sheet1.png,images/welding_mask-sheet1.png,33,33,30,30,0.5,0.5
mask,t97,welding_mask,using_item,1,mask/welding_mask-sheet1.png,images/welding_mask-sheet1.png,65,33,30,30,0.5,0.5
mask,t97,welding_mask,using_item,2,mask/welding_mask-sheet1.png,images/welding_mask-sheet1.png,33,33,30,30,0.5,0.5
mask,t97,welding_mask,using_item,3,mask/welding_mask-sheet1.png,images/welding_mask-sheet1.png,65,33,30,30,0.5,0.5
hat,t72,baseball_cap,idle_down,0,hat/baseball_cap-sheet0.png,images/baseball_cap-sheet0.png,1,1,30,30,0.5,0.5
hat,t72,baseball_cap,idle_up,0,hat/baseball_cap-sheet0.png,images/baseball_cap-sheet0.png,33,1,30,30,0.5,0.5
hat,t72,baseball_cap,idle_right,0,hat/baseball_cap-sheet0.png,images/baseball_cap-sheet0.png,65,1,30,30,0.5,0.5
hat,t72,baseball_cap,idle_left,0,hat/baseball_cap-sheet0.png,images/baseball_cap-sheet0.png,97,1,30,30,0.5,0.5
hat,t72,baseball_cap,run_down,0,hat/baseball_cap-sheet0.png,images/baseball_cap-sheet0.png,1,33,30,30,0.5,0.5
hat,t72,baseball_cap,run_down,1,hat/baseball_cap-sheet0.png,images/baseball_cap-sheet0.png,1,33,30,30,0.5,0.5
hat,t72,baseball_cap,run_down,2,hat/baseball_cap-sheet0.png,images/baseball_cap-sheet0.png,33,33,30,30,0.5,0.5
hat,t72,baseball_cap,run_down,3,hat/baseball_cap-sheet0.png,images/baseball_cap-sheet0.png,65,33,30,30,0.5,0.5
hat,t72,baseball_cap,run_up,0,hat/baseball_cap-sheet0.png,images/baseball_cap-sheet0.png,97,33,30,30,0.5,0.5
hat,t72,baseball_cap,run_up,1,hat/baseball_cap-sheet0.png,images/baseball_cap-sheet0.png,1,65,30,30,0.5,0.5
hat,t72,baseball_cap,run_up,2,hat/baseball_cap-sheet0.png,images/baseball_cap-sheet0.png,97,33,30,30,0.5,0.5
hat,t72,baseball_cap,run_up,3,hat/baseball_cap-sheet0.png,images/baseball_cap-sheet0.png,33,65,30,30,0.5,0.5
hat,t72,baseball_cap,run_right,0,hat/baseball_cap-sheet0.png,images/baseball_cap-sheet0.png,65,65,30,30,0.5,0.5
hat,t72,baseball_cap,run_right,1,hat/baseball_cap-sheet0.png,images/baseball_cap-sheet0.png,97,65,30,30,0.5,0.5
hat,t72,baseball_cap,run_right,2,hat/baseball_cap-sheet0.png,images/baseball_cap-sheet0.png,97,65,30,30,0.5,0.5
hat,t72,baseball_cap,run_right,3,hat/baseball_cap-sheet0.png,images/baseball_cap-sheet0.png,1,97,30,30,0.5,0.5
hat,t72,baseball_cap,run_left,0,hat/baseball_cap-sheet0.png,images/baseball_cap-sheet0.png,33,97,30,30,0.5,0.5
hat,t72,baseball_cap,run_left,1,hat/baseball_cap-sheet0.png,images/baseball_cap-sheet0.png,65,97,30,30,0.5,0.5
hat,t72,baseball_cap,run_left,2,hat/baseball_cap-sheet0.png,images/baseball_cap-sheet0.png,65,97,30,30,0.5,0.5
hat,t72,baseball_cap,run_left,3,hat/baseball_cap-sheet0.png,images/baseball_cap-sheet0.png,97,97,30,30,0.5,0.5
hat,t72,baseball_cap,axe_up,0,hat/baseball_cap-sheet0.png,images/baseball_cap-sheet0.png,33,65,30,30,0.5,0.5
hat,t72,baseball_cap,axe_down,0,hat/baseball_cap-sheet1.png,images/baseball_cap-sheet1.png,1,1,30,30,0.5,0.5
hat,t72,baseball_cap,axe_down,1,hat/baseball_cap-sheet1.png,images/baseball_cap-sheet1.png,33,1,30,30,0.5,0.5
hat,t72,baseball_cap,axe_down,2,hat/baseball_cap-sheet1.png,images/baseball_cap-sheet1.png,1,1,30,30,0.5,0.5
hat,t72,baseball_cap,axe_left,0,hat/baseball_cap-sheet1.png,images/baseball_cap-sheet1.png,65,1,30,30,0.5,0.5
hat,t72,baseball_cap,axe_right,0,hat/baseball_cap-sheet1.png,images/baseball_cap-sheet1.png,97,1,30,30,0.5,0.5
hat,t72,baseball_cap,pistol_up,0,hat/baseball_cap-sheet0.png,images/baseball_cap-sheet0.png,33,1,30,30,0.5,0.5
hat,t72,baseball_cap,pistol_down,0,hat/baseball_cap-sheet1.png,images/baseball_cap-sheet1.png,1,33,30,30,0.5,0.5
hat,t72,baseball_cap,pistol_left,0,hat/baseball_cap-sheet0.png,images/baseball_cap-sheet0.png,97,1,30,30,0.5,0.5
hat,t72,baseball_cap,pistol_right,0,hat/baseball_cap-sheet0.png,images/baseball_cap-sheet0.png,65,1,30,30,0.5,0.5
hat,t72,baseball_cap,using_item,0,hat/baseball_cap-sheet1.png,images/baseball_cap-sheet1.png,33,33,30,30,0.5,0.5
hat,t75,beret_red,idle_down,0,hat/beret_red-sheet0.png,images/beret_red-sheet0.png,1,1,30,30,0.5,0.5
hat,t75,beret_red,idle_up,0,hat/beret_red-sheet0.png,images/beret_red-sheet0.png,33,1,30,30,0.5,0.5
hat,t75,beret_red,idle_right,0,hat/beret_red-sheet0.png,images/beret_red-sheet0.png,65,1,30,30,0.5,0.5
hat,t75,beret_red,idle_left,0,hat/beret_red-sheet0.png,images/beret_red-sheet0.png,97,1,30,30,0.5,0.5
hat,t75,beret_red,run_down,0,hat/beret_red-sheet0.png,images/beret_red-sheet0.png,1,33,30,30,0.5,0.5
hat,t75,beret_red,run_down,1,hat/beret_red-sheet0.png,images/beret_red-sheet0.png,1,33,30,30,0.5,0.5
hat,t75,beret_red,run_down,2,hat/beret_red-sheet0.png,images/beret_red-sheet0.png,33,33,30,30,0.5,0.5
hat,t75,beret_red,run_down,3,hat/beret_red-sheet0.png,images/beret_red-sheet0.png,65,33,30,30,0.5,0.5
hat,t75,beret_red,run_up,0,hat/beret_red-sheet0.png,images/beret_red-sheet0.png,97,33,30,30,0.5,0.5
hat,t75,beret_red,run_up,1,hat/beret_red-sheet0.png,images/beret_red-sheet0.png,1,65,30,30,0.5,0.5
hat,t75,beret_red,run_up,2,hat/beret_red-sheet0.png,images/beret_red-sheet0.png,97,33,30,30,0.5,0.5
hat,t75,beret_red,run_up,3,hat/beret_red-sheet0.png,images/beret_red-sheet0.png,33,65,30,30,0.5,0.5
hat,t75,beret_red,run_right,0,hat/beret_red-sheet0.png,images/beret_red-sheet0.png,65,65,30,30,0.5,0.5
hat,t75,beret_red,run_right,1,hat/beret_red-sheet0.png,images/beret_red-sheet0.png,97,65,30,30,0.5,0.5
hat,t75,beret_red,run_right,2,hat/beret_red-sheet0.png,images/beret_red-sheet0.png,97,65,30,30,0.5,0.5
hat,t75,beret_red,run_right,3,hat/beret_red-sheet0.png,images/beret_red-sheet0.png,1,97,30,30,0.5,0.5
hat,t75,beret_red,run_left,0,hat/beret_red-sheet0.png,images/beret_red-sheet0.png,33,97,30,30,0.5,0.5
hat,t75,beret_red,run_left,1,hat/beret_red-sheet0.png,images/beret_red-sheet0.png,65,97,30,30,0.5,0.5
hat,t75,beret_red,run_left,2,hat/beret_red-sheet0.png,images/beret_red-sheet0.png,65,97,30,30,0.5,0.5
hat,t75,beret_red,run_left,3,hat/beret_red-sheet0.png,images/beret_red-sheet0.png,97,97,30,30,0.5,0.5
hat,t75,beret_red,axe_up,0,hat/beret_red-sheet0.png,images/beret_red-sheet0.png,33,65,30,30,0.5,0.5
hat,t75,beret_red,axe_down,0,hat/beret_red-sheet0.png,images/beret_red-sheet0.png,1,1,30,30,0.5,0.5
hat,t75,beret_red,axe_down,1,hat/beret_red-sheet1.png,images/beret_red-sheet1.png,1,1,30,30,0.5,0.5
hat,t75,beret_red,axe_down,2,hat/beret_red-sheet0.png,images/beret_red-sheet0.png,1,1,30,30,0.5,0.5
hat,t75,beret_red,axe_left,0,hat/beret_red-sheet1.png,images/beret_red-sheet1.png,33,1,30,30,0.5,0.5
hat,t75,beret_red,axe_right,0,hat/beret_red-sheet1.png,images/beret_red-sheet1.png,65,1,30,30,0.5,0.5
hat,t75,beret_red,pistol_up,0,hat/beret_red-sheet0.png,images/beret_red-sheet0.png,33,1,30,30,0.5,0.5
hat,t75,beret_red,pistol_down,0,hat/beret_red-sheet1.png,images/beret_red-sheet1.png,97,1,30,30,0.5,0.5
hat,t75,beret_red,pistol_left,0,hat/beret_red-sheet0.png,images/beret_red-sheet0.png,97,1,30,30,0.5,0.5
hat,t75,beret_red,pistol_right,0,hat/beret_red-sheet0.png,images/beret_red-sheet0.png,65,1,30,30,0.5,0.5
hat,t75,beret_red,using_item,0,hat/beret_red-sheet1.png,images/beret_red-sheet1.png,1,33,30,30,0.5,0.5
hat,t98,cowboy_hat,idle_down,0,hat/cowboy_hat-sheet0.png,images/cowboy_hat-sheet0.png,1,1,30,30,0.5,0.5
hat,t98,cowboy_hat,idle_up,0,hat/cowboy_hat-sheet0.png,images/cowboy_hat-sheet0.png,1,1,30,30,0.5,0.5
hat,t98,cowboy_hat,idle_right,0,hat/cowboy_hat-sheet0.png,images/cowboy_hat-sheet0.png,33,1,30,30,0.5,0.5
hat,t98,cowboy_hat,idle_left,0,hat/cowboy_hat-sheet0.png,images/cowboy_hat-sheet0.png,65,1,30,30,0.5,0.5
hat,t98,cowboy_hat,run_down,0,hat/cowboy_hat-sheet0.png,images/cowboy_hat-sheet0.png,97,1,30,30,0.5,0.5
hat,t98,cowboy_hat,run_down,1,hat/cowboy_hat-sheet0.png,images/cowboy_hat-sheet0.png,97,1,30,30,0.5,0.5
hat,t98,cowboy_hat,run_down,2,hat/cowboy_hat-sheet0.png,images/cowboy_hat-sheet0.png,1,33,30,30,0.5,0.5
hat,t98,cowboy_hat,run_down,3,hat/cowboy_hat-sheet0.png,images/cowboy_hat-sheet0.png,33,33,30,30,0.5,0.5
hat,t98,cowboy_hat,run_up,0,hat/cowboy_hat-sheet0.png,images/cowboy_hat-sheet0.png,65,33,30,30,0.5,0.5
hat,t98,cowboy_hat,run_up,1,hat/cowboy_hat-sheet0.png,images/cowboy_hat-sheet0.png,97,33,30,30,0.5,0.5
hat,t98,cowboy_hat,run_up,2,hat/cowboy_hat-sheet0.png,images/cowboy_hat-sheet0.png,65,33,30,30,0.5,0.5
hat,t98,cowboy_hat,run_up,3,hat/cowboy_hat-sheet0.png,images/cowboy_hat-sheet0.png,1,65,30,30,0.5,0.5
hat,t98,cowboy_hat,run_right,0,hat/cowboy_hat-sheet0.png,images/cowboy_hat-sheet0.png,33,65,30,30,0.5,0.5
hat,t98,cowboy_hat,run_right,1,hat/cowboy_hat-sheet0.png,images/cowboy_hat-sheet0.png,65,65,30,30,0.5,0.5
hat,t98,cowboy_hat,run_right,2,hat/cowboy_hat-sheet0.png,images/cowboy_hat-sheet0.png,65,65,30,30,0.5,0.5
hat,t98,cowboy_hat,run_right,3,hat/cowboy_hat-sheet0.png,images/cowboy_hat-sheet0.png,97,65,30,30,0.5,0.5
hat,t98,cowboy_hat,run_left,0,hat/cowboy_hat-sheet0.png,images/cowboy_hat-sheet0.png,1,97,30,30,0.5,0.5
hat,t98,cowboy_hat,run_left,1,hat/cowboy_hat-sheet0.png,images/cowboy_hat-sheet0.png,33,97,30,30,0.5,0.5
hat,t98,cowboy_hat,run_left,2,hat/cowboy_hat-sheet0.png,images/cowboy_hat-sheet0.png,33,97,30,30,0.5,0.5
hat,t98,cowboy_hat,run_left,3,hat/cowboy_hat-sheet0.png,images/cowboy_hat-sheet0.png,65,97,30,30,0.5,0.5
hat,t98,cowboy_hat,axe_up,0,hat/cowboy_hat-sheet0.png,images/cowboy_hat-sheet0.png,97,97,30,30,0.5,0.5
hat,t98,cowboy_hat,axe_down,0,hat/cowboy_hat-sheet0.png,images/cowboy_hat-sheet0.png,1,65,30,30,0.5,0.5
hat,t98,cowboy_hat,axe_down,1,hat/cowboy_hat-sheet1.png,images/cowboy_hat-sheet1.png,1,1,30,30,0.5,0.5
hat,t98,cowboy_hat,axe_down,2,hat/cowboy_hat-sheet0.png,images/cowboy_hat-sheet0.png,1,65,30,30,0.5,0.5
hat,t98,cowboy_hat,axe_left,0,hat/cowboy_hat-sheet1.png,images/cowboy_hat-sheet1.png,33,1,30,30,0.5,0.5
hat,t98,cowboy_hat,axe_right,0,hat/cowboy_hat-sheet0.png,images/cowboy_hat-sheet0.png,33,1,30,30,0.5,0.5
hat,t98,cowboy_hat,pistol_up,0,hat/cowboy_hat-sheet1.png,images/cowboy_hat-sheet1.png,65,1,30,30,0.5,0.5
hat,t98,cowboy_hat,pistol_down,0,hat/cowboy_hat-sheet1.png,images/cowboy_hat-sheet1.png,97,1,30,30,0.5,0.5
hat,t98,cowboy_hat,pistol_left,0,hat/cowboy_hat-sheet0.png,images/cowboy_hat-sheet0.png,65,1,30,30,0.5,0.5
hat,t98,cowboy_hat,pistol_right,0,hat/cowboy_hat-sheet0.png,images/cowboy_hat-sheet0.png,33,1,30,30,0.5,0.5
hat,t98,cowboy_hat,using_item,0,hat/cowboy_hat-sheet1.png,images/cowboy_hat-sheet1.png,1,33,30,30,0.5,0.5
hat,t1284,shengdan_helmet,idle_down,0,hat/shengdan_helmet-sheet0.png,images/shengdan_helmet-sheet0.png,1,1,48,48,0.5,0.5
hat,t1284,shengdan_helmet,idle_up,0,hat/shengdan_helmet-sheet0.png,images/shengdan_helmet-sheet0.png,51,1,48,48,0.5,0.5
hat,t1284,shengdan_helmet,idle_right,0,hat/shengdan_helmet-sheet0.png,images/shengdan_helmet-sheet0.png,101,1,48,48,0.5,0.5
hat,t1284,shengdan_helmet,idle_left,0,hat/shengdan_helmet-sheet0.png,images/shengdan_helmet-sheet0.png,151,1,48,48,0.5,0.5
hat,t1284,shengdan_helmet,run_down,0,hat/shengdan_helmet-sheet0.png,images/shengdan_helmet-sheet0.png,1,51,48,48,0.5,0.5
hat,t1284,shengdan_helmet,run_down,1,hat/shengdan_helmet-sheet0.png,images/shengdan_helmet-sheet0.png,1,51,48,48,0.5,0.5
hat,t1284,shengdan_helmet,run_down,2,hat/shengdan_helmet-sheet0.png,images/shengdan_helmet-sheet0.png,51,51,48,48,0.5,0.5
hat,t1284,shengdan_helmet,run_down,3,hat/shengdan_helmet-sheet0.png,images/shengdan_helmet-sheet0.png,101,51,48,48,0.5,0.5
hat,t1284,shengdan_helmet,run_up,0,hat/shengdan_helmet-sheet0.png,images/shengdan_helmet-sheet0.png,151,51,48,48,0.5,0.5
hat,t1284,shengdan_helmet,run_up,1,hat/shengdan_helmet-sheet0.png,images/shengdan_helmet-sheet0.png,1,101,48,48,0.5,0.5
hat,t1284,shengdan_helmet,run_up,2,hat/shengdan_helmet-sheet0.png,images/shengdan_helmet-sheet0.png,151,51,48,48,0.5,0.5
hat,t1284,shengdan_helmet,run_up,3,hat/shengdan_helmet-sheet0.png,images/shengdan_helmet-sheet0.png,51,101,48,48,0.5,0.5
hat,t1284,shengdan_helmet,run_right,0,hat/shengdan_helmet-sheet0.png,images/shengdan_helmet-sheet0.png,101,101,48,48,0.5,0.5
hat,t1284,shengdan_helmet,run_right,1,hat/shengdan_helmet-sheet0.png,images/shengdan_helmet-sheet0.png,151,101,48,48,0.5,0.5
hat,t1284,shengdan_helmet,run_right,2,hat/shengdan_helmet-sheet0.png,images/shengdan_helmet-sheet0.png,151,101,48,48,0.5,0.5
hat,t1284,shengdan_helmet,run_right,3,hat/shengdan_helmet-sheet0.png,images/shengdan_helmet-sheet0.png,1,151,48,48,0.5,0.5
hat,t1284,shengdan_helmet,run_left,0,hat/shengdan_helmet-sheet0.png,images/shengdan_helmet-sheet0.png,51,151,48,48,0.5,0.5
hat,t1284,shengdan_helmet,run_left,1,hat/shengdan_helmet-sheet0.png,images/shengdan_helmet-sheet0.png,101,151,48,48,0.5,0.5
hat,t1284,shengdan_helmet,run_left,2,hat/shengdan_helmet-sheet0.png,images/shengdan_helmet-sheet0.png,101,151,48,48,0.5,0.5
hat,t1284,shengdan_helmet,run_left,3,hat/shengdan_helmet-sheet0.png,images/shengdan_helmet-sheet0.png,151,151,48,48,0.5,0.5
hat,t1284,shengdan_helmet,axe_up,0,hat/shengdan_helmet-sheet0.png,images/shengdan_helmet-sheet0.png,51,1,48,48,0.5,0.5
hat,t1284,shengdan_helmet,axe_down,0,hat/shengdan_helmet-sheet1.png,images/shengdan_helmet-sheet1.png,1,1,48,48,0.5,0.5
hat,t1284,shengdan_helmet,axe_down,1,hat/shengdan_helmet-sheet1.png,images/shengdan_helmet-sheet1.png,51,1,48,48,0.5,0.5
hat,t1284,shengdan_helmet,axe_down,2,hat/shengdan_helmet-sheet1.png,images/shengdan_helmet-sheet1.png,1,1,48,48,0.5,0.5
hat,t1284,shengdan_helmet,axe_left,0,hat/shengdan_helmet-sheet1.png,images/shengdan_helmet-sheet1.png,101,1,48,48,0.5,0.5
hat,t1284,shengdan_helmet,axe_right,0,hat/shengdan_helmet-sheet0.png,images/shengdan_helmet-sheet0.png,101,1,48,48,0.5,0.5
hat,t1284,shengdan_helmet,pistol_up,0,hat/shengdan_helmet-sheet0.png,images/shengdan_helmet-sheet0.png,51,1,48,48,0.5,0.5
hat,t1284,shengdan_helmet,pistol_down,0,hat/shengdan_helmet-sheet1.png,images/shengdan_helmet-sheet1.png,151,1,48,48,0.5,0.5
hat,t1284,shengdan_helmet,pistol_left,0,hat/shengdan_helmet-sheet0.png,images/shengdan_helmet-sheet0.png,151,1,48,48,0.5,0.5
hat,t1284,shengdan_helmet,pistol_right,0,hat/shengdan_helmet-sheet0.png,images/shengdan_helmet-sheet0.png,101,1,48,48,0.5,0.5
hat,t1284,shengdan_helmet,using_item,0,hat/shengdan_helmet-sheet1.png,images/shengdan_helmet-sheet1.png,1,51,48,48,0.5,0.5
hat,t1411,ws_helmet,idle_down,0,hat/ws_helmet-sheet0.png,images/ws_helmet-sheet0.png,1,1,30,30,0.5,0.5
hat,t1411,ws_helmet,idle_up,0,hat/ws_helmet-sheet0.png,images/ws_helmet-sheet0.png,33,1,30,30,0.5,0.5
hat,t1411,ws_helmet,idle_right,0,hat/ws_helmet-sheet0.png,images/ws_helmet-sheet0.png,65,1,30,30,0.5,0.5
hat,t1411,ws_helmet,idle_left,0,hat/ws_helmet-sheet0.png,images/ws_helmet-sheet0.png,97,1,30,30,0.5,0.5
hat,t1411,ws_helmet,run_down,0,hat/ws_helmet-sheet0.png,images/ws_helmet-sheet0.png,1,33,30,30,0.5,0.5
hat,t1411,ws_helmet,run_down,1,hat/ws_helmet-sheet0.png,images/ws_helmet-sheet0.png,1,33,30,30,0.5,0.5
hat,t1411,ws_helmet,run_down,2,hat/ws_helmet-sheet0.png,images/ws_helmet-sheet0.png,33,33,30,30,0.5,0.5
hat,t1411,ws_helmet,run_down,3,hat/ws_helmet-sheet0.png,images/ws_helmet-sheet0.png,65,33,30,30,0.5,0.5
hat,t1411,ws_helmet,run_up,0,hat/ws_helmet-sheet0.png,images/ws_helmet-sheet0.png,97,33,30,30,0.5,0.5
hat,t1411,ws_helmet,run_up,1,hat/ws_helmet-sheet0.png,images/ws_helmet-sheet0.png,1,65,30,30,0.5,0.5
hat,t1411,ws_helmet,run_up,2,hat/ws_helmet-sheet0.png,images/ws_helmet-sheet0.png,97,33,30,30,0.5,0.5
hat,t1411,ws_helmet,run_up,3,hat/ws_helmet-sheet0.png,images/ws_helmet-sheet0.png,33,65,30,30,0.5,0.5
hat,t1411,ws_helmet,run_right,0,hat/ws_helmet-sheet0.png,images/ws_helmet-sheet0.png,65,65,30,30,0.5,0.5
hat,t1411,ws_helmet,run_right,1,hat/ws_helmet-sheet0.png,images/ws_helmet-sheet0.png,97,65,30,30,0.5,0.5
hat,t1411,ws_helmet,run_right,2,hat/ws_helmet-sheet0.png,images/ws_helmet-sheet0.png,97,65,30,30,0.5,0.5
hat,t1411,ws_helmet,run_right,3,hat/ws_helmet-sheet0.png,images/ws_helmet-sheet0.png,1,97,30,30,0.5,0.5
hat,t1411,ws_helmet,run_left,0,hat/ws_helmet-sheet0.png,images/ws_helmet-sheet0.png,33,97,30,30,0.5,0.5
hat,t1411,ws_helmet,run_left,1,hat/ws_helmet-sheet0.png,images/ws_helmet-sheet0.png,65,97,30,30,0.5,0.5
hat,t1411,ws_helmet,run_left,2,hat/ws_helmet-sheet0.png,images/ws_helmet-sheet0.png,65,97,30,30,0.5,0.5
hat,t1411,ws_helmet,run_left,3,hat/ws_helmet-sheet0.png,images/ws_helmet-sheet0.png,97,97,30,30,0.5,0.5
hat,t1411,ws_helmet,axe_up,0,hat/ws_helmet-sheet0.png,images/ws_helmet-sheet0.png,33,1,30,30,0.5,0.5
hat,t1411,ws_helmet,axe_down,0,hat/ws_helmet-sheet1.png,images/ws_helmet-sheet1.png,1,1,30,30,0.5,0.5
hat,t1411,ws_helmet,axe_down,1,hat/ws_helmet-sheet1.png,images/ws_helmet-sheet1.png,33,1,30,30,0.5,0.5
hat,t1411,ws_helmet,axe_down,2,hat/ws_helmet-sheet1.png,images/ws_helmet-sheet1.png,1,1,30,30,0.5,0.5
hat,t1411,ws_helmet,axe_left,0,hat/ws_helmet-sheet1.png,images/ws_helmet-sheet1.png,65,1,30,30,0.5,0.5
hat,t1411,ws_helmet,axe_right,0,hat/ws_helmet-sheet0.png,images/ws_helmet-sheet0.png,65,1,30,30,0.5,0.5
hat,t1411,ws_helmet,pistol_up,0,hat/ws_helmet-sheet0.png,images/ws_helmet-sheet0.png,33,1,30,30,0.5,0.5
hat,t1411,ws_helmet,pistol_down,0,hat/ws_helmet-sheet1.png,images/ws_helmet-sheet1.png,97,1,30,30,0.5,0.5
hat,t1411,ws_helmet,pistol_left,0,hat/ws_helmet-sheet0.png,images/ws_helmet-sheet0.png,97,1,30,30,0.5,0.5
hat,t1411,ws_helmet,pistol_right,0,hat/ws_helmet-sheet0.png,images/ws_helmet-sheet0.png,65,1,30,30,0.5,0.5
hat,t1411,ws_helmet,using_item,0,hat/ws_helmet-sheet1.png,images/ws_helmet-sheet1.png,1,33,30,30,0.5,0.5
hat,t106,police_hat,idle_down,0,hat/police_hat-sheet0.png,images/police_hat-sheet0.png,1,1,30,30,0.5,0.5
hat,t106,police_hat,idle_up,0,hat/police_hat-sheet0.png,images/police_hat-sheet0.png,33,1,30,30,0.5,0.5
hat,t106,police_hat,idle_right,0,hat/police_hat-sheet0.png,images/police_hat-sheet0.png,65,1,30,30,0.5,0.5
hat,t106,police_hat,idle_left,0,hat/police_hat-sheet0.png,images/police_hat-sheet0.png,97,1,30,30,0.5,0.5
hat,t106,police_hat,run_down,0,hat/police_hat-sheet0.png,images/police_hat-sheet0.png,1,33,30,30,0.5,0.5
hat,t106,police_hat,run_down,1,hat/police_hat-sheet0.png,images/police_hat-sheet0.png,1,33,30,30,0.5,0.5
hat,t106,police_hat,run_down,2,hat/police_hat-sheet0.png,images/police_hat-sheet0.png,33,33,30,30,0.5,0.5
hat,t106,police_hat,run_down,3,hat/police_hat-sheet0.png,images/police_hat-sheet0.png,65,33,30,30,0.5,0.5
hat,t106,police_hat,run_up,0,hat/police_hat-sheet0.png,images/police_hat-sheet0.png,97,33,30,30,0.5,0.5
hat,t106,police_hat,run_up,1,hat/police_hat-sheet0.png,images/police_hat-sheet0.png,1,65,30,30,0.5,0.5
hat,t106,police_hat,run_up,2,hat/police_hat-sheet0.png,images/police_hat-sheet0.png,97,33,30,30,0.5,0.5
hat,t106,police_hat,run_up,3,hat/police_hat-sheet0.png,images/police_hat-sheet0.png,33,65,30,30,0.5,0.5
hat,t106,police_hat,run_right,0,hat/police_hat-sheet0.png,images/police_hat-sheet0.png,65,65,30,30,0.5,0.5
hat,t106,police_hat,run_right,1,hat/police_hat-sheet0.png,images/police_hat-sheet0.png,97,65,30,30,0.5,0.5
hat,t106,police_hat,run_right,2,hat/police_hat-sheet0.png,images/police_hat-sheet0.png,97,65,30,30,0.5,0.5
hat,t106,police_hat,run_right,3,hat/police_hat-sheet0.png,images/police_hat-sheet0.png,1,97,30,30,0.5,0.5
hat,t106,police_hat,run_left,0,hat/police_hat-sheet0.png,images/police_hat-sheet0.png,33,97,30,30,0.5,0.5
hat,t106,police_hat,run_left,1,hat/police_hat-sheet0.png,images/police_hat-sheet0.png,65,97,30,30,0.5,0.5
hat,t106,police_hat,run_left,2,hat/police_hat-sheet0.png,images/police_hat-sheet0.png,65,97,30,30,0.5,0.5
hat,t106,police_hat,run_left,3,hat/police_hat-sheet0.png,images/police_hat-sheet0.png,97,97,30,30,0.5,0.5
hat,t106,police_hat,axe_up,0,hat/police_hat-sheet0.png,images/police_hat-sheet0.png,33,1,30,30,0.5,0.5
hat,t106,police_hat,axe_down,0,hat/police_hat-sheet1.png,images/police_hat-sheet1.png,1,1,30,30,0.5,0.5
hat,t106,police_hat,axe_down,1,hat/police_hat-sheet1.png,images/police_hat-sheet1.png,33,1,30,30,0.5,0.5
hat,t106,police_hat,axe_down,2,hat/police_hat-sheet1.png,images/police_hat-sheet1.png,1,1,30,30,0.5,0.5
hat,t106,police_hat,axe_left,0,hat/police_hat-sheet0.png,images/police_hat-sheet0.png,97,1,30,30,0.5,0.5
hat,t106,police_hat,axe_right,0,hat/police_hat-sheet0.png,images/police_hat-sheet0.png,65,1,30,30,0.5,0.5
hat,t106,police_hat,pistol_up,0,hat/police_hat-sheet0.png,images/police_hat-sheet0.png,33,1,30,30,0.5,0.5
hat,t106,police_hat,pistol_down,0,hat/police_hat-sheet1.png,images/police_hat-sheet1.png,65,1,30,30,0.5,0.5
hat,t106,police_hat,pistol_left,0,hat/police_hat-sheet0.png,images/police_hat-sheet0.png,97,1,30,30,0.5,0.5
hat,t106,police_hat,pistol_right,0,hat/police_hat-sheet0.png,images/police_hat-sheet0.png,65,1,30,30,0.5,0.5
hat,t106,police_hat,using_item,0,hat/police_hat-sheet1.png,images/police_hat-sheet1.png,97,1,30,30,0.5,0.5
hat,t73,ushanka,idle_down,0,hat/ushanka-sheet0.png,images/ushanka-sheet0.png,1,1,30,30,0.5,0.5
hat,t73,ushanka,idle_up,0,hat/ushanka-sheet0.png,images/ushanka-sheet0.png,33,1,30,30,0.5,0.5
hat,t73,ushanka,idle_right,0,hat/ushanka-sheet0.png,images/ushanka-sheet0.png,65,1,30,30,0.5,0.5
hat,t73,ushanka,idle_left,0,hat/ushanka-sheet0.png,images/ushanka-sheet0.png,97,1,30,30,0.5,0.5
hat,t73,ushanka,run_down,0,hat/ushanka-sheet0.png,images/ushanka-sheet0.png,1,33,30,30,0.5,0.5
hat,t73,ushanka,run_down,1,hat/ushanka-sheet0.png,images/ushanka-sheet0.png,1,33,30,30,0.5,0.5
hat,t73,ushanka,run_down,2,hat/ushanka-sheet0.png,images/ushanka-sheet0.png,33,33,30,30,0.5,0.5
hat,t73,ushanka,run_down,3,hat/ushanka-sheet0.png,images/ushanka-sheet0.png,65,33,30,30,0.5,0.5
hat,t73,ushanka,run_up,0,hat/ushanka-sheet0.png,images/ushanka-sheet0.png,97,33,30,30,0.5,0.5
hat,t73,ushanka,run_up,1,hat/ushanka-sheet0.png,images/ushanka-sheet0.png,1,65,30,30,0.5,0.5
hat,t73,ushanka,run_up,2,hat/ushanka-sheet0.png,images/ushanka-sheet0.png,97,33,30,30,0.5,0.5
hat,t73,ushanka,run_up,3,hat/ushanka-sheet0.png,images/ushanka-sheet0.png,33,65,30,30,0.5,0.5
hat,t73,ushanka,run_right,0,hat/ushanka-sheet0.png,images/ushanka-sheet0.png,65,65,30,30,0.5,0.5
hat,t73,ushanka,run_right,1,hat/ushanka-sheet0.png,images/ushanka-sheet0.png,97,65,30,30,0.5,0.5
hat,t73,ushanka,run_right,2,hat/ushanka-sheet0.png,images/ushanka-sheet0.png,97,65,30,30,0.5,0.5
hat,t73,ushanka,run_right,3,hat/ushanka-sheet0.png,images/ushanka-sheet0.png,1,97,30,30,0.5,0.5
hat,t73,ushanka,run_left,0,hat/ushanka-sheet0.png,images/ushanka-sheet0.png,33,97,30,30,0.5,0.5
hat,t73,ushanka,run_left,1,hat/ushanka-sheet0.png,images/ushanka-sheet0.png,65,97,30,30,0.5,0.5
hat,t73,ushanka,run_left,2,hat/ushanka-sheet0.png,images/ushanka-sheet0.png,65,97,30,30,0.5,0.5
hat,t73,ushanka,run_left,3,hat/ushanka-sheet0.png,images/ushanka-sheet0.png,97,97,30,30,0.5,0.5
hat,t73,ushanka,axe_up,0,hat/ushanka-sheet0.png,images/ushanka-sheet0.png,33,65,30,30,0.5,0.5
hat,t73,ushanka,axe_down,0,hat/ushanka-sheet1.png,images/ushanka-sheet1.png,1,1,30,30,0.5,0.5
hat,t73,ushanka,axe_down,1,hat/ushanka-sheet1.png,images/ushanka-sheet1.png,33,1,30,30,0.5,0.5
hat,t73,ushanka,axe_down,2,hat/ushanka-sheet1.png,images/ushanka-sheet1.png,1,1,30,30,0.5,0.5
hat,t73,ushanka,axe_left,0,hat/ushanka-sheet0.png,images/ushanka-sheet0.png,97,1,30,30,0.5,0.5
hat,t73,ushanka,axe_right,0,hat/ushanka-sheet0.png,images/ushanka-sheet0.png,65,1,30,30,0.5,0.5
hat,t73,ushanka,pistol_up,0,hat/ushanka-sheet0.png,images/ushanka-sheet0.png,33,1,30,30,0.5,0.5
hat,t73,ushanka,pistol_down,0,hat/ushanka-sheet1.png,images/ushanka-sheet1.png,65,1,30,30,0.5,0.5
hat,t73,ushanka,pistol_left,0,hat/ushanka-sheet0.png,images/ushanka-sheet0.png,97,1,30,30,0.5,0.5
hat,t73,ushanka,pistol_right,0,hat/ushanka-sheet0.png,images/ushanka-sheet0.png,65,1,30,30,0.5,0.5
hat,t73,ushanka,using_item,0,hat/ushanka-sheet1.png,images/ushanka-sheet1.png,97,1,30,30,0.5,0.5
hat,t76,warm_hat,idle_down,0,hat/warm_hat-sheet0.png,images/warm_hat-sheet0.png,1,1,30,30,0.5,0.5
hat,t76,warm_hat,idle_up,0,hat/warm_hat-sheet0.png,images/warm_hat-sheet0.png,33,1,30,30,0.5,0.5
hat,t76,warm_hat,idle_right,0,hat/warm_hat-sheet0.png,images/warm_hat-sheet0.png,65,1,30,30,0.5,0.5
hat,t76,warm_hat,idle_left,0,hat/warm_hat-sheet0.png,images/warm_hat-sheet0.png,65,1,30,30,0.5,0.5
hat,t76,warm_hat,run_down,0,hat/warm_hat-sheet0.png,images/warm_hat-sheet0.png,97,1,30,30,0.5,0.5
hat,t76,warm_hat,run_down,1,hat/warm_hat-sheet0.png,images/warm_hat-sheet0.png,97,1,30,30,0.5,0.5
hat,t76,warm_hat,run_down,2,hat/warm_hat-sheet0.png,images/warm_hat-sheet0.png,1,33,30,30,0.5,0.5
hat,t76,warm_hat,run_down,3,hat/warm_hat-sheet0.png,images/warm_hat-sheet0.png,33,33,30,30,0.5,0.5
hat,t76,warm_hat,run_up,0,hat/warm_hat-sheet0.png,images/warm_hat-sheet0.png,65,33,30,30,0.5,0.5
hat,t76,warm_hat,run_up,1,hat/warm_hat-sheet0.png,images/warm_hat-sheet0.png,97,33,30,30,0.5,0.5
hat,t76,warm_hat,run_up,2,hat/warm_hat-sheet0.png,images/warm_hat-sheet0.png,65,33,30,30,0.5,0.5
hat,t76,warm_hat,run_up,3,hat/warm_hat-sheet0.png,images/warm_hat-sheet0.png,1,65,30,30,0.5,0.5
hat,t76,warm_hat,run_right,0,hat/warm_hat-sheet0.png,images/warm_hat-sheet0.png,33,65,30,30,0.5,0.5
hat,t76,warm_hat,run_right,1,hat/warm_hat-sheet0.png,images/warm_hat-sheet0.png,65,65,30,30,0.5,0.5
hat,t76,warm_hat,run_right,2,hat/warm_hat-sheet0.png,images/warm_hat-sheet0.png,65,65,30,30,0.5,0.5
hat,t76,warm_hat,run_right,3,hat/warm_hat-sheet0.png,images/warm_hat-sheet0.png,65,65,30,30,0.5,0.5
hat,t76,warm_hat,run_left,0,hat/warm_hat-sheet0.png,images/warm_hat-sheet0.png,97,65,30,30,0.5,0.5
hat,t76,warm_hat,run_left,1,hat/warm_hat-sheet0.png,images/warm_hat-sheet0.png,97,65,30,30,0.5,0.5
hat,t76,warm_hat,run_left,2,hat/warm_hat-sheet0.png,images/warm_hat-sheet0.png,97,65,30,30,0.5,0.5
hat,t76,warm_hat,run_left,3,hat/warm_hat-sheet0.png,images/warm_hat-sheet0.png,1,97,30,30,0.5,0.5
hat,t76,warm_hat,axe_up,0,hat/warm_hat-sheet0.png,images/warm_hat-sheet0.png,33,1,30,30,0.5,0.5
hat,t76,warm_hat,axe_down,0,hat/warm_hat-sheet0.png,images/warm_hat-sheet0.png,1,65,30,30,0.5,0.5
hat,t76,warm_hat,axe_down,1,hat/warm_hat-sheet0.png,images/warm_hat-sheet0.png,33,97,30,30,0.5,0.5
hat,t76,warm_hat,axe_down,2,hat/warm_hat-sheet0.png,images/warm_hat-sheet0.png,1,65,30,30,0.5,0.5
hat,t76,warm_hat,axe_left,0,hat/warm_hat-sheet0.png,images/warm_hat-sheet0.png,65,1,30,30,0.5,0.5
hat,t76,warm_hat,axe_right,0,hat/warm_hat-sheet0.png,images/warm_hat-sheet0.png,65,1,30,30,0.5,0.5
hat,t76,warm_hat,pistol_up,0,hat/warm_hat-sheet0.png,images/warm_hat-sheet0.png,33,1,30,30,0.5,0.5
hat,t76,warm_hat,pistol_down,0,hat/warm_hat-sheet0.png,images/warm_hat-sheet0.png,65,97,30,30,0.5,0.5
hat,t76,warm_hat,pistol_left,0,hat/warm_hat-sheet0.png,images/warm_hat-sheet0.png,65,1,30,30,0.5,0.5
hat,t76,warm_hat,pistol_right,0,hat/warm_hat-sheet0.png,images/warm_hat-sheet0.png,65,1,30,30,0.5,0.5
hat,t76,warm_hat,using_item,0,hat/warm_hat-sheet0.png,images/warm_hat-sheet0.png,97,97,30,30,0.5,0.5
helmet,t99,gorka_helmet,idle_down,0,helmet/gorka_helmet-sheet0.png,images/gorka_helmet-sheet0.png,1,1,30,30,0.5,0.5
helmet,t99,gorka_helmet,idle_up,0,helmet/gorka_helmet-sheet0.png,images/gorka_helmet-sheet0.png,33,1,30,30,0.5,0.5
helmet,t99,gorka_helmet,idle_right,0,helmet/gorka_helmet-sheet0.png,images/gorka_helmet-sheet0.png,65,1,30,30,0.5,0.5
helmet,t99,gorka_helmet,idle_left,0,helmet/gorka_helmet-sheet0.png,images/gorka_helmet-sheet0.png,97,1,30,30,0.5,0.5
helmet,t99,gorka_helmet,run_down,0,helmet/gorka_helmet-sheet0.png,images/gorka_helmet-sheet0.png,1,33,30,30,0.5,0.5
helmet,t99,gorka_helmet,run_down,1,helmet/gorka_helmet-sheet0.png,images/gorka_helmet-sheet0.png,1,33,30,30,0.5,0.5
helmet,t99,gorka_helmet,run_down,2,helmet/gorka_helmet-sheet0.png,images/gorka_helmet-sheet0.png,33,33,30,30,0.5,0.5
helmet,t99,gorka_helmet,run_down,3,helmet/gorka_helmet-sheet0.png,images/gorka_helmet-sheet0.png,65,33,30,30,0.5,0.5
helmet,t99,gorka_helmet,run_up,0,helmet/gorka_helmet-sheet0.png,images/gorka_helmet-sheet0.png,97,33,30,30,0.5,0.5
helmet,t99,gorka_helmet,run_up,1,helmet/gorka_helmet-sheet0.png,images/gorka_helmet-sheet0.png,1,65,30,30,0.5,0.5
helmet,t99,gorka_helmet,run_up,2,helmet/gorka_helmet-sheet0.png,images/gorka_helmet-sheet0.png,97,33,30,30,0.5,0.5
helmet,t99,gorka_helmet,run_up,3,helmet/gorka_helmet-sheet0.png,images/gorka_helmet-sheet0.png,33,65,30,30,0.5,0.5
helmet,t99,gorka_helmet,run_right,0,helmet/gorka_helmet-sheet0.png,images/gorka_helmet-sheet0.png,65,65,30,30,0.5,0.5
helmet,t99,gorka_helmet,run_right,1,helmet/gorka_helmet-sheet0.png,images/gorka_helmet-sheet0.png,97,65,30,30,0.5,0.5
helmet,t99,gorka_helmet,run_right,2,helmet/gorka_helmet-sheet0.png,images/gorka_helmet-sheet0.png,97,65,30,30,0.5,0.5
helmet,t99,gorka_helmet,run_right,3,helmet/gorka_helmet-sheet0.png,images/gorka_helmet-sheet0.png,1,97,30,30,0.5,0.5
helmet,t99,gorka_helmet,run_left,0,helmet/gorka_helmet-sheet0.png,images/gorka_helmet-sheet0.png,33,97,30,30,0.5,0.5
helmet,t99,gorka_helmet,run_left,1,helmet/gorka_helmet-sheet0.png,images/gorka_helmet-sheet0.png,65,97,30,30,0.5,0.5
helmet,t99,gorka_helmet,run_left,2,helmet/gorka_helmet-sheet0.png,images/gorka_helmet-sheet0.png,65,97,30,30,0.5,0.5
helmet,t99,gorka_helmet,run_left,3,helmet/gorka_helmet-sheet0.png,images/gorka_helmet-sheet0.png,97,97,30,30,0.5,0.5
helmet,t99,gorka_helmet,axe_up,0,helmet/gorka_helmet-sheet0.png,images/gorka_helmet-sheet0.png,33,1,30,30,0.5,0.5
helmet,t99,gorka_helmet,axe_down,0,helmet/gorka_helmet-sheet1.png,images/gorka_helmet-sheet1.png,1,1,30,30,0.5,0.5
helmet,t99,gorka_helmet,axe_down,1,helmet/gorka_helmet-sheet1.png,images/gorka_helmet-sheet1.png,33,1,30,30,0.5,0.5
helmet,t99,gorka_helmet,axe_down,2,helmet/gorka_helmet-sheet1.png,images/gorka_helmet-sheet1.png,1,1,30,30,0.5,0.5
helmet,t99,gorka_helmet,axe_left,0,helmet/gorka_helmet-sheet1.png,images/gorka_helmet-sheet1.png,65,1,30,30,0.5,0.5
helmet,t99,gorka_helmet,axe_right,0,helmet/gorka_helmet-sheet0.png,images/gorka_helmet-sheet0.png,65,1,30,30,0.5,0.5
helmet,t99,gorka_helmet,pistol_up,0,helmet/gorka_helmet-sheet0.png,images/gorka_helmet-sheet0.png,33,1,30,30,0.5,0.5
helmet,t99,gorka_helmet,pistol_down,0,helmet/gorka_helmet-sheet1.png,images/gorka_helmet-sheet1.png,97,1,30,30,0.5,0.5
helmet,t99,gorka_helmet,pistol_left,0,helmet/gorka_helmet-sheet0.png,images/gorka_helmet-sheet0.png,97,1,30,30,0.5,0.5
helmet,t99,gorka_helmet,pistol_right,0,helmet/gorka_helmet-sheet0.png,images/gorka_helmet-sheet0.png,65,1,30,30,0.5,0.5
helmet,t99,gorka_helmet,using_item,0,helmet/gorka_helmet-sheet1.png,images/gorka_helmet-sheet1.png,1,33,30,30,0.5,0.5
helmet,t1086,gorka_m2_helmet,idle_down,0,helmet/gorka_m2_helmet-sheet0.png,images/gorka_m2_helmet-sheet0.png,1,1,30,30,0.5,0.5
helmet,t1086,gorka_m2_helmet,idle_up,0,helmet/gorka_m2_helmet-sheet0.png,images/gorka_m2_helmet-sheet0.png,33,1,30,30,0.5,0.5
helmet,t1086,gorka_m2_helmet,idle_right,0,helmet/gorka_m2_helmet-sheet0.png,images/gorka_m2_helmet-sheet0.png,65,1,30,30,0.5,0.5
helmet,t1086,gorka_m2_helmet,idle_left,0,helmet/gorka_m2_helmet-sheet0.png,images/gorka_m2_helmet-sheet0.png,97,1,30,30,0.5,0.5
helmet,t1086,gorka_m2_helmet,run_down,0,helmet/gorka_m2_helmet-sheet0.png,images/gorka_m2_helmet-sheet0.png,1,33,30,30,0.5,0.5
helmet,t1086,gorka_m2_helmet,run_down,1,helmet/gorka_m2_helmet-sheet0.png,images/gorka_m2_helmet-sheet0.png,1,33,30,30,0.5,0.5
helmet,t1086,gorka_m2_helmet,run_down,2,helmet/gorka_m2_helmet-sheet0.png,images/gorka_m2_helmet-sheet0.png,33,33,30,30,0.5,0.5
helmet,t1086,gorka_m2_helmet,run_down,3,helmet/gorka_m2_helmet-sheet0.png,images/gorka_m2_helmet-sheet0.png,65,33,30,30,0.5,0.5
helmet,t1086,gorka_m2_helmet,run_up,0,helmet/gorka_m2_helmet-sheet0.png,images/gorka_m2_helmet-sheet0.png,97,33,30,30,0.5,0.5
helmet,t1086,gorka_m2_helmet,run_up,1,helmet/gorka_m2_helmet-sheet0.png,images/gorka_m2_helmet-sheet0.png,1,65,30,30,0.5,0.5
helmet,t1086,gorka_m2_helmet,run_up,2,helmet/gorka_m2_helmet-sheet0.png,images/gorka_m2_helmet-sheet0.png,97,33,30,30,0.5,0.5
helmet,t1086,gorka_m2_helmet,run_up,3,helmet/gorka_m2_helmet-sheet0.png,images/gorka_m2_helmet-sheet0.png,33,65,30,30,0.5,0.5
helmet,t1086,gorka_m2_helmet,run_right,0,helmet/gorka_m2_helmet-sheet0.png,images/gorka_m2_helmet-sheet0.png,65,65,30,30,0.5,0.5
helmet,t1086,gorka_m2_helmet,run_right,1,helmet/gorka_m2_helmet-sheet0.png,images/gorka_m2_helmet-sheet0.png,97,65,30,30,0.5,0.5
helmet,t1086,gorka_m2_helmet,run_right,2,helmet/gorka_m2_helmet-sheet0.png,images/gorka_m2_helmet-sheet0.png,97,65,30,30,0.5,0.5
helmet,t1086,gorka_m2_helmet,run_right,3,helmet/gorka_m2_helmet-sheet0.png,images/gorka_m2_helmet-sheet0.png,1,97,30,30,0.5,0.5
helmet,t1086,gorka_m2_helmet,run_left,0,helmet/gorka_m2_helmet-sheet0.png,images/gorka_m2_helmet-sheet0.png,33,97,30,30,0.5,0.5
helmet,t1086,gorka_m2_helmet,run_left,1,helmet/gorka_m2_helmet-sheet0.png,images/gorka_m2_helmet-sheet0.png,65,97,30,30,0.5,0.5
helmet,t1086,gorka_m2_helmet,run_left,2,helmet/gorka_m2_helmet-sheet0.png,images/gorka_m2_helmet-sheet0.png,65,97,30,30,0.5,0.5
helmet,t1086,gorka_m2_helmet,run_left,3,helmet/gorka_m2_helmet-sheet0.png,images/gorka_m2_helmet-sheet0.png,97,97,30,30,0.5,0.5
helmet,t1086,gorka_m2_helmet,axe_up,0,helmet/gorka_m2_helmet-sheet0.png,images/gorka_m2_helmet-sheet0.png,33,1,30,30,0.5,0.5
helmet,t1086,gorka_m2_helmet,axe_down,0,helmet/gorka_m2_helmet-sheet1.png,images/gorka_m2_helmet-sheet1.png,1,1,30,30,0.5,0.5
helmet,t1086,gorka_m2_helmet,axe_down,1,helmet/gorka_m2_helmet-sheet1.png,images/gorka_m2_helmet-sheet1.png,33,1,30,30,0.5,0.5
helmet,t1086,gorka_m2_helmet,axe_down,2,helmet/gorka_m2_helmet-sheet1.png,images/gorka_m2_helmet-sheet1.png,1,1,30,30,0.5,0.5
helmet,t1086,gorka_m2_helmet,axe_left,0,helmet/gorka_m2_helmet-sheet1.png,images/gorka_m2_helmet-sheet1.png,65,1,30,30,0.5,0.5
helmet,t1086,gorka_m2_helmet,axe_right,0,helmet/gorka_m2_helmet-sheet0.png,images/gorka_m2_helmet-sheet0.png,65,1,30,30,0.5,0.5
helmet,t1086,gorka_m2_helmet,pistol_up,0,helmet/gorka_m2_helmet-sheet0.png,images/gorka_m2_helmet-sheet0.png,33,1,30,30,0.5,0.5
helmet,t1086,gorka_m2_helmet,pistol_down,0,helmet/gorka_m2_helmet-sheet1.png,images/gorka_m2_helmet-sheet1.png,97,1,30,30,0.5,0.5
helmet,t1086,gorka_m2_helmet,pistol_left,0,helmet/gorka_m2_helmet-sheet0.png,images/gorka_m2_helmet-sheet0.png,97,1,30,30,0.5,0.5
helmet,t1086,gorka_m2_helmet,pistol_right,0,helmet/gorka_m2_helmet-sheet0.png,images/gorka_m2_helmet-sheet0.png,65,1,30,30,0.5,0.5
helmet,t1086,gorka_m2_helmet,using_item,0,helmet/gorka_m2_helmet-sheet1.png,images/gorka_m2_helmet-sheet1.png,1,33,30,30,0.5,0.5
helmet,t1428,gorka_m2_ys_helmet,idle_down,0,helmet/gorka_m2_ys_helmet-sheet0.png,images/gorka_m2_ys_helmet-sheet0.png,1,1,30,30,0.5,0.5
helmet,t1428,gorka_m2_ys_helmet,idle_up,0,helmet/gorka_m2_ys_helmet-sheet0.png,images/gorka_m2_ys_helmet-sheet0.png,33,1,30,30,0.5,0.5
helmet,t1428,gorka_m2_ys_helmet,idle_right,0,helmet/gorka_m2_ys_helmet-sheet0.png,images/gorka_m2_ys_helmet-sheet0.png,65,1,30,30,0.5,0.5
helmet,t1428,gorka_m2_ys_helmet,idle_left,0,helmet/gorka_m2_ys_helmet-sheet0.png,images/gorka_m2_ys_helmet-sheet0.png,97,1,30,30,0.5,0.5
helmet,t1428,gorka_m2_ys_helmet,run_down,0,helmet/gorka_m2_ys_helmet-sheet0.png,images/gorka_m2_ys_helmet-sheet0.png,1,33,30,30,0.5,0.5
helmet,t1428,gorka_m2_ys_helmet,run_down,1,helmet/gorka_m2_ys_helmet-sheet0.png,images/gorka_m2_ys_helmet-sheet0.png,1,33,30,30,0.5,0.5
helmet,t1428,gorka_m2_ys_helmet,run_down,2,helmet/gorka_m2_ys_helmet-sheet0.png,images/gorka_m2_ys_helmet-sheet0.png,33,33,30,30,0.5,0.5
helmet,t1428,gorka_m2_ys_helmet,run_down,3,helmet/gorka_m2_ys_helmet-sheet0.png,images/gorka_m2_ys_helmet-sheet0.png,65,33,30,30,0.5,0.5
helmet,t1428,gorka_m2_ys_helmet,run_up,0,helmet/gorka_m2_ys_helmet-sheet0.png,images/gorka_m2_ys_helmet-sheet0.png,97,33,30,30,0.5,0.5
helmet,t1428,gorka_m2_ys_helmet,run_up,1,helmet/gorka_m2_ys_helmet-sheet0.png,images/gorka_m2_ys_helmet-sheet0.png,1,65,30,30,0.5,0.5
helmet,t1428,gorka_m2_ys_helmet,run_up,2,helmet/gorka_m2_ys_helmet-sheet0.png,images/gorka_m2_ys_helmet-sheet0.png,97,33,30,30,0.5,0.5
helmet,t1428,gorka_m2_ys_helmet,run_up,3,helmet/gorka_m2_ys_helmet-sheet0.png,images/gorka_m2_ys_helmet-sheet0.png,33,65,30,30,0.5,0.5
helmet,t1428,gorka_m2_ys_helmet,run_right,0,helmet/gorka_m2_ys_helmet-sheet0.png,images/gorka_m2_ys_helmet-sheet0.png,65,65,30,30,0.5,0.5
helmet,t1428,gorka_m2_ys_helmet,run_right,1,helmet/gorka_m2_ys_helmet-sheet0.png,images/gorka_m2_ys_helmet-sheet0.png,97,65,30,30,0.5,0.5
helmet,t1428,gorka_m2_ys_helmet,run_right,2,helmet/gorka_m2_ys_helmet-sheet0.png,images/gorka_m2_ys_helmet-sheet0.png,97,65,30,30,0.5,0.5
helmet,t1428,gorka_m2_ys_helmet,run_right,3,helmet/gorka_m2_ys_helmet-sheet0.png,images/gorka_m2_ys_helmet-sheet0.png,1,97,30,30,0.5,0.5
helmet,t1428,gorka_m2_ys_helmet,run_left,0,helmet/gorka_m2_ys_helmet-sheet0.png,images/gorka_m2_ys_helmet-sheet0.png,33,97,30,30,0.5,0.5
helmet,t1428,gorka_m2_ys_helmet,run_left,1,helmet/gorka_m2_ys_helmet-sheet0.png,images/gorka_m2_ys_helmet-sheet0.png,65,97,30,30,0.5,0.5
helmet,t1428,gorka_m2_ys_helmet,run_left,2,helmet/gorka_m2_ys_helmet-sheet0.png,images/gorka_m2_ys_helmet-sheet0.png,65,97,30,30,0.5,0.5
helmet,t1428,gorka_m2_ys_helmet,run_left,3,helmet/gorka_m2_ys_helmet-sheet0.png,images/gorka_m2_ys_helmet-sheet0.png,97,97,30,30,0.5,0.5
helmet,t1428,gorka_m2_ys_helmet,axe_up,0,helmet/gorka_m2_ys_helmet-sheet0.png,images/gorka_m2_ys_helmet-sheet0.png,33,1,30,30,0.5,0.5
helmet,t1428,gorka_m2_ys_helmet,axe_down,0,helmet/gorka_m2_ys_helmet-sheet1.png,images/gorka_m2_ys_helmet-sheet1.png,1,1,30,30,0.5,0.5
helmet,t1428,gorka_m2_ys_helmet,axe_down,1,helmet/gorka_m2_ys_helmet-sheet1.png,images/gorka_m2_ys_helmet-sheet1.png,33,1,30,30,0.5,0.5
helmet,t1428,gorka_m2_ys_helmet,axe_down,2,helmet/gorka_m2_ys_helmet-sheet1.png,images/gorka_m2_ys_helmet-sheet1.png,1,1,30,30,0.5,0.5
helmet,t1428,gorka_m2_ys_helmet,axe_left,0,helmet/gorka_m2_ys_helmet-sheet1.png,images/gorka_m2_ys_helmet-sheet1.png,65,1,30,30,0.5,0.5
helmet,t1428,gorka_m2_ys_helmet,axe_right,0,helmet/gorka_m2_ys_helmet-sheet0.png,images/gorka_m2_ys_helmet-sheet0.png,65,1,30,30,0.5,0.5
helmet,t1428,gorka_m2_ys_helmet,pistol_up,0,helmet/gorka_m2_ys_helmet-sheet0.png,images/gorka_m2_ys_helmet-sheet0.png,33,1,30,30,0.5,0.5
helmet,t1428,gorka_m2_ys_helmet,pistol_down,0,helmet/gorka_m2_ys_helmet-sheet1.png,images/gorka_m2_ys_helmet-sheet1.png,97,1,30,30,0.5,0.5
helmet,t1428,gorka_m2_ys_helmet,pistol_left,0,helmet/gorka_m2_ys_helmet-sheet0.png,images/gorka_m2_ys_helmet-sheet0.png,97,1,30,30,0.5,0.5
helmet,t1428,gorka_m2_ys_helmet,pistol_right,0,helmet/gorka_m2_ys_helmet-sheet0.png,images/gorka_m2_ys_helmet-sheet0.png,65,1,30,30,0.5,0.5
helmet,t1428,gorka_m2_ys_helmet,using_item,0,helmet/gorka_m2_ys_helmet-sheet1.png,images/gorka_m2_ys_helmet-sheet1.png,1,33,30,30,0.5,0.5
helmet,t1087,gorka_m3_helmet,idle_down,0,helmet/gorka_m3_helmet-sheet0.png,images/gorka_m3_helmet-sheet0.png,1,1,30,30,0.5,0.5
helmet,t1087,gorka_m3_helmet,idle_up,0,helmet/gorka_m3_helmet-sheet0.png,images/gorka_m3_helmet-sheet0.png,33,1,30,30,0.5,0.5
helmet,t1087,gorka_m3_helmet,idle_right,0,helmet/gorka_m3_helmet-sheet0.png,images/gorka_m3_helmet-sheet0.png,65,1,30,30,0.5,0.5
helmet,t1087,gorka_m3_helmet,idle_left,0,helmet/gorka_m3_helmet-sheet0.png,images/gorka_m3_helmet-sheet0.png,97,1,30,30,0.5,0.5
helmet,t1087,gorka_m3_helmet,run_down,0,helmet/gorka_m3_helmet-sheet0.png,images/gorka_m3_helmet-sheet0.png,1,33,30,30,0.5,0.5
helmet,t1087,gorka_m3_helmet,run_down,1,helmet/gorka_m3_helmet-sheet0.png,images/gorka_m3_helmet-sheet0.png,1,33,30,30,0.5,0.5
helmet,t1087,gorka_m3_helmet,run_down,2,helmet/gorka_m3_helmet-sheet0.png,images/gorka_m3_helmet-sheet0.png,33,33,30,30,0.5,0.5
helmet,t1087,gorka_m3_helmet,run_down,3,helmet/gorka_m3_helmet-sheet0.png,images/gorka_m3_helmet-sheet0.png,65,33,30,30,0.5,0.5
helmet,t1087,gorka_m3_helmet,run_up,0,helmet/gorka_m3_helmet-sheet0.png,images/gorka_m3_helmet-sheet0.png,97,33,30,30,0.5,0.5
helmet,t1087,gorka_m3_helmet,run_up,1,helmet/gorka_m3_helmet-sheet0.png,images/gorka_m3_helmet-sheet0.png,1,65,30,30,0.5,0.5
helmet,t1087,gorka_m3_helmet,run_up,2,helmet/gorka_m3_helmet-sheet0.png,images/gorka_m3_helmet-sheet0.png,97,33,30,30,0.5,0.5
helmet,t1087,gorka_m3_helmet,run_up,3,helmet/gorka_m3_helmet-sheet0.png,images/gorka_m3_helmet-sheet0.png,33,65,30,30,0.5,0.5
helmet,t1087,gorka_m3_helmet,run_right,0,helmet/gorka_m3_helmet-sheet0.png,images/gorka_m3_helmet-sheet0.png,65,65,30,30,0.5,0.5
helmet,t1087,gorka_m3_helmet,run_right,1,helmet/gorka_m3_helmet-sheet0.png,images/gorka_m3_helmet-sheet0.png,97,65,30,30,0.5,0.5
helmet,t1087,gorka_m3_helmet,run_right,2,helmet/gorka_m3_helmet-sheet0.png,images/gorka_m3_helmet-sheet0.png,97,65,30,30,0.5,0.5
helmet,t1087,gorka_m3_helmet,run_right,3,helmet/gorka_m3_helmet-sheet0.png,images/gorka_m3_helmet-sheet0.png,1,97,30,30,0.5,0.5
helmet,t1087,gorka_m3_helmet,run_left,0,helmet/gorka_m3_helmet-sheet0.png,images/gorka_m3_helmet-sheet0.png,33,97,30,30,0.5,0.5
helmet,t1087,gorka_m3_helmet,run_left,1,helmet/gorka_m3_helmet-sheet0.png,images/gorka_m3_helmet-sheet0.png,65,97,30,30,0.5,0.5
helmet,t1087,gorka_m3_helmet,run_left,2,helmet/gorka_m3_helmet-sheet0.png,images/gorka_m3_helmet-sheet0.png,65,97,30,30,0.5,0.5
helmet,t1087,gorka_m3_helmet,run_left,3,helmet/gorka_m3_helmet-sheet0.png,images/gorka_m3_helmet-sheet0.png,97,97,30,30,0.5,0.5
helmet,t1087,gorka_m3_helmet,axe_up,0,helmet/gorka_m3_helmet-sheet0.png,images/gorka_m3_helmet-sheet0.png,33,1,30,30,0.5,0.5
helmet,t1087,gorka_m3_helmet,axe_down,0,helmet/gorka_m3_helmet-sheet1.png,images/gorka_m3_helmet-sheet1.png,1,1,30,30,0.5,0.5
helmet,t1087,gorka_m3_helmet,axe_down,1,helmet/gorka_m3_helmet-sheet1.png,images/gorka_m3_helmet-sheet1.png,33,1,30,30,0.5,0.5
helmet,t1087,gorka_m3_helmet,axe_down,2,helmet/gorka_m3_helmet-sheet1.png,images/gorka_m3_helmet-sheet1.png,1,1,30,30,0.5,0.5
helmet,t1087,gorka_m3_helmet,axe_left,0,helmet/gorka_m3_helmet-sheet1.png,images/gorka_m3_helmet-sheet1.png,65,1,30,30,0.5,0.5
helmet,t1087,gorka_m3_helmet,axe_right,0,helmet/gorka_m3_helmet-sheet0.png,images/gorka_m3_helmet-sheet0.png,65,1,30,30,0.5,0.5
helmet,t1087,gorka_m3_helmet,pistol_up,0,helmet/gorka_m3_helmet-sheet0.png,images/gorka_m3_helmet-sheet0.png,33,1,30,30,0.5,0.5
helmet,t1087,gorka_m3_helmet,pistol_down,0,helmet/gorka_m3_helmet-sheet1.png,images/gorka_m3_helmet-sheet1.png,97,1,30,30,0.5,0.5
helmet,t1087,gorka_m3_helmet,pistol_left,0,helmet/gorka_m3_helmet-sheet0.png,images/gorka_m3_helmet-sheet0.png,97,1,30,30,0.5,0.5
helmet,t1087,gorka_m3_helmet,pistol_right,0,helmet/gorka_m3_helmet-sheet0.png,images/gorka_m3_helmet-sheet0.png,65,1,30,30,0.5,0.5
helmet,t1087,gorka_m3_helmet,using_item,0,helmet/gorka_m3_helmet-sheet1.png,images/gorka_m3_helmet-sheet1.png,1,33,30,30,0.5,0.5
helmet,t120,greathelm,idle_down,0,helmet/greathelm-sheet0.png,images/greathelm-sheet0.png,1,1,30,30,0.5,0.5
helmet,t120,greathelm,idle_up,0,helmet/greathelm-sheet0.png,images/greathelm-sheet0.png,33,1,30,30,0.5,0.5
helmet,t120,greathelm,idle_right,0,helmet/greathelm-sheet0.png,images/greathelm-sheet0.png,65,1,30,30,0.5,0.5
helmet,t120,greathelm,idle_left,0,helmet/greathelm-sheet0.png,images/greathelm-sheet0.png,97,1,30,30,0.5,0.5
helmet,t120,greathelm,run_down,0,helmet/greathelm-sheet0.png,images/greathelm-sheet0.png,1,33,30,30,0.5,0.5
helmet,t120,greathelm,run_down,1,helmet/greathelm-sheet0.png,images/greathelm-sheet0.png,1,33,30,30,0.5,0.5
helmet,t120,greathelm,run_down,2,helmet/greathelm-sheet0.png,images/greathelm-sheet0.png,33,33,30,30,0.5,0.5
helmet,t120,greathelm,run_down,3,helmet/greathelm-sheet0.png,images/greathelm-sheet0.png,65,33,30,30,0.5,0.5
helmet,t120,greathelm,run_up,0,helmet/greathelm-sheet0.png,images/greathelm-sheet0.png,97,33,30,30,0.5,0.5
helmet,t120,greathelm,run_up,1,helmet/greathelm-sheet0.png,images/greathelm-sheet0.png,1,65,30,30,0.5,0.5
helmet,t120,greathelm,run_up,2,helmet/greathelm-sheet0.png,images/greathelm-sheet0.png,97,33,30,30,0.5,0.5
helmet,t120,greathelm,run_up,3,helmet/greathelm-sheet0.png,images/greathelm-sheet0.png,33,65,30,30,0.5,0.5
helmet,t120,greathelm,run_right,0,helmet/greathelm-sheet0.png,images/greathelm-sheet0.png,65,65,30,30,0.5,0.5
helmet,t120,greathelm,run_right,1,helmet/greathelm-sheet0.png,images/greathelm-sheet0.png,97,65,30,30,0.5,0.5
helmet,t120,greathelm,run_right,2,helmet/greathelm-sheet0.png,images/greathelm-sheet0.png,97,65,30,30,0.5,0.5
helmet,t120,greathelm,run_right,3,helmet/greathelm-sheet0.png,images/greathelm-sheet0.png,1,97,30,30,0.5,0.5
helmet,t120,greathelm,run_left,0,helmet/greathelm-sheet0.png,images/greathelm-sheet0.png,33,97,30,30,0.5,0.5
helmet,t120,greathelm,run_left,1,helmet/greathelm-sheet0.png,images/greathelm-sheet0.png,33,97,30,30,0.5,0.5
helmet,t120,greathelm,run_left,2,helmet/greathelm-sheet0.png,images/greathelm-sheet0.png,33,97,30,30,0.5,0.5
helmet,t120,greathelm,run_left,3,helmet/greathelm-sheet0.png,images/greathelm-sheet0.png,65,97,30,30,0.5,0.5
helmet,t120,greathelm,axe_up,0,helmet/greathelm-sheet0.png,images/greathelm-sheet0.png,33,65,30,30,0.5,0.5
helmet,t120,greathelm,axe_down,0,helmet/greathelm-sheet0.png,images/greathelm-sheet0.png,1,1,30,30,0.5,0.5
helmet,t120,greathelm,axe_down,1,helmet/greathelm-sheet0.png,images/greathelm-sheet0.png,97,97,30,30,0.5,0.5
helmet,t120,greathelm,axe_down,2,helmet/greathelm-sheet0.png,images/greathelm-sheet0.png,1,1,30,30,0.5,0.5
helmet,t120,greathelm,axe_left,0,helmet/greathelm-sheet0.png,images/greathelm-sheet0.png,97,1,30,30,0.5,0.5
helmet,t120,greathelm,axe_right,0,helmet/greathelm-sheet0.png,images/greathelm-sheet0.png,65,1,30,30,0.5,0.5
helmet,t120,greathelm,pistol_up,0,helmet/greathelm-sheet1.png,images/greathelm-sheet1.png,1,1,30,30,0.5,0.5
helmet,t120,greathelm,pistol_down,0,helmet/greathelm-sheet1.png,images/greathelm-sheet1.png,33,1,30,30,0.5,0.5
helmet,t120,greathelm,pistol_left,0,helmet/greathelm-sheet0.png,images/greathelm-sheet0.png,97,1,30,30,0.5,0.5
helmet,t120,greathelm,pistol_right,0,helmet/greathelm-sheet0.png,images/greathelm-sheet0.png,65,1,30,30,0.5,0.5
helmet,t120,greathelm,using_item,0,helmet/greathelm-sheet1.png,images/greathelm-sheet1.png,1,33,30,30,0.5,0.5
helmet,t40,helmet_army,idle_down,0,helmet/helmet_army-sheet0.png,images/helmet_army-sheet0.png,1,1,30,30,0.5,0.5
helmet,t40,helmet_army,idle_up,0,helmet/helmet_army-sheet0.png,images/helmet_army-sheet0.png,33,1,30,30,0.5,0.5
helmet,t40,helmet_army,idle_right,0,helmet/helmet_army-sheet0.png,images/helmet_army-sheet0.png,65,1,30,30,0.5,0.5
helmet,t40,helmet_army,idle_left,0,helmet/helmet_army-sheet0.png,images/helmet_army-sheet0.png,97,1,30,30,0.5,0.5
helmet,t40,helmet_army,run_down,0,helmet/helmet_army-sheet0.png,images/helmet_army-sheet0.png,1,33,30,30,0.5,0.5
helmet,t40,helmet_army,run_down,1,helmet/helmet_army-sheet0.png,images/helmet_army-sheet0.png,1,33,30,30,0.5,0.5
helmet,t40,helmet_army,run_down,2,helmet/helmet_army-sheet0.png,images/helmet_army-sheet0.png,33,33,30,30,0.5,0.5
helmet,t40,helmet_army,run_down,3,helmet/helmet_army-sheet0.png,images/helmet_army-sheet0.png,65,33,30,30,0.5,0.5
helmet,t40,helmet_army,run_up,0,helmet/helmet_army-sheet0.png,images/helmet_army-sheet0.png,97,33,30,30,0.5,0.5
helmet,t40,helmet_army,run_up,1,helmet/helmet_army-sheet0.png,images/helmet_army-sheet0.png,1,65,30,30,0.5,0.5
helmet,t40,helmet_army,run_up,2,helmet/helmet_army-sheet0.png,images/helmet_army-sheet0.png,97,33,30,30,0.5,0.5
helmet,t40,helmet_army,run_up,3,helmet/helmet_army-sheet0.png,images/helmet_army-sheet0.png,33,65,30,30,0.5,0.5
helmet,t40,helmet_army,run_right,0,helmet/helmet_army-sheet0.png,images/helmet_army-sheet0.png,65,65,30,30,0.5,0.5
helmet,t40,helmet_army,run_right,1,helmet/helmet_army-sheet0.png,images/helmet_army-sheet0.png,97,65,30,30,0.5,0.5
helmet,t40,helmet_army,run_right,2,helmet/helmet_army-sheet0.png,images/helmet_army-sheet0.png,97,65,30,30,0.5,0.5
helmet,t40,helmet_army,run_right,3,helmet/helmet_army-sheet0.png,images/helmet_army-sheet0.png,1,97,30,30,0.5,0.5
helmet,t40,helmet_army,run_left,0,helmet/helmet_army-sheet0.png,images/helmet_army-sheet0.png,33,97,30,30,0.5,0.5
helmet,t40,helmet_army,run_left,1,helmet/helmet_army-sheet0.png,images/helmet_army-sheet0.png,65,97,30,30,0.5,0.5
helmet,t40,helmet_army,run_left,2,helmet/helmet_army-sheet0.png,images/helmet_army-sheet0.png,65,97,30,30,0.5,0.5
helmet,t40,helmet_army,run_left,3,helmet/helmet_army-sheet0.png,images/helmet_army-sheet0.png,97,97,30,30,0.5,0.5
helmet,t40,helmet_army,axe_up,0,helmet/helmet_army-sheet0.png,images/helmet_army-sheet0.png,33,65,30,30,0.5,0.5
helmet,t40,helmet_army,axe_up,1,helmet/helmet_army-sheet1.png,images/helmet_army-sheet1.png,1,1,30,30,0.5,0.5
helmet,t40,helmet_army,axe_up,2,helmet/helmet_army-sheet0.png,images/helmet_army-sheet0.png,33,65,30,30,0.5,0.5
helmet,t40,helmet_army,axe_down,0,helmet/helmet_army-sheet1.png,images/helmet_army-sheet1.png,33,1,30,30,0.5,0.5
helmet,t40,helmet_army,axe_down,1,helmet/helmet_army-sheet1.png,images/helmet_army-sheet1.png,65,1,30,30,0.5,0.5
helmet,t40,helmet_army,axe_down,2,helmet/helmet_army-sheet1.png,images/helmet_army-sheet1.png,33,1,30,30,0.5,0.5
helmet,t40,helmet_army,axe_left,0,helmet/helmet_army-sheet1.png,images/helmet_army-sheet1.png,97,1,30,30,0.5,0.5
helmet,t40,helmet_army,axe_right,0,helmet/helmet_army-sheet1.png,images/helmet_army-sheet1.png,1,33,30,30,0.5,0.5
helmet,t40,helmet_army,pistol_up,0,helmet/helmet_army-sheet0.png,images/helmet_army-sheet0.png,33,65,30,30,0.5,0.5
helmet,t40,helmet_army,pistol_down,0,helmet/helmet_army-sheet1.png,images/helmet_army-sheet1.png,33,33,30,30,0.5,0.5
helmet,t40,helmet_army,pistol_left,0,helmet/helmet_army-sheet1.png,images/helmet_army-sheet1.png,97,1,30,30,0.5,0.5
helmet,t40,helmet_army,pistol_right,0,helmet/helmet_army-sheet1.png,images/helmet_army-sheet1.png,1,33,30,30,0.5,0.5
helmet,t40,helmet_army,using_item,0,helmet/helmet_army-sheet1.png,images/helmet_army-sheet1.png,65,33,30,30,0.5,0.5
helmet,t41,helmet_hard,idle_down,0,helmet/helmet_hard-sheet0.png,images/helmet_hard-sheet0.png,1,1,30,30,0.5,0.5
helmet,t41,helmet_hard,idle_up,0,helmet/helmet_hard-sheet0.png,images/helmet_hard-sheet0.png,33,1,30,30,0.5,0.5
helmet,t41,helmet_hard,idle_right,0,helmet/helmet_hard-sheet0.png,images/helmet_hard-sheet0.png,65,1,30,30,0.5,0.5
helmet,t41,helmet_hard,idle_left,0,helmet/helmet_hard-sheet0.png,images/helmet_hard-sheet0.png,97,1,30,30,0.5,0.5
helmet,t41,helmet_hard,run_down,0,helmet/helmet_hard-sheet0.png,images/helmet_hard-sheet0.png,1,33,30,30,0.5,0.5
helmet,t41,helmet_hard,run_down,1,helmet/helmet_hard-sheet0.png,images/helmet_hard-sheet0.png,1,33,30,30,0.5,0.5
helmet,t41,helmet_hard,run_down,2,helmet/helmet_hard-sheet0.png,images/helmet_hard-sheet0.png,33,33,30,30,0.5,0.5
helmet,t41,helmet_hard,run_down,3,helmet/helmet_hard-sheet0.png,images/helmet_hard-sheet0.png,65,33,30,30,0.5,0.5
helmet,t41,helmet_hard,run_up,0,helmet/helmet_hard-sheet0.png,images/helmet_hard-sheet0.png,97,33,30,30,0.5,0.5
helmet,t41,helmet_hard,run_up,1,helmet/helmet_hard-sheet0.png,images/helmet_hard-sheet0.png,1,65,30,30,0.5,0.5
helmet,t41,helmet_hard,run_up,2,helmet/helmet_hard-sheet0.png,images/helmet_hard-sheet0.png,97,33,30,30,0.5,0.5
helmet,t41,helmet_hard,run_up,3,helmet/helmet_hard-sheet0.png,images/helmet_hard-sheet0.png,33,1,30,30,0.5,0.5
helmet,t41,helmet_hard,run_right,0,helmet/helmet_hard-sheet0.png,images/helmet_hard-sheet0.png,33,65,30,30,0.5,0.5
helmet,t41,helmet_hard,run_right,1,helmet/helmet_hard-sheet0.png,images/helmet_hard-sheet0.png,65,65,30,30,0.5,0.5
helmet,t41,helmet_hard,run_right,2,helmet/helmet_hard-sheet0.png,images/helmet_hard-sheet0.png,65,65,30,30,0.5,0.5
helmet,t41,helmet_hard,run_right,3,helmet/helmet_hard-sheet0.png,images/helmet_hard-sheet0.png,97,65,30,30,0.5,0.5
helmet,t41,helmet_hard,run_left,0,helmet/helmet_hard-sheet0.png,images/helmet_hard-sheet0.png,1,97,30,30,0.5,0.5
helmet,t41,helmet_hard,run_left,1,helmet/helmet_hard-sheet0.png,images/helmet_hard-sheet0.png,33,97,30,30,0.5,0.5
helmet,t41,helmet_hard,run_left,2,helmet/helmet_hard-sheet0.png,images/helmet_hard-sheet0.png,33,97,30,30,0.5,0.5
helmet,t41,helmet_hard,run_left,3,helmet/helmet_hard-sheet0.png,images/helmet_hard-sheet0.png,65,97,30,30,0.5,0.5
helmet,t41,helmet_hard,axe_up,0,helmet/helmet_hard-sheet0.png,images/helmet_hard-sheet0.png,33,1,30,30,0.5,0.5
helmet,t41,helmet_hard,axe_up,1,helmet/helmet_hard-sheet0.png,images/helmet_hard-sheet0.png,33,1,30,30,0.5,0.5
helmet,t41,helmet_hard,axe_up,2,helmet/helmet_hard-sheet0.png,images/helmet_hard-sheet0.png,33,1,30,30,0.5,0.5
helmet,t41,helmet_hard,axe_down,0,helmet/helmet_hard-sheet0.png,images/helmet_hard-sheet0.png,97,97,30,30,0.5,0.5
helmet,t41,helmet_hard,axe_down,1,helmet/helmet_hard-sheet1.png,images/helmet_hard-sheet1.png,1,1,30,30,0.5,0.5
helmet,t41,helmet_hard,axe_down,2,helmet/helmet_hard-sheet0.png,images/helmet_hard-sheet0.png,97,97,30,30,0.5,0.5
helmet,t41,helmet_hard,axe_left,0,helmet/helmet_hard-sheet0.png,images/helmet_hard-sheet0.png,97,1,30,30,0.5,0.5
helmet,t41,helmet_hard,axe_left,1,helmet/helmet_hard-sheet0.png,images/helmet_hard-sheet0.png,97,1,30,30,0.5,0.5
helmet,t41,helmet_hard,axe_left,2,helmet/helmet_hard-sheet0.png,images/helmet_hard-sheet0.png,97,1,30,30,0.5,0.5
helmet,t41,helmet_hard,axe_right,0,helmet/helmet_hard-sheet0.png,images/helmet_hard-sheet0.png,65,1,30,30,0.5,0.5
helmet,t41,helmet_hard,axe_right,1,helmet/helmet_hard-sheet0.png,images/helmet_hard-sheet0.png,65,1,30,30,0.5,0.5
helmet,t41,helmet_hard,axe_right,2,helmet/helmet_hard-sheet0.png,images/helmet_hard-sheet0.png,65,1,30,30,0.5,0.5
helmet,t41,helmet_hard,pistol_up,0,helmet/helmet_hard-sheet0.png,images/helmet_hard-sheet0.png,33,1,30,30,0.5,0.5
helmet,t41,helmet_hard,pistol_down,0,helmet/helmet_hard-sheet1.png,images/helmet_hard-sheet1.png,33,1,30,30,0.5,0.5
helmet,t41,helmet_hard,pistol_left,0,helmet/helmet_hard-sheet0.png,images/helmet_hard-sheet0.png,97,1,30,30,0.5,0.5
helmet,t41,helmet_hard,pistol_right,0,helmet/helmet_hard-sheet0.png,images/helmet_hard-sheet0.png,65,1,30,30,0.5,0.5
helmet,t41,helmet_hard,using_item,0,helmet/helmet_hard-sheet1.png,images/helmet_hard-sheet1.png,1,33,30,30,0.5,0.5
helmet,t42,helmet_moto,idle_down,0,helmet/helmet_moto-sheet0.png,images/helmet_moto-sheet0.png,1,1,30,30,0.5,0.5
helmet,t42,helmet_moto,run_down,0,helmet/helmet_moto-sheet0.png,images/helmet_moto-sheet0.png,33,1,30,30,0.5,0.5
helmet,t42,helmet_moto,run_down,1,helmet/helmet_moto-sheet0.png,images/helmet_moto-sheet0.png,33,1,30,30,0.5,0.5
helmet,t42,helmet_moto,run_down,2,helmet/helmet_moto-sheet0.png,images/helmet_moto-sheet0.png,65,1,30,30,0.5,0.5
helmet,t42,helmet_moto,run_down,3,helmet/helmet_moto-sheet0.png,images/helmet_moto-sheet0.png,97,1,30,30,0.5,0.5
helmet,t42,helmet_moto,idle_up,0,helmet/helmet_moto-sheet0.png,images/helmet_moto-sheet0.png,1,33,30,30,0.5,0.5
helmet,t42,helmet_moto,run_up,0,helmet/helmet_moto-sheet0.png,images/helmet_moto-sheet0.png,33,33,30,30,0.5,0.5
helmet,t42,helmet_moto,run_up,1,helmet/helmet_moto-sheet0.png,images/helmet_moto-sheet0.png,65,33,30,30,0.5,0.5
helmet,t42,helmet_moto,run_up,2,helmet/helmet_moto-sheet0.png,images/helmet_moto-sheet0.png,33,33,30,30,0.5,0.5
helmet,t42,helmet_moto,run_up,3,helmet/helmet_moto-sheet0.png,images/helmet_moto-sheet0.png,97,33,30,30,0.5,0.5
helmet,t42,helmet_moto,idle_right,0,helmet/helmet_moto-sheet0.png,images/helmet_moto-sheet0.png,1,65,30,30,0.5,0.5
helmet,t42,helmet_moto,run_right,0,helmet/helmet_moto-sheet0.png,images/helmet_moto-sheet0.png,33,65,30,30,0.5,0.5
helmet,t42,helmet_moto,run_right,1,helmet/helmet_moto-sheet0.png,images/helmet_moto-sheet0.png,65,65,30,30,0.5,0.5
helmet,t42,helmet_moto,run_right,2,helmet/helmet_moto-sheet0.png,images/helmet_moto-sheet0.png,65,65,30,30,0.5,0.5
helmet,t42,helmet_moto,run_right,3,helmet/helmet_moto-sheet0.png,images/helmet_moto-sheet0.png,97,65,30,30,0.5,0.5
helmet,t42,helmet_moto,idle_left,0,helmet/helmet_moto-sheet0.png,images/helmet_moto-sheet0.png,1,97,30,30,0.5,0.5
helmet,t42,helmet_moto,run_left,0,helmet/helmet_moto-sheet0.png,images/helmet_moto-sheet0.png,33,97,30,30,0.5,0.5
helmet,t42,helmet_moto,run_left,1,helmet/helmet_moto-sheet0.png,images/helmet_moto-sheet0.png,65,97,30,30,0.5,0.5
helmet,t42,helmet_moto,run_left,2,helmet/helmet_moto-sheet0.png,images/helmet_moto-sheet0.png,65,97,30,30,0.5,0.5
helmet,t42,helmet_moto,run_left,3,helmet/helmet_moto-sheet0.png,images/helmet_moto-sheet0.png,97,97,30,30,0.5,0.5
helmet,t42,helmet_moto,axe_up,0,helmet/helmet_moto-sheet0.png,images/helmet_moto-sheet0.png,97,33,30,30,0.5,0.5
helmet,t42,helmet_moto,axe_up,1,helmet/helmet_moto-sheet0.png,images/helmet_moto-sheet0.png,97,33,30,30,0.5,0.5
helmet,t42,helmet_moto,axe_up,2,helmet/helmet_moto-sheet0.png,images/helmet_moto-sheet0.png,97,33,30,30,0.5,0.5
helmet,t42,helmet_moto,axe_down,0,helmet/helmet_moto-sheet1.png,images/helmet_moto-sheet1.png,1,1,30,30,0.5,0.5
helmet,t42,helmet_moto,axe_down,1,helmet/helmet_moto-sheet1.png,images/helmet_moto-sheet1.png,33,1,30,30,0.5,0.5
helmet,t42,helmet_moto,axe_down,2,helmet/helmet_moto-sheet1.png,images/helmet_moto-sheet1.png,1,1,30,30,0.5,0.5
helmet,t42,helmet_moto,axe_left,0,helmet/helmet_moto-sheet0.png,images/helmet_moto-sheet0.png,1,97,30,30,0.5,0.5
helmet,t42,helmet_moto,axe_left,1,helmet/helmet_moto-sheet0.png,images/helmet_moto-sheet0.png,1,97,30,30,0.5,0.5
helmet,t42,helmet_moto,axe_left,2,helmet/helmet_moto-sheet0.png,images/helmet_moto-sheet0.png,1,97,30,30,0.5,0.5
helmet,t42,helmet_moto,axe_right,0,helmet/helmet_moto-sheet0.png,images/helmet_moto-sheet0.png,1,65,30,30,0.5,0.5
helmet,t42,helmet_moto,axe_right,1,helmet/helmet_moto-sheet0.png,images/helmet_moto-sheet0.png,1,65,30,30,0.5,0.5
helmet,t42,helmet_moto,axe_right,2,helmet/helmet_moto-sheet0.png,images/helmet_moto-sheet0.png,1,65,30,30,0.5,0.5
helmet,t42,helmet_moto,pistol_up,0,helmet/helmet_moto-sheet0.png,images/helmet_moto-sheet0.png,97,33,30,30,0.5,0.5
helmet,t42,helmet_moto,pistol_down,0,helmet/helmet_moto-sheet1.png,images/helmet_moto-sheet1.png,65,1,30,30,0.5,0.5
helmet,t42,helmet_moto,pistol_left,0,helmet/helmet_moto-sheet0.png,images/helmet_moto-sheet0.png,1,97,30,30,0.5,0.5
helmet,t42,helmet_moto,pistol_right,0,helmet/helmet_moto-sheet1.png,images/helmet_moto-sheet1.png,97,1,30,30,0.5,0.5
helmet,t42,helmet_moto,using_item,0,helmet/helmet_moto-sheet1.png,images/helmet_moto-sheet1.png,1,33,30,30,0.5,0.5
helmet,t62,helmet_moto_red,idle_down,0,helmet/helmet_moto_red-sheet0.png,images/helmet_moto_red-sheet0.png,1,1,30,30,0.5,0.5
helmet,t62,helmet_moto_red,idle_up,0,helmet/helmet_moto_red-sheet0.png,images/helmet_moto_red-sheet0.png,33,1,30,30,0.5,0.5
helmet,t62,helmet_moto_red,idle_right,0,helmet/helmet_moto_red-sheet0.png,images/helmet_moto_red-sheet0.png,65,1,30,30,0.5,0.5
helmet,t62,helmet_moto_red,idle_left,0,helmet/helmet_moto_red-sheet0.png,images/helmet_moto_red-sheet0.png,97,1,30,30,0.5,0.5
helmet,t62,helmet_moto_red,run_down,0,helmet/helmet_moto_red-sheet0.png,images/helmet_moto_red-sheet0.png,1,33,30,30,0.5,0.5
helmet,t62,helmet_moto_red,run_down,1,helmet/helmet_moto_red-sheet0.png,images/helmet_moto_red-sheet0.png,1,33,30,30,0.5,0.5
helmet,t62,helmet_moto_red,run_down,2,helmet/helmet_moto_red-sheet0.png,images/helmet_moto_red-sheet0.png,33,33,30,30,0.5,0.5
helmet,t62,helmet_moto_red,run_down,3,helmet/helmet_moto_red-sheet0.png,images/helmet_moto_red-sheet0.png,65,33,30,30,0.5,0.5
helmet,t62,helmet_moto_red,run_up,0,helmet/helmet_moto_red-sheet0.png,images/helmet_moto_red-sheet0.png,97,33,30,30,0.5,0.5
helmet,t62,helmet_moto_red,run_up,1,helmet/helmet_moto_red-sheet0.png,images/helmet_moto_red-sheet0.png,1,65,30,30,0.5,0.5
helmet,t62,helmet_moto_red,run_up,2,helmet/helmet_moto_red-sheet0.png,images/helmet_moto_red-sheet0.png,97,33,30,30,0.5,0.5
helmet,t62,helmet_moto_red,run_up,3,helmet/helmet_moto_red-sheet0.png,images/helmet_moto_red-sheet0.png,33,65,30,30,0.5,0.5
helmet,t62,helmet_moto_red,run_right,0,helmet/helmet_moto_red-sheet0.png,images/helmet_moto_red-sheet0.png,65,65,30,30,0.5,0.5
helmet,t62,helmet_moto_red,run_right,1,helmet/helmet_moto_red-sheet0.png,images/helmet_moto_red-sheet0.png,97,65,30,30,0.5,0.5
helmet,t62,helmet_moto_red,run_right,2,helmet/helmet_moto_red-sheet0.png,images/helmet_moto_red-sheet0.png,97,65,30,30,0.5,0.5
helmet,t62,helmet_moto_red,run_right,3,helmet/helmet_moto_red-sheet0.png,images/helmet_moto_red-sheet0.png,1,97,30,30,0.5,0.5
helmet,t62,helmet_moto_red,run_left,0,helmet/helmet_moto_red-sheet0.png,images/helmet_moto_red-sheet0.png,33,97,30,30,0.5,0.5
helmet,t62,helmet_moto_red,run_left,1,helmet/helmet_moto_red-sheet0.png,images/helmet_moto_red-sheet0.png,65,97,30,30,0.5,0.5
helmet,t62,helmet_moto_red,run_left,2,helmet/helmet_moto_red-sheet0.png,images/helmet_moto_red-sheet0.png,65,97,30,30,0.5,0.5
helmet,t62,helmet_moto_red,run_left,3,helmet/helmet_moto_red-sheet0.png,images/helmet_moto_red-sheet0.png,97,97,30,30,0.5,0.5
helmet,t62,helmet_moto_red,axe_up,0,helmet/helmet_moto_red-sheet0.png,images/helmet_moto_red-sheet0.png,33,1,30,30,0.5,0.5
helmet,t62,helmet_moto_red,axe_down,0,helmet/helmet_moto_red-sheet0.png,images/helmet_moto_red-sheet0.png,1,1,30,30,0.5,0.5
helmet,t62,helmet_moto_red,axe_down,1,helmet/helmet_moto_red-sheet1.png,images/helmet_moto_red-sheet1.png,1,1,30,30,0.5,0.5
helmet,t62,helmet_moto_red,axe_down,2,helmet/helmet_moto_red-sheet0.png,images/helmet_moto_red-sheet0.png,1,1,30,30,0.5,0.5
helmet,t62,helmet_moto_red,axe_left,0,helmet/helmet_moto_red-sheet1.png,images/helmet_moto_red-sheet1.png,33,1,30,30,0.5,0.5
helmet,t62,helmet_moto_red,axe_right,0,helmet/helmet_moto_red-sheet0.png,images/helmet_moto_red-sheet0.png,65,1,30,30,0.5,0.5
helmet,t62,helmet_moto_red,pistol_up,0,helmet/helmet_moto_red-sheet0.png,images/helmet_moto_red-sheet0.png,33,1,30,30,0.5,0.5
helmet,t62,helmet_moto_red,pistol_down,0,helmet/helmet_moto_red-sheet1.png,images/helmet_moto_red-sheet1.png,65,1,30,30,0.5,0.5
helmet,t62,helmet_moto_red,pistol_left,0,helmet/helmet_moto_red-sheet1.png,images/helmet_moto_red-sheet1.png,33,1,30,30,0.5,0.5
helmet,t62,helmet_moto_red,pistol_right,0,helmet/helmet_moto_red-sheet0.png,images/helmet_moto_red-sheet0.png,65,1,30,30,0.5,0.5
helmet,t62,helmet_moto_red,using_item,0,helmet/helmet_moto_red-sheet1.png,images/helmet_moto_red-sheet1.png,97,1,30,30,0.5,0.5
helmet,t105,helmet_nvg,idle_down,0,helmet/helmet_nvg-sheet0.png,images/helmet_nvg-sheet0.png,1,1,30,30,0.5,0.5
helmet,t105,helmet_nvg,idle_up,0,helmet/helmet_nvg-sheet0.png,images/helmet_nvg-sheet0.png,33,1,30,30,0.5,0.5
helmet,t105,helmet_nvg,idle_right,0,helmet/helmet_nvg-sheet0.png,images/helmet_nvg-sheet0.png,65,1,30,30,0.5,0.5
helmet,t105,helmet_nvg,idle_left,0,helmet/helmet_nvg-sheet0.png,images/helmet_nvg-sheet0.png,97,1,30,30,0.5,0.5
helmet,t105,helmet_nvg,run_down,0,helmet/helmet_nvg-sheet0.png,images/helmet_nvg-sheet0.png,1,33,30,30,0.5,0.5
helmet,t105,helmet_nvg,run_down,1,helmet/helmet_nvg-sheet0.png,images/helmet_nvg-sheet0.png,1,33,30,30,0.5,0.5
helmet,t105,helmet_nvg,run_down,2,helmet/helmet_nvg-sheet0.png,images/helmet_nvg-sheet0.png,33,33,30,30,0.5,0.5
helmet,t105,helmet_nvg,run_down,3,helmet/helmet_nvg-sheet0.png,images/helmet_nvg-sheet0.png,65,33,30,30,0.5,0.5
helmet,t105,helmet_nvg,run_up,0,helmet/helmet_nvg-sheet0.png,images/helmet_nvg-sheet0.png,97,33,30,30,0.5,0.5
helmet,t105,helmet_nvg,run_up,1,helmet/helmet_nvg-sheet0.png,images/helmet_nvg-sheet0.png,1,65,30,30,0.5,0.5
helmet,t105,helmet_nvg,run_up,2,helmet/helmet_nvg-sheet0.png,images/helmet_nvg-sheet0.png,97,33,30,30,0.5,0.5
helmet,t105,helmet_nvg,run_up,3,helmet/helmet_nvg-sheet0.png,images/helmet_nvg-sheet0.png,33,65,30,30,0.5,0.5
helmet,t105,helmet_nvg,run_right,0,helmet/helmet_nvg-sheet0.png,images/helmet_nvg-sheet0.png,65,65,30,30,0.5,0.5
helmet,t105,helmet_nvg,run_right,1,helmet/helmet_nvg-sheet0.png,images/helmet_nvg-sheet0.png,97,65,30,30,0.5,0.5
helmet,t105,helmet_nvg,run_right,2,helmet/helmet_nvg-sheet0.png,images/helmet_nvg-sheet0.png,97,65,30,30,0.5,0.5
helmet,t105,helmet_nvg,run_right,3,helmet/helmet_nvg-sheet0.png,images/helmet_nvg-sheet0.png,1,97,30,30,0.5,0.5
helmet,t105,helmet_nvg,run_left,0,helmet/helmet_nvg-sheet0.png,images/helmet_nvg-sheet0.png,33,97,30,30,0.5,0.5
helmet,t105,helmet_nvg,run_left,1,helmet/helmet_nvg-sheet0.png,images/helmet_nvg-sheet0.png,65,97,30,30,0.5,0.5
helmet,t105,helmet_nvg,run_left,2,helmet/helmet_nvg-sheet0.png,images/helmet_nvg-sheet0.png,65,97,30,30,0.5,0.5
helmet,t105,helmet_nvg,run_left,3,helmet/helmet_nvg-sheet0.png,images/helmet_nvg-sheet0.png,97,97,30,30,0.5,0.5
helmet,t105,helmet_nvg,axe_up,0,helmet/helmet_nvg-sheet0.png,images/helmet_nvg-sheet0.png,33,1,30,30,0.5,0.5
helmet,t105,helmet_nvg,axe_down,0,helmet/helmet_nvg-sheet1.png,images/helmet_nvg-sheet1.png,1,1,30,30,0.5,0.5
helmet,t105,helmet_nvg,axe_down,1,helmet/helmet_nvg-sheet1.png,images/helmet_nvg-sheet1.png,33,1,30,30,0.5,0.5
helmet,t105,helmet_nvg,axe_down,2,helmet/helmet_nvg-sheet1.png,images/helmet_nvg-sheet1.png,1,1,30,30,0.5,0.5
helmet,t105,helmet_nvg,axe_left,0,helmet/helmet_nvg-sheet0.png,images/helmet_nvg-sheet0.png,97,1,30,30,0.5,0.5
helmet,t105,helmet_nvg,axe_right,0,helmet/helmet_nvg-sheet0.png,images/helmet_nvg-sheet0.png,65,1,30,30,0.5,0.5
helmet,t105,helmet_nvg,pistol_up,0,helmet/helmet_nvg-sheet0.png,images/helmet_nvg-sheet0.png,33,1,30,30,0.5,0.5
helmet,t105,helmet_nvg,pistol_down,0,helmet/helmet_nvg-sheet1.png,images/helmet_nvg-sheet1.png,65,1,30,30,0.5,0.5
helmet,t105,helmet_nvg,pistol_left,0,helmet/helmet_nvg-sheet0.png,images/helmet_nvg-sheet0.png,97,1,30,30,0.5,0.5
helmet,t105,helmet_nvg,pistol_right,0,helmet/helmet_nvg-sheet0.png,images/helmet_nvg-sheet0.png,65,1,30,30,0.5,0.5
helmet,t105,helmet_nvg,using_item,0,helmet/helmet_nvg-sheet1.png,images/helmet_nvg-sheet1.png,97,1,30,30,0.5,0.5
helmet,t1169,helmet_tuji0,idle_down,0,helmet/helmet_tuji0-sheet0.png,images/helmet_tuji0-sheet0.png,1,1,30,30,0.5,0.5
helmet,t1169,helmet_tuji0,idle_up,0,helmet/helmet_tuji0-sheet0.png,images/helmet_tuji0-sheet0.png,33,1,30,30,0.5,0.5
helmet,t1169,helmet_tuji0,idle_right,0,helmet/helmet_tuji0-sheet0.png,images/helmet_tuji0-sheet0.png,65,1,30,30,0.5,0.5
helmet,t1169,helmet_tuji0,idle_left,0,helmet/helmet_tuji0-sheet0.png,images/helmet_tuji0-sheet0.png,97,1,30,30,0.5,0.5
helmet,t1169,helmet_tuji0,run_down,0,helmet/helmet_tuji0-sheet0.png,images/helmet_tuji0-sheet0.png,1,33,30,30,0.5,0.5
helmet,t1169,helmet_tuji0,run_down,1,helmet/helmet_tuji0-sheet0.png,images/helmet_tuji0-sheet0.png,1,33,30,30,0.5,0.5
helmet,t1169,helmet_tuji0,run_down,2,helmet/helmet_tuji0-sheet0.png,images/helmet_tuji0-sheet0.png,33,33,30,30,0.5,0.5
helmet,t1169,helmet_tuji0,run_down,3,helmet/helmet_tuji0-sheet0.png,images/helmet_tuji0-sheet0.png,65,33,30,30,0.5,0.5
helmet,t1169,helmet_tuji0,run_up,0,helmet/helmet_tuji0-sheet0.png,images/helmet_tuji0-sheet0.png,97,33,30,30,0.5,0.5
helmet,t1169,helmet_tuji0,run_up,1,helmet/helmet_tuji0-sheet0.png,images/helmet_tuji0-sheet0.png,1,65,30,30,0.5,0.5
helmet,t1169,helmet_tuji0,run_up,2,helmet/helmet_tuji0-sheet0.png,images/helmet_tuji0-sheet0.png,97,33,30,30,0.5,0.5
helmet,t1169,helmet_tuji0,run_up,3,helmet/helmet_tuji0-sheet0.png,images/helmet_tuji0-sheet0.png,33,65,30,30,0.5,0.5
helmet,t1169,helmet_tuji0,run_right,0,helmet/helmet_tuji0-sheet0.png,images/helmet_tuji0-sheet0.png,65,65,30,30,0.5,0.5
helmet,t1169,helmet_tuji0,run_right,1,helmet/helmet_tuji0-sheet0.png,images/helmet_tuji0-sheet0.png,97,65,30,30,0.5,0.5
helmet,t1169,helmet_tuji0,run_right,2,helmet/helmet_tuji0-sheet0.png,images/helmet_tuji0-sheet0.png,97,65,30,30,0.5,0.5
helmet,t1169,helmet_tuji0,run_right,3,helmet/helmet_tuji0-sheet0.png,images/helmet_tuji0-sheet0.png,1,97,30,30,0.5,0.5
helmet,t1169,helmet_tuji0,run_left,0,helmet/helmet_tuji0-sheet0.png,images/helmet_tuji0-sheet0.png,33,97,30,30,0.5,0.5
helmet,t1169,helmet_tuji0,run_left,1,helmet/helmet_tuji0-sheet0.png,images/helmet_tuji0-sheet0.png,65,97,30,30,0.5,0.5
helmet,t1169,helmet_tuji0,run_left,2,helmet/helmet_tuji0-sheet0.png,images/helmet_tuji0-sheet0.png,65,97,30,30,0.5,0.5
helmet,t1169,helmet_tuji0,run_left,3,helmet/helmet_tuji0-sheet0.png,images/helmet_tuji0-sheet0.png,97,97,30,30,0.5,0.5
helmet,t1169,helmet_tuji0,axe_up,0,helmet/helmet_tuji0-sheet0.png,images/helmet_tuji0-sheet0.png,33,65,30,30,0.5,0.5
helmet,t1169,helmet_tuji0,axe_up,1,helmet/helmet_tuji0-sheet1.png,images/helmet_tuji0-sheet1.png,1,1,30,30,0.5,0.5
helmet,t1169,helmet_tuji0,axe_up,2,helmet/helmet_tuji0-sheet0.png,images/helmet_tuji0-sheet0.png,33,65,30,30,0.5,0.5
helmet,t1169,helmet_tuji0,axe_down,0,helmet/helmet_tuji0-sheet1.png,images/helmet_tuji0-sheet1.png,33,1,30,30,0.5,0.5
helmet,t1169,helmet_tuji0,axe_down,1,helmet/helmet_tuji0-sheet1.png,images/helmet_tuji0-sheet1.png,65,1,30,30,0.5,0.5
helmet,t1169,helmet_tuji0,axe_down,2,helmet/helmet_tuji0-sheet1.png,images/helmet_tuji0-sheet1.png,33,1,30,30,0.5,0.5
helmet,t1169,helmet_tuji0,axe_left,0,helmet/helmet_tuji0-sheet1.png,images/helmet_tuji0-sheet1.png,97,1,30,30,0.5,0.5
helmet,t1169,helmet_tuji0,axe_right,0,helmet/helmet_tuji0-sheet1.png,images/helmet_tuji0-sheet1.png,1,33,30,30,0.5,0.5
helmet,t1169,helmet_tuji0,pistol_up,0,helmet/helmet_tuji0-sheet0.png,images/helmet_tuji0-sheet0.png,33,65,30,30,0.5,0.5
helmet,t1169,helmet_tuji0,pistol_down,0,helmet/helmet_tuji0-sheet1.png,images/helmet_tuji0-sheet1.png,33,33,30,30,0.5,0.5
helmet,t1169,helmet_tuji0,pistol_left,0,helmet/helmet_tuji0-sheet1.png,images/helmet_tuji0-sheet1.png,97,1,30,30,0.5,0.5
helmet,t1169,helmet_tuji0,pistol_right,0,helmet/helmet_tuji0-sheet1.png,images/helmet_tuji0-sheet1.png,1,33,30,30,0.5,0.5
helmet,t1169,helmet_tuji0,using_item,0,helmet/helmet_tuji0-sheet1.png,images/helmet_tuji0-sheet1.png,65,33,30,30,0.5,0.5
helmet,t1170,helmet_tuji1,idle_down,0,helmet/helmet_tuji1-sheet0.png,images/helmet_tuji1-sheet0.png,1,1,30,30,0.5,0.5
helmet,t1170,helmet_tuji1,idle_up,0,helmet/helmet_tuji1-sheet0.png,images/helmet_tuji1-sheet0.png,33,1,30,30,0.5,0.5
helmet,t1170,helmet_tuji1,idle_right,0,helmet/helmet_tuji1-sheet0.png,images/helmet_tuji1-sheet0.png,65,1,30,30,0.5,0.5
helmet,t1170,helmet_tuji1,idle_left,0,helmet/helmet_tuji1-sheet0.png,images/helmet_tuji1-sheet0.png,97,1,30,30,0.5,0.5
helmet,t1170,helmet_tuji1,run_down,0,helmet/helmet_tuji1-sheet0.png,images/helmet_tuji1-sheet0.png,1,33,30,30,0.5,0.5
helmet,t1170,helmet_tuji1,run_down,1,helmet/helmet_tuji1-sheet0.png,images/helmet_tuji1-sheet0.png,1,33,30,30,0.5,0.5
helmet,t1170,helmet_tuji1,run_down,2,helmet/helmet_tuji1-sheet0.png,images/helmet_tuji1-sheet0.png,33,33,30,30,0.5,0.5
helmet,t1170,helmet_tuji1,run_down,3,helmet/helmet_tuji1-sheet0.png,images/helmet_tuji1-sheet0.png,65,33,30,30,0.5,0.5
helmet,t1170,helmet_tuji1,run_up,0,helmet/helmet_tuji1-sheet0.png,images/helmet_tuji1-sheet0.png,97,33,30,30,0.5,0.5
helmet,t1170,helmet_tuji1,run_up,1,helmet/helmet_tuji1-sheet0.png,images/helmet_tuji1-sheet0.png,1,65,30,30,0.5,0.5
helmet,t1170,helmet_tuji1,run_up,2,helmet/helmet_tuji1-sheet0.png,images/helmet_tuji1-sheet0.png,97,33,30,30,0.5,0.5
helmet,t1170,helmet_tuji1,run_up,3,helmet/helmet_tuji1-sheet0.png,images/helmet_tuji1-sheet0.png,33,65,30,30,0.5,0.5
helmet,t1170,helmet_tuji1,run_right,0,helmet/helmet_tuji1-sheet0.png,images/helmet_tuji1-sheet0.png,65,65,30,30,0.5,0.5
helmet,t1170,helmet_tuji1,run_right,1,helmet/helmet_tuji1-sheet0.png,images/helmet_tuji1-sheet0.png,97,65,30,30,0.5,0.5
helmet,t1170,helmet_tuji1,run_right,2,helmet/helmet_tuji1-sheet0.png,images/helmet_tuji1-sheet0.png,97,65,30,30,0.5,0.5
helmet,t1170,helmet_tuji1,run_right,3,helmet/helmet_tuji1-sheet0.png,images/helmet_tuji1-sheet0.png,1,97,30,30,0.5,0.5
helmet,t1170,helmet_tuji1,run_left,0,helmet/helmet_tuji1-sheet0.png,images/helmet_tuji1-sheet0.png,33,97,30,30,0.5,0.5
helmet,t1170,helmet_tuji1,run_left,1,helmet/helmet_tuji1-sheet0.png,images/helmet_tuji1-sheet0.png,65,97,30,30,0.5,0.5
helmet,t1170,helmet_tuji1,run_left,2,helmet/helmet_tuji1-sheet0.png,images/helmet_tuji1-sheet0.png,65,97,30,30,0.5,0.5
helmet,t1170,helmet_tuji1,run_left,3,helmet/helmet_tuji1-sheet0.png,images/helmet_tuji1-sheet0.png,97,97,30,30,0.5,0.5
helmet,t1170,helmet_tuji1,axe_up,0,helmet/helmet_tuji1-sheet0.png,images/helmet_tuji1-sheet0.png,33,65,30,30,0.5,0.5
helmet,t1170,helmet_tuji1,axe_up,1,helmet/helmet_tuji1-sheet1.png,images/helmet_tuji1-sheet1.png,1,1,30,30,0.5,0.5
helmet,t1170,helmet_tuji1,axe_up,2,helmet/helmet_tuji1-sheet0.png,images/helmet_tuji1-sheet0.png,33,65,30,30,0.5,0.5
helmet,t1170,helmet_tuji1,axe_down,0,helmet/helmet_tuji1-sheet1.png,images/helmet_tuji1-sheet1.png,33,1,30,30,0.5,0.5
helmet,t1170,helmet_tuji1,axe_down,1,helmet/helmet_tuji1-sheet1.png,images/helmet_tuji1-sheet1.png,65,1,30,30,0.5,0.5
helmet,t1170,helmet_tuji1,axe_down,2,helmet/helmet_tuji1-sheet1.png,images/helmet_tuji1-sheet1.png,33,1,30,30,0.5,0.5
helmet,t1170,helmet_tuji1,axe_left,0,helmet/helmet_tuji1-sheet1.png,images/helmet_tuji1-sheet1.png,97,1,30,30,0.5,0.5
helmet,t1170,helmet_tuji1,axe_right,0,helmet/helmet_tuji1-sheet1.png,images/helmet_tuji1-sheet1.png,1,33,30,30,0.5,0.5
helmet,t1170,helmet_tuji1,pistol_up,0,helmet/helmet_tuji1-sheet0.png,images/helmet_tuji1-sheet0.png,33,65,30,30,0.5,0.5
helmet,t1170,helmet_tuji1,pistol_down,0,helmet/helmet_tuji1-sheet1.png,images/helmet_tuji1-sheet1.png,33,33,30,30,0.5,0.5
helmet,t1170,helmet_tuji1,pistol_left,0,helmet/helmet_tuji1-sheet1.png,images/helmet_tuji1-sheet1.png,97,1,30,30,0.5,0.5
helmet,t1170,helmet_tuji1,pistol_right,0,helmet/helmet_tuji1-sheet1.png,images/helmet_tuji1-sheet1.png,1,33,30,30,0.5,0.5
helmet,t1170,helmet_tuji1,using_item,0,helmet/helmet_tuji1-sheet1.png,images/helmet_tuji1-sheet1.png,65,33,30,30,0.5,0.5
helmet,t1171,helmet_tuji2,idle_down,0,helmet/helmet_tuji2-sheet0.png,images/helmet_tuji2-sheet0.png,1,1,30,30,0.5,0.5
helmet,t1171,helmet_tuji2,idle_up,0,helmet/helmet_tuji2-sheet0.png,images/helmet_tuji2-sheet0.png,33,1,30,30,0.5,0.5
helmet,t1171,helmet_tuji2,idle_right,0,helmet/helmet_tuji2-sheet0.png,images/helmet_tuji2-sheet0.png,65,1,30,30,0.5,0.5
helmet,t1171,helmet_tuji2,idle_left,0,helmet/helmet_tuji2-sheet0.png,images/helmet_tuji2-sheet0.png,97,1,30,30,0.5,0.5
helmet,t1171,helmet_tuji2,run_down,0,helmet/helmet_tuji2-sheet0.png,images/helmet_tuji2-sheet0.png,1,33,30,30,0.5,0.5
helmet,t1171,helmet_tuji2,run_down,1,helmet/helmet_tuji2-sheet0.png,images/helmet_tuji2-sheet0.png,1,33,30,30,0.5,0.5
helmet,t1171,helmet_tuji2,run_down,2,helmet/helmet_tuji2-sheet0.png,images/helmet_tuji2-sheet0.png,33,33,30,30,0.5,0.5
helmet,t1171,helmet_tuji2,run_down,3,helmet/helmet_tuji2-sheet0.png,images/helmet_tuji2-sheet0.png,65,33,30,30,0.5,0.5
helmet,t1171,helmet_tuji2,run_up,0,helmet/helmet_tuji2-sheet0.png,images/helmet_tuji2-sheet0.png,97,33,30,30,0.5,0.5
helmet,t1171,helmet_tuji2,run_up,1,helmet/helmet_tuji2-sheet0.png,images/helmet_tuji2-sheet0.png,1,65,30,30,0.5,0.5
helmet,t1171,helmet_tuji2,run_up,2,helmet/helmet_tuji2-sheet0.png,images/helmet_tuji2-sheet0.png,97,33,30,30,0.5,0.5
helmet,t1171,helmet_tuji2,run_up,3,helmet/helmet_tuji2-sheet0.png,images/helmet_tuji2-sheet0.png,33,65,30,30,0.5,0.5
helmet,t1171,helmet_tuji2,run_right,0,helmet/helmet_tuji2-sheet0.png,images/helmet_tuji2-sheet0.png,65,65,30,30,0.5,0.5
helmet,t1171,helmet_tuji2,run_right,1,helmet/helmet_tuji2-sheet0.png,images/helmet_tuji2-sheet0.png,97,65,30,30,0.5,0.5
helmet,t1171,helmet_tuji2,run_right,2,helmet/helmet_tuji2-sheet0.png,images/helmet_tuji2-sheet0.png,97,65,30,30,0.5,0.5
helmet,t1171,helmet_tuji2,run_right,3,helmet/helmet_tuji2-sheet0.png,images/helmet_tuji2-sheet0.png,1,97,30,30,0.5,0.5
helmet,t1171,helmet_tuji2,run_left,0,helmet/helmet_tuji2-sheet0.png,images/helmet_tuji2-sheet0.png,33,97,30,30,0.5,0.5
helmet,t1171,helmet_tuji2,run_left,1,helmet/helmet_tuji2-sheet0.png,images/helmet_tuji2-sheet0.png,65,97,30,30,0.5,0.5
helmet,t1171,helmet_tuji2,run_left,2,helmet/helmet_tuji2-sheet0.png,images/helmet_tuji2-sheet0.png,65,97,30,30,0.5,0.5
helmet,t1171,helmet_tuji2,run_left,3,helmet/helmet_tuji2-sheet0.png,images/helmet_tuji2-sheet0.png,97,97,30,30,0.5,0.5
helmet,t1171,helmet_tuji2,axe_up,0,helmet/helmet_tuji2-sheet0.png,images/helmet_tuji2-sheet0.png,33,65,30,30,0.5,0.5
helmet,t1171,helmet_tuji2,axe_up,1,helmet/helmet_tuji2-sheet1.png,images/helmet_tuji2-sheet1.png,1,1,30,30,0.5,0.5
helmet,t1171,helmet_tuji2,axe_up,2,helmet/helmet_tuji2-sheet0.png,images/helmet_tuji2-sheet0.png,33,65,30,30,0.5,0.5
helmet,t1171,helmet_tuji2,axe_down,0,helmet/helmet_tuji2-sheet1.png,images/helmet_tuji2-sheet1.png,33,1,30,30,0.5,0.5
helmet,t1171,helmet_tuji2,axe_down,1,helmet/helmet_tuji2-sheet1.png,images/helmet_tuji2-sheet1.png,65,1,30,30,0.5,0.5
helmet,t1171,helmet_tuji2,axe_down,2,helmet/helmet_tuji2-sheet1.png,images/helmet_tuji2-sheet1.png,33,1,30,30,0.5,0.5
helmet,t1171,helmet_tuji2,axe_left,0,helmet/helmet_tuji2-sheet1.png,images/helmet_tuji2-sheet1.png,97,1,30,30,0.5,0.5
helmet,t1171,helmet_tuji2,axe_right,0,helmet/helmet_tuji2-sheet1.png,images/helmet_tuji2-sheet1.png,1,33,30,30,0.5,0.5
helmet,t1171,helmet_tuji2,pistol_up,0,helmet/helmet_tuji2-sheet0.png,images/helmet_tuji2-sheet0.png,33,65,30,30,0.5,0.5
helmet,t1171,helmet_tuji2,pistol_down,0,helmet/helmet_tuji2-sheet1.png,images/helmet_tuji2-sheet1.png,33,33,30,30,0.5,0.5
helmet,t1171,helmet_tuji2,pistol_left,0,helmet/helmet_tuji2-sheet1.png,images/helmet_tuji2-sheet1.png,97,1,30,30,0.5,0.5
helmet,t1171,helmet_tuji2,pistol_right,0,helmet/helmet_tuji2-sheet1.png,images/helmet_tuji2-sheet1.png,1,33,30,30,0.5,0.5
helmet,t1171,helmet_tuji2,using_item,0,helmet/helmet_tuji2-sheet1.png,images/helmet_tuji2-sheet1.png,65,33,30,30,0.5,0.5
helmet,t1172,helmet_tuji3,idle_down,0,helmet/helmet_tuji3-sheet0.png,images/helmet_tuji3-sheet0.png,1,1,30,30,0.5,0.5
helmet,t1172,helmet_tuji3,idle_up,0,helmet/helmet_tuji3-sheet0.png,images/helmet_tuji3-sheet0.png,33,1,30,30,0.5,0.5
helmet,t1172,helmet_tuji3,idle_right,0,helmet/helmet_tuji3-sheet0.png,images/helmet_tuji3-sheet0.png,65,1,30,30,0.5,0.5
helmet,t1172,helmet_tuji3,idle_left,0,helmet/helmet_tuji3-sheet0.png,images/helmet_tuji3-sheet0.png,97,1,30,30,0.5,0.5
helmet,t1172,helmet_tuji3,run_down,0,helmet/helmet_tuji3-sheet0.png,images/helmet_tuji3-sheet0.png,1,33,30,30,0.5,0.5
helmet,t1172,helmet_tuji3,run_down,1,helmet/helmet_tuji3-sheet0.png,images/helmet_tuji3-sheet0.png,1,33,30,30,0.5,0.5
helmet,t1172,helmet_tuji3,run_down,2,helmet/helmet_tuji3-sheet0.png,images/helmet_tuji3-sheet0.png,33,33,30,30,0.5,0.5
helmet,t1172,helmet_tuji3,run_down,3,helmet/helmet_tuji3-sheet0.png,images/helmet_tuji3-sheet0.png,65,33,30,30,0.5,0.5
helmet,t1172,helmet_tuji3,run_up,0,helmet/helmet_tuji3-sheet0.png,images/helmet_tuji3-sheet0.png,97,33,30,30,0.5,0.5
helmet,t1172,helmet_tuji3,run_up,1,helmet/helmet_tuji3-sheet0.png,images/helmet_tuji3-sheet0.png,1,65,30,30,0.5,0.5
helmet,t1172,helmet_tuji3,run_up,2,helmet/helmet_tuji3-sheet0.png,images/helmet_tuji3-sheet0.png,97,33,30,30,0.5,0.5
helmet,t1172,helmet_tuji3,run_up,3,helmet/helmet_tuji3-sheet0.png,images/helmet_tuji3-sheet0.png,33,65,30,30,0.5,0.5
helmet,t1172,helmet_tuji3,run_right,0,helmet/helmet_tuji3-sheet0.png,images/helmet_tuji3-sheet0.png,65,65,30,30,0.5,0.5
helmet,t1172,helmet_tuji3,run_right,1,helmet/helmet_tuji3-sheet0.png,images/helmet_tuji3-sheet0.png,97,65,30,30,0.5,0.5
helmet,t1172,helmet_tuji3,run_right,2,helmet/helmet_tuji3-sheet0.png,images/helmet_tuji3-sheet0.png,97,65,30,30,0.5,0.5
helmet,t1172,helmet_tuji3,run_right,3,helmet/helmet_tuji3-sheet0.png,images/helmet_tuji3-sheet0.png,1,97,30,30,0.5,0.5
helmet,t1172,helmet_tuji3,run_left,0,helmet/helmet_tuji3-sheet0.png,images/helmet_tuji3-sheet0.png,33,97,30,30,0.5,0.5
helmet,t1172,helmet_tuji3,run_left,1,helmet/helmet_tuji3-sheet0.png,images/helmet_tuji3-sheet0.png,65,97,30,30,0.5,0.5
helmet,t1172,helmet_tuji3,run_left,2,helmet/helmet_tuji3-sheet0.png,images/helmet_tuji3-sheet0.png,65,97,30,30,0.5,0.5
helmet,t1172,helmet_tuji3,run_left,3,helmet/helmet_tuji3-sheet0.png,images/helmet_tuji3-sheet0.png,97,97,30,30,0.5,0.5
helmet,t1172,helmet_tuji3,axe_up,0,helmet/helmet_tuji3-sheet0.png,images/helmet_tuji3-sheet0.png,33,65,30,30,0.5,0.5
helmet,t1172,helmet_tuji3,axe_up,1,helmet/helmet_tuji3-sheet1.png,images/helmet_tuji3-sheet1.png,1,1,30,30,0.5,0.5
helmet,t1172,helmet_tuji3,axe_up,2,helmet/helmet_tuji3-sheet0.png,images/helmet_tuji3-sheet0.png,33,65,30,30,0.5,0.5
helmet,t1172,helmet_tuji3,axe_down,0,helmet/helmet_tuji3-sheet1.png,images/helmet_tuji3-sheet1.png,33,1,30,30,0.5,0.5
helmet,t1172,helmet_tuji3,axe_down,1,helmet/helmet_tuji3-sheet1.png,images/helmet_tuji3-sheet1.png,65,1,30,30,0.5,0.5
helmet,t1172,helmet_tuji3,axe_down,2,helmet/helmet_tuji3-sheet1.png,images/helmet_tuji3-sheet1.png,33,1,30,30,0.5,0.5
helmet,t1172,helmet_tuji3,axe_left,0,helmet/helmet_tuji3-sheet1.png,images/helmet_tuji3-sheet1.png,97,1,30,30,0.5,0.5
helmet,t1172,helmet_tuji3,axe_right,0,helmet/helmet_tuji3-sheet1.png,images/helmet_tuji3-sheet1.png,1,33,30,30,0.5,0.5
helmet,t1172,helmet_tuji3,pistol_up,0,helmet/helmet_tuji3-sheet0.png,images/helmet_tuji3-sheet0.png,33,65,30,30,0.5,0.5
helmet,t1172,helmet_tuji3,pistol_down,0,helmet/helmet_tuji3-sheet1.png,images/helmet_tuji3-sheet1.png,33,33,30,30,0.5,0.5
helmet,t1172,helmet_tuji3,pistol_left,0,helmet/helmet_tuji3-sheet1.png,images/helmet_tuji3-sheet1.png,97,1,30,30,0.5,0.5
helmet,t1172,helmet_tuji3,pistol_right,0,helmet/helmet_tuji3-sheet1.png,images/helmet_tuji3-sheet1.png,1,33,30,30,0.5,0.5
helmet,t1172,helmet_tuji3,using_item,0,helmet/helmet_tuji3-sheet1.png,images/helmet_tuji3-sheet1.png,65,33,30,30,0.5,0.5
helmet,t144,pilot_helmet,idle_down,0,helmet/pilot_helmet-sheet0.png,images/pilot_helmet-sheet0.png,1,1,30,30,0.5,0.5
helmet,t144,pilot_helmet,idle_up,0,helmet/pilot_helmet-sheet0.png,images/pilot_helmet-sheet0.png,33,1,30,30,0.5,0.5
helmet,t144,pilot_helmet,idle_right,0,helmet/pilot_helmet-sheet0.png,images/pilot_helmet-sheet0.png,65,1,30,30,0.5,0.5
helmet,t144,pilot_helmet,idle_left,0,helmet/pilot_helmet-sheet0.png,images/pilot_helmet-sheet0.png,97,1,30,30,0.5,0.5
helmet,t144,pilot_helmet,run_down,0,helmet/pilot_helmet-sheet0.png,images/pilot_helmet-sheet0.png,1,33,30,30,0.5,0.5
helmet,t144,pilot_helmet,run_down,1,helmet/pilot_helmet-sheet0.png,images/pilot_helmet-sheet0.png,1,33,30,30,0.5,0.5
helmet,t144,pilot_helmet,run_down,2,helmet/pilot_helmet-sheet0.png,images/pilot_helmet-sheet0.png,33,33,30,30,0.5,0.5
helmet,t144,pilot_helmet,run_down,3,helmet/pilot_helmet-sheet0.png,images/pilot_helmet-sheet0.png,65,33,30,30,0.5,0.5
helmet,t144,pilot_helmet,run_up,0,helmet/pilot_helmet-sheet0.png,images/pilot_helmet-sheet0.png,97,33,30,30,0.5,0.5
helmet,t144,pilot_helmet,run_up,1,helmet/pilot_helmet-sheet0.png,images/pilot_helmet-sheet0.png,1,65,30,30,0.5,0.5
helmet,t144,pilot_helmet,run_up,2,helmet/pilot_helmet-sheet0.png,images/pilot_helmet-sheet0.png,97,33,30,30,0.5,0.5
helmet,t144,pilot_helmet,run_up,3,helmet/pilot_helmet-sheet0.png,images/pilot_helmet-sheet0.png,33,65,30,30,0.5,0.5
helmet,t144,pilot_helmet,run_right,0,helmet/pilot_helmet-sheet0.png,images/pilot_helmet-sheet0.png,65,65,30,30,0.5,0.5
helmet,t144,pilot_helmet,run_right,1,helmet/pilot_helmet-sheet0.png,images/pilot_helmet-sheet0.png,97,65,30,30,0.5,0.5
helmet,t144,pilot_helmet,run_right,2,helmet/pilot_helmet-sheet0.png,images/pilot_helmet-sheet0.png,97,65,30,30,0.5,0.5
helmet,t144,pilot_helmet,run_right,3,helmet/pilot_helmet-sheet0.png,images/pilot_helmet-sheet0.png,1,97,30,30,0.5,0.5
helmet,t144,pilot_helmet,run_left,0,helmet/pilot_helmet-sheet0.png,images/pilot_helmet-sheet0.png,33,97,30,30,0.5,0.5
helmet,t144,pilot_helmet,run_left,1,helmet/pilot_helmet-sheet0.png,images/pilot_helmet-sheet0.png,65,97,30,30,0.5,0.5
helmet,t144,pilot_helmet,run_left,2,helmet/pilot_helmet-sheet0.png,images/pilot_helmet-sheet0.png,65,97,30,30,0.5,0.5
helmet,t144,pilot_helmet,run_left,3,helmet/pilot_helmet-sheet0.png,images/pilot_helmet-sheet0.png,97,97,30,30,0.5,0.5
helmet,t144,pilot_helmet,axe_up,0,helmet/pilot_helmet-sheet0.png,images/pilot_helmet-sheet0.png,33,65,30,30,0.5,0.5
helmet,t144,pilot_helmet,axe_down,0,helmet/pilot_helmet-sheet1.png,images/pilot_helmet-sheet1.png,1,1,30,30,0.5,0.5
helmet,t144,pilot_helmet,axe_down,1,helmet/pilot_helmet-sheet1.png,images/pilot_helmet-sheet1.png,33,1,30,30,0.5,0.5
helmet,t144,pilot_helmet,axe_down,2,helmet/pilot_helmet-sheet1.png,images/pilot_helmet-sheet1.png,1,1,30,30,0.5,0.5
helmet,t144,pilot_helmet,axe_left,0,helmet/pilot_helmet-sheet0.png,images/pilot_helmet-sheet0.png,97,1,30,30,0.5,0.5
helmet,t144,pilot_helmet,axe_right,0,helmet/pilot_helmet-sheet0.png,images/pilot_helmet-sheet0.png,65,1,30,30,0.5,0.5
helmet,t144,pilot_helmet,pistol_up,0,helmet/pilot_helmet-sheet0.png,images/pilot_helmet-sheet0.png,33,65,30,30,0.5,0.5
helmet,t144,pilot_helmet,pistol_down,0,helmet/pilot_helmet-sheet1.png,images/pilot_helmet-sheet1.png,1,1,30,30,0.5,0.5
helmet,t144,pilot_helmet,pistol_left,0,helmet/pilot_helmet-sheet0.png,images/pilot_helmet-sheet0.png,97,1,30,30,0.5,0.5
helmet,t144,pilot_helmet,pistol_right,0,helmet/pilot_helmet-sheet0.png,images/pilot_helmet-sheet0.png,65,1,30,30,0.5,0.5
helmet,t144,pilot_helmet,using_item,0,helmet/pilot_helmet-sheet1.png,images/pilot_helmet-sheet1.png,1,33,30,30,0.5,0.5
helmet,t1429,p45/helmet_nvg_p45,idle_down,0,helmet/helmet_nvg_p45-sheet0.png,images/p45/helmet_nvg_p45-sheet0.png,1,1,30,30,0.5,0.5
helmet,t1429,p45/helmet_nvg_p45,idle_up,0,helmet/helmet_nvg_p45-sheet0.png,images/p45/helmet_nvg_p45-sheet0.png,33,1,30,30,0.5,0.5
helmet,t1429,p45/helmet_nvg_p45,idle_right,0,helmet/helmet_nvg_p45-sheet0.png,images/p45/helmet_nvg_p45-sheet0.png,65,1,30,30,0.5,0.5
helmet,t1429,p45/helmet_nvg_p45,idle_left,0,helmet/helmet_nvg_p45-sheet0.png,images/p45/helmet_nvg_p45-sheet0.png,97,1,30,30,0.5,0.5
helmet,t1429,p45/helmet_nvg_p45,run_down,0,helmet/helmet_nvg_p45-sheet0.png,images/p45/helmet_nvg_p45-sheet0.png,1,33,30,30,0.5,0.5
helmet,t1429,p45/helmet_nvg_p45,run_down,1,helmet/helmet_nvg_p45-sheet0.png,images/p45/helmet_nvg_p45-sheet0.png,1,33,30,30,0.5,0.5
helmet,t1429,p45/helmet_nvg_p45,run_down,2,helmet/helmet_nvg_p45-sheet0.png,images/p45/helmet_nvg_p45-sheet0.png,33,33,30,30,0.5,0.5
helmet,t1429,p45/helmet_nvg_p45,run_down,3,helmet/helmet_nvg_p45-sheet0.png,images/p45/helmet_nvg_p45-sheet0.png,65,33,30,30,0.5,0.5
helmet,t1429,p45/helmet_nvg_p45,run_up,0,helmet/helmet_nvg_p45-sheet0.png,images/p45/helmet_nvg_p45-sheet0.png,97,33,30,30,0.5,0.5
helmet,t1429,p45/helmet_nvg_p45,run_up,1,helmet/helmet_nvg_p45-sheet0.png,images/p45/helmet_nvg_p45-sheet0.png,1,65,30,30,0.5,0.5
helmet,t1429,p45/helmet_nvg_p45,run_up,2,helmet/helmet_nvg_p45-sheet0.png,images/p45/helmet_nvg_p45-sheet0.png,97,33,30,30,0.5,0.5
helmet,t1429,p45/helmet_nvg_p45,run_up,3,helmet/helmet_nvg_p45-sheet0.png,images/p45/helmet_nvg_p45-sheet0.png,33,65,30,30,0.5,0.5
helmet,t1429,p45/helmet_nvg_p45,run_right,0,helmet/helmet_nvg_p45-sheet0.png,images/p45/helmet_nvg_p45-sheet0.png,65,65,30,30,0.5,0.5
helmet,t1429,p45/helmet_nvg_p45,run_right,1,helmet/helmet_nvg_p45-sheet0.png,images/p45/helmet_nvg_p45-sheet0.png,97,65,30,30,0.5,0.5
helmet,t1429,p45/helmet_nvg_p45,run_right,2,helmet/helmet_nvg_p45-sheet0.png,images/p45/helmet_nvg_p45-sheet0.png,97,65,30,30,0.5,0.5
helmet,t1429,p45/helmet_nvg_p45,run_right,3,helmet/helmet_nvg_p45-sheet0.png,images/p45/helmet_nvg_p45-sheet0.png,1,97,30,30,0.5,0.5
helmet,t1429,p45/helmet_nvg_p45,run_left,0,helmet/helmet_nvg_p45-sheet0.png,images/p45/helmet_nvg_p45-sheet0.png,33,97,30,30,0.5,0.5
helmet,t1429,p45/helmet_nvg_p45,run_left,1,helmet/helmet_nvg_p45-sheet0.png,images/p45/helmet_nvg_p45-sheet0.png,65,97,30,30,0.5,0.5
helmet,t1429,p45/helmet_nvg_p45,run_left,2,helmet/helmet_nvg_p45-sheet0.png,images/p45/helmet_nvg_p45-sheet0.png,65,97,30,30,0.5,0.5
helmet,t1429,p45/helmet_nvg_p45,run_left,3,helmet/helmet_nvg_p45-sheet0.png,images/p45/helmet_nvg_p45-sheet0.png,97,97,30,30,0.5,0.5
helmet,t1429,p45/helmet_nvg_p45,axe_up,0,helmet/helmet_nvg_p45-sheet0.png,images/p45/helmet_nvg_p45-sheet0.png,33,1,30,30,0.5,0.5
helmet,t1429,p45/helmet_nvg_p45,axe_down,0,helmet/helmet_nvg_p45-sheet1.png,images/p45/helmet_nvg_p45-sheet1.png,1,1,30,30,0.5,0.5
helmet,t1429,p45/helmet_nvg_p45,axe_down,1,helmet/helmet_nvg_p45-sheet1.png,images/p45/helmet_nvg_p45-sheet1.png,33,1,30,30,0.5,0.5
helmet,t1429,p45/helmet_nvg_p45,axe_down,2,helmet/helmet_nvg_p45-sheet1.png,images/p45/helmet_nvg_p45-sheet1.png,1,1,30,30,0.5,0.5
helmet,t1429,p45/helmet_nvg_p45,axe_left,0,helmet/helmet_nvg_p45-sheet0.png,images/p45/helmet_nvg_p45-sheet0.png,97,1,30,30,0.5,0.5
helmet,t1429,p45/helmet_nvg_p45,axe_right,0,helmet/helmet_nvg_p45-sheet0.png,images/p45/helmet_nvg_p45-sheet0.png,65,1,30,30,0.5,0.5
helmet,t1429,p45/helmet_nvg_p45,pistol_up,0,helmet/helmet_nvg_p45-sheet0.png,images/p45/helmet_nvg_p45-sheet0.png,33,1,30,30,0.5,0.5
helmet,t1429,p45/helmet_nvg_p45,pistol_down,0,helmet/helmet_nvg_p45-sheet1.png,images/p45/helmet_nvg_p45-sheet1.png,65,1,30,30,0.5,0.5
helmet,t1429,p45/helmet_nvg_p45,pistol_left,0,helmet/helmet_nvg_p45-sheet0.png,images/p45/helmet_nvg_p45-sheet0.png,97,1,30,30,0.5,0.5
helmet,t1429,p45/helmet_nvg_p45,pistol_right,0,helmet/helmet_nvg_p45-sheet0.png,images/p45/helmet_nvg_p45-sheet0.png,65,1,30,30,0.5,0.5
helmet,t1429,p45/helmet_nvg_p45,using_item,0,helmet/helmet_nvg_p45-sheet1.png,images/p45/helmet_nvg_p45-sheet1.png,97,1,30,30,0.5,0.5
helmet,t1431,p45/helmet_tuji2_p45,idle_down,0,helmet/helmet_tuji2_p45-sheet0.png,images/p45/helmet_tuji2_p45-sheet0.png,1,1,30,30,0.5,0.5
helmet,t1431,p45/helmet_tuji2_p45,idle_up,0,helmet/helmet_tuji2_p45-sheet0.png,images/p45/helmet_tuji2_p45-sheet0.png,33,1,30,30,0.5,0.5
helmet,t1431,p45/helmet_tuji2_p45,idle_right,0,helmet/helmet_tuji2_p45-sheet0.png,images/p45/helmet_tuji2_p45-sheet0.png,65,1,30,30,0.5,0.5
helmet,t1431,p45/helmet_tuji2_p45,idle_left,0,helmet/helmet_tuji2_p45-sheet0.png,images/p45/helmet_tuji2_p45-sheet0.png,97,1,30,30,0.5,0.5
helmet,t1431,p45/helmet_tuji2_p45,run_down,0,helmet/helmet_tuji2_p45-sheet0.png,images/p45/helmet_tuji2_p45-sheet0.png,1,33,30,30,0.5,0.5
helmet,t1431,p45/helmet_tuji2_p45,run_down,1,helmet/helmet_tuji2_p45-sheet0.png,images/p45/helmet_tuji2_p45-sheet0.png,1,33,30,30,0.5,0.5
helmet,t1431,p45/helmet_tuji2_p45,run_down,2,helmet/helmet_tuji2_p45-sheet0.png,images/p45/helmet_tuji2_p45-sheet0.png,33,33,30,30,0.5,0.5
helmet,t1431,p45/helmet_tuji2_p45,run_down,3,helmet/helmet_tuji2_p45-sheet0.png,images/p45/helmet_tuji2_p45-sheet0.png,65,33,30,30,0.5,0.5
helmet,t1431,p45/helmet_tuji2_p45,run_up,0,helmet/helmet_tuji2_p45-sheet0.png,images/p45/helmet_tuji2_p45-sheet0.png,97,33,30,30,0.5,0.5
helmet,t1431,p45/helmet_tuji2_p45,run_up,1,helmet/helmet_tuji2_p45-sheet0.png,images/p45/helmet_tuji2_p45-sheet0.png,1,65,30,30,0.5,0.5
helmet,t1431,p45/helmet_tuji2_p45,run_up,2,helmet/helmet_tuji2_p45-sheet0.png,images/p45/helmet_tuji2_p45-sheet0.png,97,33,30,30,0.5,0.5
helmet,t1431,p45/helmet_tuji2_p45,run_up,3,helmet/helmet_tuji2_p45-sheet0.png,images/p45/helmet_tuji2_p45-sheet0.png,33,65,30,30,0.5,0.5
helmet,t1431,p45/helmet_tuji2_p45,run_right,0,helmet/helmet_tuji2_p45-sheet0.png,images/p45/helmet_tuji2_p45-sheet0.png,65,65,30,30,0.5,0.5
helmet,t1431,p45/helmet_tuji2_p45,run_right,1,helmet/helmet_tuji2_p45-sheet0.png,images/p45/helmet_tuji2_p45-sheet0.png,97,65,30,30,0.5,0.5
helmet,t1431,p45/helmet_tuji2_p45,run_right,2,helmet/helmet_tuji2_p45-sheet0.png,images/p45/helmet_tuji2_p45-sheet0.png,97,65,30,30,0.5,0.5
helmet,t1431,p45/helmet_tuji2_p45,run_right,3,helmet/helmet_tuji2_p45-sheet0.png,images/p45/helmet_tuji2_p45-sheet0.png,1,97,30,30,0.5,0.5
helmet,t1431,p45/helmet_tuji2_p45,run_left,0,helmet/helmet_tuji2_p45-sheet0.png,images/p45/helmet_tuji2_p45-sheet0.png,33,97,30,30,0.5,0.5
helmet,t1431,p45/helmet_tuji2_p45,run_left,1,helmet/helmet_tuji2_p45-sheet0.png,images/p45/helmet_tuji2_p45-sheet0.png,65,97,30,30,0.5,0.5
helmet,t1431,p45/helmet_tuji2_p45,run_left,2,helmet/helmet_tuji2_p45-sheet0.png,images/p45/helmet_tuji2_p45-sheet0.png,65,97,30,30,0.5,0.5
helmet,t1431,p45/helmet_tuji2_p45,run_left,3,helmet/helmet_tuji2_p45-sheet0.png,images/p45/helmet_tuji2_p45-sheet0.png,97,97,30,30,0.5,0.5
helmet,t1431,p45/helmet_tuji2_p45,axe_up,0,helmet/helmet_tuji2_p45-sheet0.png,images/p45/helmet_tuji2_p45-sheet0.png,33,65,30,30,0.5,0.5
helmet,t1431,p45/helmet_tuji2_p45,axe_up,1,helmet/helmet_tuji2_p45-sheet1.png,images/p45/helmet_tuji2_p45-sheet1.png,1,1,30,30,0.5,0.5
helmet,t1431,p45/helmet_tuji2_p45,axe_up,2,helmet/helmet_tuji2_p45-sheet0.png,images/p45/helmet_tuji2_p45-sheet0.png,33,65,30,30,0.5,0.5
helmet,t1431,p45/helmet_tuji2_p45,axe_down,0,helmet/helmet_tuji2_p45-sheet1.png,images/p45/helmet_tuji2_p45-sheet1.png,33,1,30,30,0.5,0.5
helmet,t1431,p45/helmet_tuji2_p45,axe_down,1,helmet/helmet_tuji2_p45-sheet1.png,images/p45/helmet_tuji2_p45-sheet1.png,65,1,30,30,0.5,0.5
helmet,t1431,p45/helmet_tuji2_p45,axe_down,2,helmet/helmet_tuji2_p45-sheet1.png,images/p45/helmet_tuji2_p45-sheet1.png,33,1,30,30,0.5,0.5
helmet,t1431,p45/helmet_tuji2_p45,axe_left,0,helmet/helmet_tuji2_p45-sheet1.png,images/p45/helmet_tuji2_p45-sheet1.png,97,1,30,30,0.5,0.5
helmet,t1431,p45/helmet_tuji2_p45,axe_right,0,helmet/helmet_tuji2_p45-sheet1.png,images/p45/helmet_tuji2_p45-sheet1.png,1,33,30,30,0.5,0.5
helmet,t1431,p45/helmet_tuji2_p45,pistol_up,0,helmet/helmet_tuji2_p45-sheet0.png,images/p45/helmet_tuji2_p45-sheet0.png,33,65,30,30,0.5,0.5
helmet,t1431,p45/helmet_tuji2_p45,pistol_down,0,helmet/helmet_tuji2_p45-sheet1.png,images/p45/helmet_tuji2_p45-sheet1.png,33,33,30,30,0.5,0.5
helmet,t1431,p45/helmet_tuji2_p45,pistol_left,0,helmet/helmet_tuji2_p45-sheet1.png,images/p45/helmet_tuji2_p45-sheet1.png,97,1,30,30,0.5,0.5
helmet,t1431,p45/helmet_tuji2_p45,pistol_right,0,helmet/helmet_tuji2_p45-sheet1.png,images/p45/helmet_tuji2_p45-sheet1.png,1,33,30,30,0.5,0.5
helmet,t1431,p45/helmet_tuji2_p45,using_item,0,helmet/helmet_tuji2_p45-sheet1.png,images/p45/helmet_tuji2_p45-sheet1.png,65,33,30,30,0.5,0.5
helmet,t1432,p45/helmet_tuji3_p45,idle_down,0,helmet/helmet_tuji3_p45-sheet0.png,images/p45/helmet_tuji3_p45-sheet0.png,1,1,30,30,0.5,0.5
helmet,t1432,p45/helmet_tuji3_p45,idle_up,0,helmet/helmet_tuji3_p45-sheet0.png,images/p45/helmet_tuji3_p45-sheet0.png,33,1,30,30,0.5,0.5
helmet,t1432,p45/helmet_tuji3_p45,idle_right,0,helmet/helmet_tuji3_p45-sheet0.png,images/p45/helmet_tuji3_p45-sheet0.png,65,1,30,30,0.5,0.5
helmet,t1432,p45/helmet_tuji3_p45,idle_left,0,helmet/helmet_tuji3_p45-sheet0.png,images/p45/helmet_tuji3_p45-sheet0.png,97,1,30,30,0.5,0.5
helmet,t1432,p45/helmet_tuji3_p45,run_down,0,helmet/helmet_tuji3_p45-sheet0.png,images/p45/helmet_tuji3_p45-sheet0.png,1,33,30,30,0.5,0.5
helmet,t1432,p45/helmet_tuji3_p45,run_down,1,helmet/helmet_tuji3_p45-sheet0.png,images/p45/helmet_tuji3_p45-sheet0.png,1,33,30,30,0.5,0.5
helmet,t1432,p45/helmet_tuji3_p45,run_down,2,helmet/helmet_tuji3_p45-sheet0.png,images/p45/helmet_tuji3_p45-sheet0.png,33,33,30,30,0.5,0.5
helmet,t1432,p45/helmet_tuji3_p45,run_down,3,helmet/helmet_tuji3_p45-sheet0.png,images/p45/helmet_tuji3_p45-sheet0.png,65,33,30,30,0.5,0.5
helmet,t1432,p45/helmet_tuji3_p45,run_up,0,helmet/helmet_tuji3_p45-sheet0.png,images/p45/helmet_tuji3_p45-sheet0.png,97,33,30,30,0.5,0.5
helmet,t1432,p45/helmet_tuji3_p45,run_up,1,helmet/helmet_tuji3_p45-sheet0.png,images/p45/helmet_tuji3_p45-sheet0.png,1,65,30,30,0.5,0.5
helmet,t1432,p45/helmet_tuji3_p45,run_up,2,helmet/helmet_tuji3_p45-sheet0.png,images/p45/helmet_tuji3_p45-sheet0.png,97,33,30,30,0.5,0.5
helmet,t1432,p45/helmet_tuji3_p45,run_up,3,helmet/helmet_tuji3_p45-sheet0.png,images/p45/helmet_tuji3_p45-sheet0.png,33,65,30,30,0.5,0.5
helmet,t1432,p45/helmet_tuji3_p45,run_right,0,helmet/helmet_tuji3_p45-sheet0.png,images/p45/helmet_tuji3_p45-sheet0.png,65,65,30,30,0.5,0.5
helmet,t1432,p45/helmet_tuji3_p45,run_right,1,helmet/helmet_tuji3_p45-sheet0.png,images/p45/helmet_tuji3_p45-sheet0.png,97,65,30,30,0.5,0.5
helmet,t1432,p45/helmet_tuji3_p45,run_right,2,helmet/helmet_tuji3_p45-sheet0.png,images/p45/helmet_tuji3_p45-sheet0.png,97,65,30,30,0.5,0.5
helmet,t1432,p45/helmet_tuji3_p45,run_right,3,helmet/helmet_tuji3_p45-sheet0.png,images/p45/helmet_tuji3_p45-sheet0.png,1,97,30,30,0.5,0.5
helmet,t1432,p45/helmet_tuji3_p45,run_left,0,helmet/helmet_tuji3_p45-sheet0.png,images/p45/helmet_tuji3_p45-sheet0.png,33,97,30,30,0.5,0.5
helmet,t1432,p45/helmet_tuji3_p45,run_left,1,helmet/helmet_tuji3_p45-sheet0.png,images/p45/helmet_tuji3_p45-sheet0.png,65,97,30,30,0.5,0.5
helmet,t1432,p45/helmet_tuji3_p45,run_left,2,helmet/helmet_tuji3_p45-sheet0.png,images/p45/helmet_tuji3_p45-sheet0.png,65,97,30,30,0.5,0.5
helmet,t1432,p45/helmet_tuji3_p45,run_left,3,helmet/helmet_tuji3_p45-sheet0.png,images/p45/helmet_tuji3_p45-sheet0.png,97,97,30,30,0.5,0.5
helmet,t1432,p45/helmet_tuji3_p45,axe_up,0,helmet/helmet_tuji3_p45-sheet0.png,images/p45/helmet_tuji3_p45-sheet0.png,33,65,30,30,0.5,0.5
helmet,t1432,p45/helmet_tuji3_p45,axe_up,1,helmet/helmet_tuji3_p45-sheet1.png,images/p45/helmet_tuji3_p45-sheet1.png,1,1,30,30,0.5,0.5
helmet,t1432,p45/helmet_tuji3_p45,axe_up,2,helmet/helmet_tuji3_p45-sheet0.png,images/p45/helmet_tuji3_p45-sheet0.png,33,65,30,30,0.5,0.5
helmet,t1432,p45/helmet_tuji3_p45,axe_down,0,helmet/helmet_tuji3_p45-sheet1.png,images/p45/helmet_tuji3_p45-sheet1.png,33,1,30,30,0.5,0.5
helmet,t1432,p45/helmet_tuji3_p45,axe_down,1,helmet/helmet_tuji3_p45-sheet1.png,images/p45/helmet_tuji3_p45-sheet1.png,65,1,30,30,0.5,0.5
helmet,t1432,p45/helmet_tuji3_p45,axe_down,2,helmet/helmet_tuji3_p45-sheet1.png,images/p45/helmet_tuji3_p45-sheet1.png,33,1,30,30,0.5,0.5
helmet,t1432,p45/helmet_tuji3_p45,axe_left,0,helmet/helmet_tuji3_p45-sheet1.png,images/p45/helmet_tuji3_p45-sheet1.png,97,1,30,30,0.5,0.5
helmet,t1432,p45/helmet_tuji3_p45,axe_right,0,helmet/helmet_tuji3_p45-sheet1.png,images/p45/helmet_tuji3_p45-sheet1.png,1,33,30,30,0.5,0.5
helmet,t1432,p45/helmet_tuji3_p45,pistol_up,0,helmet/helmet_tuji3_p45-sheet0.png,images/p45/helmet_tuji3_p45-sheet0.png,33,65,30,30,0.5,0.5
helmet,t1432,p45/helmet_tuji3_p45,pistol_down,0,helmet/helmet_tuji3_p45-sheet1.png,images/p45/helmet_tuji3_p45-sheet1.png,33,33,30,30,0.5,0.5
helmet,t1432,p45/helmet_tuji3_p45,pistol_left,0,helmet/helmet_tuji3_p45-sheet1.png,images/p45/helmet_tuji3_p45-sheet1.png,97,1,30,30,0.5,0.5
helmet,t1432,p45/helmet_tuji3_p45,pistol_right,0,helmet/helmet_tuji3_p45-sheet1.png,images/p45/helmet_tuji3_p45-sheet1.png,1,33,30,30,0.5,0.5
helmet,t1432,p45/helmet_tuji3_p45,using_item,0,helmet/helmet_tuji3_p45-sheet1.png,images/p45/helmet_tuji3_p45-sheet1.png,65,33,30,30,0.5,0.5
accessory,t92,headlamp,idle_down,0,accessory/headlamp-sheet0.png,images/headlamp-sheet0.png,1,1,30,30,0.5,0.5
accessory,t92,headlamp,idle_up,0,accessory/headlamp-sheet0.png,images/headlamp-sheet0.png,33,1,30,30,0.5,0.5
accessory,t92,headlamp,idle_right,0,accessory/headlamp-sheet0.png,images/headlamp-sheet0.png,65,1,30,30,0.5,0.5
accessory,t92,headlamp,idle_left,0,accessory/headlamp-sheet0.png,images/headlamp-sheet0.png,97,1,30,30,0.5,0.5
accessory,t92,headlamp,run_down,0,accessory/headlamp-sheet0.png,images/headlamp-sheet0.png,1,33,30,30,0.5,0.5
accessory,t92,headlamp,run_down,1,accessory/headlamp-sheet0.png,images/headlamp-sheet0.png,1,33,30,30,0.5,0.5
accessory,t92,headlamp,run_down,2,accessory/headlamp-sheet0.png,images/headlamp-sheet0.png,33,33,30,30,0.5,0.5
accessory,t92,headlamp,run_down,3,accessory/headlamp-sheet0.png,images/headlamp-sheet0.png,65,33,30,30,0.5,0.5
accessory,t92,headlamp,run_up,0,accessory/headlamp-sheet0.png,images/headlamp-sheet0.png,97,33,30,30,0.5,0.5
accessory,t92,headlamp,run_up,1,accessory/headlamp-sheet0.png,images/headlamp-sheet0.png,1,65,30,30,0.5,0.5
accessory,t92,headlamp,run_up,2,accessory/headlamp-sheet0.png,images/headlamp-sheet0.png,97,33,30,30,0.5,0.5
accessory,t92,headlamp,run_up,3,accessory/headlamp-sheet0.png,images/headlamp-sheet0.png,33,65,30,30,0.5,0.5
accessory,t92,headlamp,run_right,0,accessory/headlamp-sheet0.png,images/headlamp-sheet0.png,65,65,30,30,0.5,0.5
accessory,t92,headlamp,run_right,1,accessory/headlamp-sheet0.png,images/headlamp-sheet0.png,97,65,30,30,0.5,0.5
accessory,t92,headlamp,run_right,2,accessory/headlamp-sheet0.png,images/headlamp-sheet0.png,97,65,30,30,0.5,0.5
accessory,t92,headlamp,run_right,3,accessory/headlamp-sheet0.png,images/headlamp-sheet0.png,1,97,30,30,0.5,0.5
accessory,t92,headlamp,run_left,0,accessory/headlamp-sheet0.png,images/headlamp-sheet0.png,33,97,30,30,0.5,0.5
accessory,t92,headlamp,run_left,1,accessory/headlamp-sheet0.png,images/headlamp-sheet0.png,65,97,30,30,0.5,0.5
accessory,t92,headlamp,run_left,2,accessory/headlamp-sheet0.png,images/headlamp-sheet0.png,65,97,30,30,0.5,0.5
accessory,t92,headlamp,run_left,3,accessory/headlamp-sheet0.png,images/headlamp-sheet0.png,97,97,30,30,0.5,0.5
accessory,t92,headlamp,axe_up,0,accessory/headlamp-sheet0.png,images/headlamp-sheet0.png,33,1,30,30,0.5,0.5
accessory,t92,headlamp,axe_down,0,accessory/headlamp-sheet1.png,images/headlamp-sheet1.png,1,1,30,30,0.5,0.5
accessory,t92,headlamp,axe_down,1,accessory/headlamp-sheet1.png,images/headlamp-sheet1.png,33,1,30,30,0.5,0.5
accessory,t92,headlamp,axe_down,2,accessory/headlamp-sheet1.png,images/headlamp-sheet1.png,1,1,30,30,0.5,0.5
accessory,t92,headlamp,axe_left,0,accessory/headlamp-sheet1.png,images/headlamp-sheet1.png,65,1,30,30,0.5,0.5
accessory,t92,headlamp,axe_right,0,accessory/headlamp-sheet0.png,images/headlamp-sheet0.png,65,1,30,30,0.5,0.5
accessory,t92,headlamp,pistol_up,0,accessory/headlamp-sheet0.png,images/headlamp-sheet0.png,33,1,30,30,0.5,0.5
accessory,t92,headlamp,pistol_down,0,accessory/headlamp-sheet1.png,images/headlamp-sheet1.png,97,1,30,30,0.5,0.5
accessory,t92,headlamp,pistol_left,0,accessory/headlamp-sheet0.png,images/headlamp-sheet0.png,97,1,30,30,0.5,0.5
accessory,t92,headlamp,pistol_right,0,accessory/headlamp-sheet0.png,images/headlamp-sheet0.png,65,1,30,30,0.5,0.5
accessory,t92,headlamp,using_item,0,accessory/headlamp-sheet1.png,images/headlamp-sheet1.png,1,33,30,30,0.5,0.5
accessory,t1422,ws_helmet_2,idle_down,0,accessory/ws_helmet_2-sheet0.png,images/ws_helmet_2-sheet0.png,0,0,50,50,0.5,0.5
accessory,t1422,ws_helmet_2,idle_up,0,accessory/ws_helmet_2-sheet0.png,images/ws_helmet_2-sheet0.png,50,0,50,50,0.5,0.5
accessory,t1422,ws_helmet_2,idle_right,0,accessory/ws_helmet_2-sheet0.png,images/ws_helmet_2-sheet0.png,100,0,50,50,0.5,0.5
accessory,t1422,ws_helmet_2,idle_left,0,accessory/ws_helmet_2-sheet0.png,images/ws_helmet_2-sheet0.png,150,0,50,50,0.5,0.5
accessory,t1422,ws_helmet_2,run_down,0,accessory/ws_helmet_2-sheet0.png,images/ws_helmet_2-sheet0.png,0,50,50,50,0.5,0.5
accessory,t1422,ws_helmet_2,run_down,1,accessory/ws_helmet_2-sheet0.png,images/ws_helmet_2-sheet0.png,0,50,50,50,0.5,0.5
accessory,t1422,ws_helmet_2,run_down,2,accessory/ws_helmet_2-sheet0.png,images/ws_helmet_2-sheet0.png,50,50,50,50,0.5,0.5
accessory,t1422,ws_helmet_2,run_down,3,accessory/ws_helmet_2-sheet0.png,images/ws_helmet_2-sheet0.png,100,50,50,50,0.5,0.5
accessory,t1422,ws_helmet_2,run_up,0,accessory/ws_helmet_2-sheet0.png,images/ws_helmet_2-sheet0.png,150,50,50,50,0.5,0.5
accessory,t1422,ws_helmet_2,run_up,1,accessory/ws_helmet_2-sheet0.png,images/ws_helmet_2-sheet0.png,0,100,50,50,0.5,0.5
accessory,t1422,ws_helmet_2,run_up,2,accessory/ws_helmet_2-sheet0.png,images/ws_helmet_2-sheet0.png,150,50,50,50,0.5,0.5
accessory,t1422,ws_helmet_2,run_up,3,accessory/ws_helmet_2-sheet0.png,images/ws_helmet_2-sheet0.png,50,100,50,50,0.5,0.5
accessory,t1422,ws_helmet_2,run_right,0,accessory/ws_helmet_2-sheet0.png,images/ws_helmet_2-sheet0.png,100,100,50,50,0.5,0.5
accessory,t1422,ws_helmet_2,run_right,1,accessory/ws_helmet_2-sheet0.png,images/ws_helmet_2-sheet0.png,150,100,50,50,0.5,0.5
accessory,t1422,ws_helmet_2,run_right,2,accessory/ws_helmet_2-sheet0.png,images/ws_helmet_2-sheet0.png,150,100,50,50,0.5,0.5
accessory,t1422,ws_helmet_2,run_right,3,accessory/ws_helmet_2-sheet0.png,images/ws_helmet_2-sheet0.png,0,150,50,50,0.5,0.5
accessory,t1422,ws_helmet_2,run_left,0,accessory/ws_helmet_2-sheet0.png,images/ws_helmet_2-sheet0.png,50,150,50,50,0.5,0.5
accessory,t1422,ws_helmet_2,run_left,1,accessory/ws_helmet_2-sheet0.png,images/ws_helmet_2-sheet0.png,100,150,50,50,0.5,0.5
accessory,t1422,ws_helmet_2,run_left,2,accessory/ws_helmet_2-sheet0.png,images/ws_helmet_2-sheet0.png,100,150,50,50,0.5,0.5
accessory,t1422,ws_helmet_2,run_left,3,accessory/ws_helmet_2-sheet0.png,images/ws_helmet_2-sheet0.png,150,150,50,50,0.5,0.5
accessory,t1422,ws_helmet_2,axe_up,0,accessory/ws_helmet_2-sheet0.png,images/ws_helmet_2-sheet0.png,50,0,50,50,0.5,0.5
accessory,t1422,ws_helmet_2,axe_down,0,accessory/ws_helmet_2-sheet1.png,images/ws_helmet_2-sheet1.png,0,0,50,50,0.5,0.5
accessory,t1422,ws_helmet_2,axe_down,1,accessory/ws_helmet_2-sheet1.png,images/ws_helmet_2-sheet1.png,50,0,50,50,0.5,0.5
accessory,t1422,ws_helmet_2,axe_down,2,accessory/ws_helmet_2-sheet1.png,images/ws_helmet_2-sheet1.png,0,0,50,50,0.5,0.5
accessory,t1422,ws_helmet_2,axe_left,0,accessory/ws_helmet_2-sheet1.png,images/ws_helmet_2-sheet1.png,100,0,50,50,0.5,0.5
accessory,t1422,ws_helmet_2,axe_right,0,accessory/ws_helmet_2-sheet0.png,images/ws_helmet_2-sheet0.png,100,0,50,50,0.5,0.5
accessory,t1422,ws_helmet_2,pistol_up,0,accessory/ws_helmet_2-sheet0.png,images/ws_helmet_2-sheet0.png,50,0,50,50,0.5,0.5
accessory,t1422,ws_helmet_2,pistol_down,0,accessory/ws_helmet_2-sheet1.png,images/ws_helmet_2-sheet1.png,150,0,50,50,0.5,0.5
accessory,t1422,ws_helmet_2,pistol_left,0,accessory/ws_helmet_2-sheet0.png,images/ws_helmet_2-sheet0.png,150,0,50,50,0.5,0.5
accessory,t1422,ws_helmet_2,pistol_right,0,accessory/ws_helmet_2-sheet0.png,images/ws_helmet_2-sheet0.png,100,0,50,50,0.5,0.5
accessory,t1422,ws_helmet_2,using_item,0,accessory/ws_helmet_2-sheet1.png,images/ws_helmet_2-sheet1.png,0,50,50,50,0.5,0.5
